{"authorDailyContributionsMap":{"lowyanshuang":[{"date":"2022-01-31","commitResults":[{"hash":"72b47a35cd6e52cd6c0ad94cb015e382961c5275","messageTitle":"Improve coding and structure","messageBody":"","fileTypesAndContributionMap":{"gradle":{"insertions":1,"deletions":0},"txt":{"insertions":0,"deletions":3},"java":{"insertions":361,"deletions":197},"md":{"insertions":0,"deletions":33}}}]},{"date":"2022-02-02","commitResults":[{"hash":"635d1e32545147a2b1499e9d0b29bbace792fec8","messageTitle":"Level 10 - Add a basic GUI","messageBody":"","fileTypesAndContributionMap":{"gradle":{"insertions":15,"deletions":0},"fxml":{"insertions":35,"deletions":0},"java":{"insertions":279,"deletions":3}}}]},{"date":"2022-02-03","commitResults":[{"hash":"7ad43d09934b09cc19878548808d6e59af937aac","messageTitle":"Level 10 - Update GUI","messageBody":"","fileTypesAndContributionMap":{"fxml":{"insertions":5,"deletions":4},"java":{"insertions":99,"deletions":114}}},{"hash":"34c6dd5df5476957c994295c260b19aad6b7b4a4","messageTitle":"Resolve styling issue","messageBody":"","fileTypesAndContributionMap":{"java":{"insertions":54,"deletions":53}}}]},{"date":"2022-02-05","commitResults":[{"hash":"7268b3d0f27b5fefb2681b63dec9a8f880ad4bb3","messageTitle":"Update README.md","messageBody":"","fileTypesAndContributionMap":{"md":{"insertions":0,"deletions":2}}},{"hash":"96b2e406ab8ad24064da6b53b671e5d2ab571538","messageTitle":"Delete members directory","messageBody":"","tags":["v3.0"],"fileTypesAndContributionMap":{"md":{"insertions":0,"deletions":64}}}]},{"date":"2022-02-07","commitResults":[{"hash":"c07a3f4ab0c73eae4ec5740f62402ffcf45a5131","messageTitle":"Update build.gradle","messageBody":"","tags":["A-HigherCodingQuality"],"fileTypesAndContributionMap":{"gradle":{"insertions":1,"deletions":1}}}]},{"date":"2022-02-16","commitResults":[{"hash":"8780b2ca7debf327ce1fdcc19d9ceaaa96744dd4","messageTitle":"Update UserGuide.md and DeveloperGuide.md","messageBody":"","fileTypesAndContributionMap":{"md":{"insertions":100,"deletions":118}}},{"hash":"7b8b5605381455c79dcce58dcbc29c0d363e6479","messageTitle":"Delete unused files","messageBody":"","fileTypesAndContributionMap":{"md":{"insertions":0,"deletions":34}}},{"hash":"bee79fef89eb6dafdda7d888b1666dfda722ebef","messageTitle":"Remove aboutUs","messageBody":"","fileTypesAndContributionMap":{"md":{"insertions":0,"deletions":8}}},{"hash":"0ee95bed152641c7095f857a07ed85cc33c4d52f","messageTitle":"Update DeveloperGuide.md","messageBody":"","fileTypesAndContributionMap":{"md":{"insertions":16,"deletions":3}}},{"hash":"88e9a2c6107b18920a3989ddf887cd94f4a7887a","messageTitle":"Update UserGuide.md","messageBody":"","fileTypesAndContributionMap":{"md":{"insertions":4,"deletions":4}}},{"hash":"7d932e2a12ae44c28632df516c1cffdcd324a274","messageTitle":"Update README.md","messageBody":"","fileTypesAndContributionMap":{"md":{"insertions":81,"deletions":68}}},{"hash":"d5a4d1163c2397f298deafd4557ab6cfdab4d475","messageTitle":"Include product name of the wWindow and add in Ui.png","messageBody":"","fileTypesAndContributionMap":{"fxml":{"insertions":2,"deletions":0},"java":{"insertions":1,"deletions":0}}},{"hash":"fa382ba136d113f5ddc309175ac61404a6bab721","messageTitle":"Delete text-ui-test directory","messageBody":"","fileTypesAndContributionMap":{"txt":{"insertions":0,"deletions":0},"bat":{"insertions":0,"deletions":19},"sh":{"insertions":0,"deletions":23}}}]},{"date":"2022-02-17","commitResults":[{"hash":"be5a1a944eb90393419e7b7107066d9cf8caa0c9","messageTitle":"Update startup message and fix read storage issue.","messageBody":"","tags":["v4.0"],"fileTypesAndContributionMap":{"java":{"insertions":34,"deletions":1},"md":{"insertions":0,"deletions":10}}},{"hash":"9fda97682231927e588e2f12e9ad2f71ce898797","messageTitle":"Update README.md","messageBody":"","fileTypesAndContributionMap":{"md":{"insertions":1,"deletions":1}}},{"hash":"3fe492158b0de98fe6ba4498f623cbe7a1b436f1","messageTitle":"Update UserGuide.md","messageBody":"","fileTypesAndContributionMap":{"md":{"insertions":1,"deletions":1}}}]},{"date":"2022-02-18","commitResults":[{"hash":"d25b3cb1522f80df082bc4941e99688a1b55964f","messageTitle":"Update test files","messageBody":"","fileTypesAndContributionMap":{"java":{"insertions":9,"deletions":16}}}]}]},"authorFileTypeContributionMap":{"lowyanshuang":{"java":650,"md":162,"fxml":38,"sh":0,"bat":0,"gradle":17,"txt":0}},"authorContributionVariance":{"lowyanshuang":18074.271},"authorDisplayNameMap":{"lowyanshuang":"TIC4002-F18-5 LOW ..UANG"}}
