{"authorDailyContributionsMap":{"l-shihao":[{"date":"2022-01-23","commitResults":[{"hash":"e5c9f1d73fceb289f0ceb9167f3935b7f2f66391","messageTitle":"to merge branch-a-checkstyle","messageBody":"","fileTypesAndContributionMap":{"gradle":{"insertions":46,"deletions":0},"txt":{"insertions":6,"deletions":6},"java":{"insertions":288,"deletions":133},"bat":{"insertions":103,"deletions":0},"sh":{"insertions":0,"deletions":0}}}]},{"date":"2022-02-04","commitResults":[{"hash":"3b9a6b92596efe2f1504a58116c3b359a19f955b","messageTitle":"add .github/workflows/gradle.yml GH Action","messageBody":"","tags":["A-CI"],"fileTypesAndContributionMap":{"gradle":{"insertions":23,"deletions":2},"fxml":{"insertions":67,"deletions":0},"java":{"insertions":36,"deletions":6}}}]},{"date":"2022-02-10","commitResults":[{"hash":"1806fda3864681951e0a1089138b44f91b856993","messageTitle":"GUI Support; README update","messageBody":"","tags":["level-10"],"fileTypesAndContributionMap":{"gradle":{"insertions":2,"deletions":2},"txt":{"insertions":7,"deletions":6},"fxml":{"insertions":29,"deletions":14},"java":{"insertions":300,"deletions":66},"md":{"insertions":6,"deletions":0}}},{"hash":"a8602e1811dc456104e016d0ef6899772c670358","messageTitle":"fix README img link","messageBody":"","fileTypesAndContributionMap":{"md":{"insertions":1,"deletions":1}}},{"hash":"a905d45c17d22db41329e0328272e06f498fbd88","messageTitle":"fix README link; remove yml IO redirect","messageBody":"","fileTypesAndContributionMap":{"md":{"insertions":2,"deletions":1}}},{"hash":"d00d275a7af9cd3f2ea4b20e5ed812e1c23ae793","messageTitle":"fix checkstyle","messageBody":"","fileTypesAndContributionMap":{"java":{"insertions":1,"deletions":3}}},{"hash":"26b6b21e7137249b5f2a3c9af2f37429f4f57199","messageTitle":"Rename DLCreationCmd.java to DlCreationCmd.java","messageBody":"My local file is the correct name","fileTypesAndContributionMap":{"java":{"insertions":0,"deletions":0}}}]},{"date":"2022-02-12","commitResults":[{"hash":"87b7dc57cc37ff5d36f728eb3c125269f53552ad","messageTitle":"Fix css UI bug, replace emoji text to image; git ignore remove config/ for CI","messageBody":"","tags":["v0.5.0"],"fileTypesAndContributionMap":{"txt":{"insertions":7,"deletions":6},"fxml":{"insertions":20,"deletions":10},"java":{"insertions":16,"deletions":10},"sh":{"insertions":74,"deletions":0},"md":{"insertions":1,"deletions":1}}}]},{"date":"2022-02-17","commitResults":[{"hash":"d39ca45461041012b52904c96129348c3d910cc5","messageTitle":"support to add tags during adding task","messageBody":"","fileTypesAndContributionMap":{"txt":{"insertions":1,"deletions":0},"java":{"insertions":116,"deletions":7},"md":{"insertions":3,"deletions":1}}}]},{"date":"2022-02-19","commitResults":[{"hash":"f9e64c009cef67481da678fb8f829bf3d4b5f442","messageTitle":"Extension: C-Tagging","messageBody":"","tags":["C-Tagging","BCD-Extension"],"fileTypesAndContributionMap":{"txt":{"insertions":2,"deletions":1},"java":{"insertions":60,"deletions":5}}},{"hash":"740b224832b4aa42964627c377174ac1d2f74d0c","messageTitle":"Add docs/UI.png","messageBody":"","fileTypesAndContributionMap":{"txt":{"insertions":3,"deletions":2},"java":{"insertions":31,"deletions":9},"md":{"insertions":139,"deletions":133}}}]},{"date":"2022-02-20","commitResults":[{"hash":"8869592f4d60138ff426057ab2bee1fe1ed29daa","messageTitle":"Edit docs/README.md for testing layout","messageBody":"","fileTypesAndContributionMap":{"md":{"insertions":9,"deletions":4}}},{"hash":"3481ceb31fb4c7860b4d0f95d746936debb0a7e2","messageTitle":"Update docs/UserGuide.md","messageBody":"","fileTypesAndContributionMap":{"java":{"insertions":3,"deletions":3},"md":{"insertions":75,"deletions":21}}},{"hash":"e129b8621da423ca2f819f02714b3a566ed1752f","messageTitle":"Rename UI.png to Ui.png","messageBody":"","fileTypesAndContributionMap":{"md":{"insertions":4,"deletions":6}}},{"hash":"31f0abbc8e443e2deeba52531e2fe015d4f5686c","messageTitle":"Version 0.5.1 for A-Release Main update on Documentation:","messageBody":"+ Add Class Diagram and Sequence Diagram to DG.md\n+ Fix header links in UG.md\n","tags":["A-Release","A-HigherCodingQuality"],"fileTypesAndContributionMap":{"md":{"insertions":66,"deletions":12}}}]},{"date":"2022-02-21","commitResults":[{"hash":"8e2114e93ac683b6ae5d7d394926fa5e43328a2e","messageTitle":"Fix build.gradle plugin JavaFX dependencies conflicts","messageBody":"","fileTypesAndContributionMap":{"gradle":{"insertions":16,"deletions":5}}}]}]},"authorFileTypeContributionMap":{"l-shihao":{"java":716,"md":257,"fxml":92,"sh":74,"bat":103,"gradle":78,"txt":11}},"authorContributionVariance":{"l-shihao":15854.849},"authorDisplayNameMap":{"l-shihao":"TIC4002-F18-3 LI S..IHAO"}}
