{"authorDailyContributionsMap":{"l-shihao":[{"date":"2022-01-23","commitResults":[{"hash":"e5c9f1d73fceb289f0ceb9167f3935b7f2f66391","messageTitle":"to merge branch-a-checkstyle","messageBody":"","fileTypesAndContributionMap":{"gradle":{"insertions":46,"deletions":0},"txt":{"insertions":6,"deletions":6},"java":{"insertions":288,"deletions":133},"bat":{"insertions":103,"deletions":0},"sh":{"insertions":0,"deletions":0}}}]},{"date":"2022-02-04","commitResults":[{"hash":"3b9a6b92596efe2f1504a58116c3b359a19f955b","messageTitle":"add .github/workflows/gradle.yml GH Action","messageBody":"","tags":["A-CI"],"fileTypesAndContributionMap":{"gradle":{"insertions":23,"deletions":2},"fxml":{"insertions":67,"deletions":0},"java":{"insertions":36,"deletions":6}}}]}]},"authorFileTypeContributionMap":{"l-shihao":{"java":266,"md":0,"fxml":67,"sh":0,"bat":103,"gradle":67,"txt":6}},"authorContributionVariance":{"l-shihao":12960.099},"authorDisplayNameMap":{"l-shihao":"TIC4002-F18-3 LI S..IHAO"}}
