{"authorDailyContributionsMap":{"l-shihao":[{"date":"2022-01-23","commitResults":[{"hash":"e5c9f1d73fceb289f0ceb9167f3935b7f2f66391","messageTitle":"to merge branch-a-checkstyle","messageBody":"","fileTypesAndContributionMap":{"gradle":{"insertions":46,"deletions":0},"txt":{"insertions":6,"deletions":6},"java":{"insertions":288,"deletions":133},"bat":{"insertions":103,"deletions":0},"sh":{"insertions":0,"deletions":0}}}]},{"date":"2022-02-04","commitResults":[{"hash":"3b9a6b92596efe2f1504a58116c3b359a19f955b","messageTitle":"add .github/workflows/gradle.yml GH Action","messageBody":"","tags":["A-CI"],"fileTypesAndContributionMap":{"gradle":{"insertions":23,"deletions":2},"fxml":{"insertions":67,"deletions":0},"java":{"insertions":36,"deletions":6}}}]},{"date":"2022-02-10","commitResults":[{"hash":"1806fda3864681951e0a1089138b44f91b856993","messageTitle":"GUI Support; README update","messageBody":"","tags":["level-10"],"fileTypesAndContributionMap":{"gradle":{"insertions":2,"deletions":2},"txt":{"insertions":7,"deletions":6},"fxml":{"insertions":29,"deletions":14},"java":{"insertions":300,"deletions":66},"md":{"insertions":6,"deletions":0}}},{"hash":"a8602e1811dc456104e016d0ef6899772c670358","messageTitle":"fix README img link","messageBody":"","fileTypesAndContributionMap":{"md":{"insertions":1,"deletions":1}}},{"hash":"a905d45c17d22db41329e0328272e06f498fbd88","messageTitle":"fix README link; remove yml IO redirect","messageBody":"","fileTypesAndContributionMap":{"md":{"insertions":2,"deletions":1}}},{"hash":"d00d275a7af9cd3f2ea4b20e5ed812e1c23ae793","messageTitle":"fix checkstyle","messageBody":"","fileTypesAndContributionMap":{"java":{"insertions":1,"deletions":3}}},{"hash":"26b6b21e7137249b5f2a3c9af2f37429f4f57199","messageTitle":"Rename DLCreationCmd.java to DlCreationCmd.java","messageBody":"My local file is the correct name","fileTypesAndContributionMap":{"java":{"insertions":0,"deletions":0}}}]},{"date":"2022-02-12","commitResults":[{"hash":"87b7dc57cc37ff5d36f728eb3c125269f53552ad","messageTitle":"Fix css UI bug, replace emoji text to image; git ignore remove config/ for CI","messageBody":"","tags":["v0.5.0"],"fileTypesAndContributionMap":{"txt":{"insertions":7,"deletions":6},"fxml":{"insertions":20,"deletions":10},"java":{"insertions":16,"deletions":10},"sh":{"insertions":74,"deletions":0},"md":{"insertions":1,"deletions":1}}}]},{"date":"2022-02-17","commitResults":[{"hash":"d39ca45461041012b52904c96129348c3d910cc5","messageTitle":"support to add tags during adding task","messageBody":"","fileTypesAndContributionMap":{"txt":{"insertions":1,"deletions":0},"java":{"insertions":116,"deletions":7},"md":{"insertions":3,"deletions":1}}}]}]},"authorFileTypeContributionMap":{"l-shihao":{"java":643,"md":9,"fxml":92,"sh":74,"bat":103,"gradle":67,"txt":9}},"authorContributionVariance":{"l-shihao":13747.09},"authorDisplayNameMap":{"l-shihao":"TIC4002-F18-3 LI S..IHAO"}}
