{"authorDailyContributionsMap":{"l-shihao":[{"date":"2022-01-23","commitResults":[{"hash":"e5c9f1d73fceb289f0ceb9167f3935b7f2f66391","messageTitle":"to merge branch-a-checkstyle","messageBody":"","fileTypesAndContributionMap":{"gradle":{"insertions":46,"deletions":0},"txt":{"insertions":6,"deletions":6},"java":{"insertions":288,"deletions":133},"bat":{"insertions":103,"deletions":0},"sh":{"insertions":0,"deletions":0}}}]}]},"authorFileTypeContributionMap":{"l-shihao":{"java":230,"md":0,"fxml":0,"sh":0,"bat":103,"gradle":46,"txt":6}},"authorContributionVariance":{"l-shihao":22466.389},"authorDisplayNameMap":{"l-shihao":"TIC4002-F18-3 LI S..IHAO"}}
