{"authorDailyContributionsMap":{"l-shihao":[{"date":"2022-01-23","commitResults":[{"hash":"e5c9f1d73fceb289f0ceb9167f3935b7f2f66391","messageTitle":"to merge branch-a-checkstyle","messageBody":"","fileTypesAndContributionMap":{"gradle":{"insertions":46,"deletions":0},"txt":{"insertions":6,"deletions":6},"java":{"insertions":288,"deletions":133},"bat":{"insertions":103,"deletions":0},"sh":{"insertions":0,"deletions":0}}}]},{"date":"2022-02-04","commitResults":[{"hash":"3b9a6b92596efe2f1504a58116c3b359a19f955b","messageTitle":"add .github/workflows/gradle.yml GH Action","messageBody":"","tags":["A-CI"],"fileTypesAndContributionMap":{"gradle":{"insertions":23,"deletions":2},"fxml":{"insertions":67,"deletions":0},"java":{"insertions":36,"deletions":6}}}]},{"date":"2022-02-10","commitResults":[{"hash":"1806fda3864681951e0a1089138b44f91b856993","messageTitle":"GUI Support; README update","messageBody":"","tags":["level-10"],"fileTypesAndContributionMap":{"gradle":{"insertions":2,"deletions":2},"txt":{"insertions":7,"deletions":6},"fxml":{"insertions":29,"deletions":14},"java":{"insertions":300,"deletions":66},"md":{"insertions":6,"deletions":0}}},{"hash":"a8602e1811dc456104e016d0ef6899772c670358","messageTitle":"fix README img link","messageBody":"","fileTypesAndContributionMap":{"md":{"insertions":1,"deletions":1}}},{"hash":"a905d45c17d22db41329e0328272e06f498fbd88","messageTitle":"fix README link; remove yml IO redirect","messageBody":"","fileTypesAndContributionMap":{"md":{"insertions":2,"deletions":1}}},{"hash":"d00d275a7af9cd3f2ea4b20e5ed812e1c23ae793","messageTitle":"fix checkstyle","messageBody":"","fileTypesAndContributionMap":{"java":{"insertions":1,"deletions":3}}},{"hash":"26b6b21e7137249b5f2a3c9af2f37429f4f57199","messageTitle":"Rename DLCreationCmd.java to DlCreationCmd.java","messageBody":"My local file is the correct name","tags":["v0.5.0"],"fileTypesAndContributionMap":{"java":{"insertions":0,"deletions":0}}}]}]},"authorFileTypeContributionMap":{"l-shihao":{"java":527,"md":7,"fxml":82,"sh":0,"bat":103,"gradle":67,"txt":2}},"authorContributionVariance":{"l-shihao":15916.511},"authorDisplayNameMap":{"l-shihao":"TIC4002-F18-3 LI S..IHAO"}}
