[{"path":"build.gradle","fileType":"gradle","lines":[{"lineNumber":1,"author":{"gitId":"-"},"content":"plugins {","lastModifiedDate":"2020-05-25"},{"lineNumber":2,"author":{"gitId":"-"},"content":"    id \u0027java\u0027","lastModifiedDate":"2020-05-25"},{"lineNumber":3,"author":{"gitId":"-"},"content":"    id \u0027application\u0027","lastModifiedDate":"2020-05-25"},{"lineNumber":4,"author":{"gitId":"-"},"content":"    id \u0027checkstyle\u0027","lastModifiedDate":"2020-05-25"},{"lineNumber":5,"author":{"gitId":"-"},"content":"    id \u0027com.github.johnrengelman.shadow\u0027 version \u00275.1.0\u0027","lastModifiedDate":"2020-05-25"},{"lineNumber":6,"author":{"gitId":"-"},"content":"}","lastModifiedDate":"2020-05-25"},{"lineNumber":7,"author":{"gitId":"-"},"content":"","lastModifiedDate":"2020-05-25"},{"lineNumber":8,"author":{"gitId":"-"},"content":"repositories {","lastModifiedDate":"2020-05-25"},{"lineNumber":9,"author":{"gitId":"-"},"content":"    mavenCentral()","lastModifiedDate":"2020-05-25"},{"lineNumber":10,"author":{"gitId":"-"},"content":"}","lastModifiedDate":"2020-05-25"},{"lineNumber":11,"author":{"gitId":"-"},"content":"","lastModifiedDate":"2020-05-25"},{"lineNumber":12,"author":{"gitId":"-"},"content":"dependencies {","lastModifiedDate":"2020-05-25"},{"lineNumber":13,"author":{"gitId":"-"},"content":"    testImplementation group: \u0027org.junit.jupiter\u0027, name: \u0027junit-jupiter-api\u0027, version: \u00275.5.0\u0027","lastModifiedDate":"2020-05-25"},{"lineNumber":14,"author":{"gitId":"-"},"content":"    testRuntimeOnly group: \u0027org.junit.jupiter\u0027, name: \u0027junit-jupiter-engine\u0027, version: \u00275.5.0\u0027","lastModifiedDate":"2020-05-25"},{"lineNumber":15,"author":{"gitId":"-"},"content":"}","lastModifiedDate":"2020-05-25"},{"lineNumber":16,"author":{"gitId":"-"},"content":"","lastModifiedDate":"2020-05-25"},{"lineNumber":17,"author":{"gitId":"-"},"content":"test {","lastModifiedDate":"2020-05-25"},{"lineNumber":18,"author":{"gitId":"-"},"content":"    useJUnitPlatform()","lastModifiedDate":"2020-05-25"},{"lineNumber":19,"author":{"gitId":"-"},"content":"","lastModifiedDate":"2020-05-25"},{"lineNumber":20,"author":{"gitId":"-"},"content":"    testLogging {","lastModifiedDate":"2020-05-25"},{"lineNumber":21,"author":{"gitId":"-"},"content":"        events \"passed\", \"skipped\", \"failed\"","lastModifiedDate":"2020-05-25"},{"lineNumber":22,"author":{"gitId":"-"},"content":"","lastModifiedDate":"2020-05-25"},{"lineNumber":23,"author":{"gitId":"-"},"content":"        showExceptions true","lastModifiedDate":"2020-05-25"},{"lineNumber":24,"author":{"gitId":"-"},"content":"        exceptionFormat \"full\"","lastModifiedDate":"2020-05-25"},{"lineNumber":25,"author":{"gitId":"-"},"content":"        showCauses true","lastModifiedDate":"2020-05-25"},{"lineNumber":26,"author":{"gitId":"-"},"content":"        showStackTraces true","lastModifiedDate":"2020-05-25"},{"lineNumber":27,"author":{"gitId":"-"},"content":"        showStandardStreams \u003d false","lastModifiedDate":"2020-05-25"},{"lineNumber":28,"author":{"gitId":"-"},"content":"    }","lastModifiedDate":"2020-05-25"},{"lineNumber":29,"author":{"gitId":"-"},"content":"}","lastModifiedDate":"2020-05-25"},{"lineNumber":30,"author":{"gitId":"-"},"content":"","lastModifiedDate":"2020-05-25"},{"lineNumber":31,"author":{"gitId":"-"},"content":"application {","lastModifiedDate":"2020-05-25"},{"lineNumber":32,"author":{"gitId":"-"},"content":"    mainClassName \u003d \"seedu.duke.Duke\"","lastModifiedDate":"2020-05-25"},{"lineNumber":33,"author":{"gitId":"-"},"content":"}","lastModifiedDate":"2020-05-25"},{"lineNumber":34,"author":{"gitId":"-"},"content":"","lastModifiedDate":"2020-05-25"},{"lineNumber":35,"author":{"gitId":"-"},"content":"shadowJar {","lastModifiedDate":"2020-05-25"},{"lineNumber":36,"author":{"gitId":"-"},"content":"    archiveBaseName \u003d \"duke\"","lastModifiedDate":"2020-05-25"},{"lineNumber":37,"author":{"gitId":"-"},"content":"    archiveClassifier \u003d null","lastModifiedDate":"2020-05-25"},{"lineNumber":38,"author":{"gitId":"-"},"content":"}","lastModifiedDate":"2020-05-25"},{"lineNumber":39,"author":{"gitId":"-"},"content":"","lastModifiedDate":"2020-05-25"},{"lineNumber":40,"author":{"gitId":"-"},"content":"checkstyle {","lastModifiedDate":"2020-05-25"},{"lineNumber":41,"author":{"gitId":"-"},"content":"    toolVersion \u003d \u00278.29\u0027","lastModifiedDate":"2020-05-25"},{"lineNumber":42,"author":{"gitId":"-"},"content":"}","lastModifiedDate":"2020-05-25"},{"lineNumber":43,"author":{"gitId":"-"},"content":"","lastModifiedDate":"2020-05-25"},{"lineNumber":44,"author":{"gitId":"-"},"content":"run{","lastModifiedDate":"2020-05-25"},{"lineNumber":45,"author":{"gitId":"-"},"content":"    standardInput \u003d System.in","lastModifiedDate":"2020-05-25"},{"lineNumber":46,"author":{"gitId":"-"},"content":"}","lastModifiedDate":"2020-05-25"},{"lineNumber":47,"author":{"gitId":"yinyin377"},"content":"","lastModifiedDate":"2022-02-03"},{"lineNumber":48,"author":{"gitId":"yinyin377"},"content":"repositories {","lastModifiedDate":"2022-02-03"},{"lineNumber":49,"author":{"gitId":"yinyin377"},"content":"    mavenCentral()","lastModifiedDate":"2022-02-03"},{"lineNumber":50,"author":{"gitId":"yinyin377"},"content":"}","lastModifiedDate":"2022-02-03"},{"lineNumber":51,"author":{"gitId":"yinyin377"},"content":"","lastModifiedDate":"2022-02-03"},{"lineNumber":52,"author":{"gitId":"yinyin377"},"content":"dependencies {","lastModifiedDate":"2022-02-03"},{"lineNumber":53,"author":{"gitId":"yinyin377"},"content":"    String javaFxVersion \u003d \u002711\u0027","lastModifiedDate":"2022-02-03"},{"lineNumber":54,"author":{"gitId":"yinyin377"},"content":"","lastModifiedDate":"2022-02-03"},{"lineNumber":55,"author":{"gitId":"yinyin377"},"content":"    implementation group: \u0027org.openjfx\u0027, name: \u0027javafx-base\u0027, version: javaFxVersion, classifier: \u0027win\u0027","lastModifiedDate":"2022-02-03"},{"lineNumber":56,"author":{"gitId":"yinyin377"},"content":"    implementation group: \u0027org.openjfx\u0027, name: \u0027javafx-base\u0027, version: javaFxVersion, classifier: \u0027mac\u0027","lastModifiedDate":"2022-02-03"},{"lineNumber":57,"author":{"gitId":"yinyin377"},"content":"    implementation group: \u0027org.openjfx\u0027, name: \u0027javafx-base\u0027, version: javaFxVersion, classifier: \u0027linux\u0027","lastModifiedDate":"2022-02-03"},{"lineNumber":58,"author":{"gitId":"yinyin377"},"content":"    implementation group: \u0027org.openjfx\u0027, name: \u0027javafx-controls\u0027, version: javaFxVersion, classifier: \u0027win\u0027","lastModifiedDate":"2022-02-03"},{"lineNumber":59,"author":{"gitId":"yinyin377"},"content":"    implementation group: \u0027org.openjfx\u0027, name: \u0027javafx-controls\u0027, version: javaFxVersion, classifier: \u0027mac\u0027","lastModifiedDate":"2022-02-03"},{"lineNumber":60,"author":{"gitId":"yinyin377"},"content":"    implementation group: \u0027org.openjfx\u0027, name: \u0027javafx-controls\u0027, version: javaFxVersion, classifier: \u0027linux\u0027","lastModifiedDate":"2022-02-03"},{"lineNumber":61,"author":{"gitId":"yinyin377"},"content":"    implementation group: \u0027org.openjfx\u0027, name: \u0027javafx-fxml\u0027, version: javaFxVersion, classifier: \u0027win\u0027","lastModifiedDate":"2022-02-03"},{"lineNumber":62,"author":{"gitId":"yinyin377"},"content":"    implementation group: \u0027org.openjfx\u0027, name: \u0027javafx-fxml\u0027, version: javaFxVersion, classifier: \u0027mac\u0027","lastModifiedDate":"2022-02-03"},{"lineNumber":63,"author":{"gitId":"yinyin377"},"content":"    implementation group: \u0027org.openjfx\u0027, name: \u0027javafx-fxml\u0027, version: javaFxVersion, classifier: \u0027linux\u0027","lastModifiedDate":"2022-02-03"},{"lineNumber":64,"author":{"gitId":"yinyin377"},"content":"    implementation group: \u0027org.openjfx\u0027, name: \u0027javafx-graphics\u0027, version: javaFxVersion, classifier: \u0027win\u0027","lastModifiedDate":"2022-02-03"},{"lineNumber":65,"author":{"gitId":"yinyin377"},"content":"    implementation group: \u0027org.openjfx\u0027, name: \u0027javafx-graphics\u0027, version: javaFxVersion, classifier: \u0027mac\u0027","lastModifiedDate":"2022-02-03"},{"lineNumber":66,"author":{"gitId":"yinyin377"},"content":"    implementation group: \u0027org.openjfx\u0027, name: \u0027javafx-graphics\u0027, version: javaFxVersion, classifier: \u0027linux\u0027","lastModifiedDate":"2022-02-03"},{"lineNumber":67,"author":{"gitId":"yinyin377"},"content":"}","lastModifiedDate":"2022-02-03"}],"authorContributionMap":{"yinyin377":21,"-":46}},{"path":"src/main/java/Duke.java","fileType":"java","lines":[{"lineNumber":1,"author":{"gitId":"-"},"content":"import java.util.ArrayList;","lastModifiedDate":"2021-09-03"},{"lineNumber":2,"author":{"gitId":"-"},"content":"import java.util.Scanner;","lastModifiedDate":"2021-08-13"},{"lineNumber":3,"author":{"gitId":"-"},"content":"","lastModifiedDate":"2021-09-03"},{"lineNumber":4,"author":{"gitId":"-"},"content":"public class Duke {","lastModifiedDate":"2019-07-29"},{"lineNumber":5,"author":{"gitId":"yinyin377"},"content":"//    private static ArrayList\u003cTask\u003e tasklist\u003dnew ArrayList\u003c\u003e();","lastModifiedDate":"2022-01-27"},{"lineNumber":6,"author":{"gitId":"yinyin377"},"content":"//    private static int taskCount \u003d 0;","lastModifiedDate":"2022-01-27"},{"lineNumber":7,"author":{"gitId":"yinyin377"},"content":"//","lastModifiedDate":"2022-01-27"},{"lineNumber":8,"author":{"gitId":"yinyin377"},"content":"//    public static void addTask(Task s){","lastModifiedDate":"2022-01-27"},{"lineNumber":9,"author":{"gitId":"yinyin377"},"content":"//        tasklist.add(taskCount,s);","lastModifiedDate":"2022-01-27"},{"lineNumber":10,"author":{"gitId":"yinyin377"},"content":"//        taskCount++;","lastModifiedDate":"2022-01-27"},{"lineNumber":11,"author":{"gitId":"yinyin377"},"content":"//    }","lastModifiedDate":"2022-01-27"},{"lineNumber":12,"author":{"gitId":"yinyin377"},"content":"//","lastModifiedDate":"2022-01-27"},{"lineNumber":13,"author":{"gitId":"yinyin377"},"content":"//    public static void printLine(){","lastModifiedDate":"2022-01-27"},{"lineNumber":14,"author":{"gitId":"yinyin377"},"content":"//        System.out.println(\"______________________________\");","lastModifiedDate":"2022-01-27"},{"lineNumber":15,"author":{"gitId":"yinyin377"},"content":"//    }","lastModifiedDate":"2022-01-27"},{"lineNumber":16,"author":{"gitId":"-"},"content":"","lastModifiedDate":"2021-08-13"},{"lineNumber":17,"author":{"gitId":"-"},"content":"    public static void showGreetings(){","lastModifiedDate":"2021-09-03"},{"lineNumber":18,"author":{"gitId":"-"},"content":"        String logo \u003d \" ____        _        \\n\"","lastModifiedDate":"2021-09-03"},{"lineNumber":19,"author":{"gitId":"-"},"content":"                + \"|  _ \\\\ _   _| | _____ \\n\"","lastModifiedDate":"2021-09-03"},{"lineNumber":20,"author":{"gitId":"-"},"content":"                + \"| | | | | | | |/ / _ \\\\\\n\"","lastModifiedDate":"2021-09-03"},{"lineNumber":21,"author":{"gitId":"-"},"content":"                + \"| |_| | |_| |   \u003c  __/\\n\"","lastModifiedDate":"2021-09-03"},{"lineNumber":22,"author":{"gitId":"-"},"content":"                + \"|____/ \\\\__,_|_|\\\\_\\\\___|\\n\";","lastModifiedDate":"2021-09-03"},{"lineNumber":23,"author":{"gitId":"-"},"content":"        System.out.println(\"Hello from\\n\" + logo);","lastModifiedDate":"2021-09-03"},{"lineNumber":24,"author":{"gitId":"-"},"content":"        System.out.println(\"Hello! I\u0027m Duke\");","lastModifiedDate":"2021-09-03"},{"lineNumber":25,"author":{"gitId":"-"},"content":"        System.out.println(\"What can I do for you?\");","lastModifiedDate":"2021-09-03"},{"lineNumber":26,"author":{"gitId":"-"},"content":"    }","lastModifiedDate":"2021-09-03"},{"lineNumber":27,"author":{"gitId":"-"},"content":"","lastModifiedDate":"2021-09-03"},{"lineNumber":28,"author":{"gitId":"yinyin377"},"content":"//    public static void showFarewell(){","lastModifiedDate":"2022-01-27"},{"lineNumber":29,"author":{"gitId":"yinyin377"},"content":"//        printLine();","lastModifiedDate":"2022-01-27"},{"lineNumber":30,"author":{"gitId":"yinyin377"},"content":"//        System.out.println(\"Bye. Hope to see you again soon!\");","lastModifiedDate":"2022-01-27"},{"lineNumber":31,"author":{"gitId":"yinyin377"},"content":"//        printLine();","lastModifiedDate":"2022-01-27"},{"lineNumber":32,"author":{"gitId":"yinyin377"},"content":"//    }","lastModifiedDate":"2022-01-27"},{"lineNumber":33,"author":{"gitId":"yinyin377"},"content":"//","lastModifiedDate":"2022-01-27"},{"lineNumber":34,"author":{"gitId":"yinyin377"},"content":"//    public static void showAddedTasks(String addedTask,int numOfTask){","lastModifiedDate":"2022-01-27"},{"lineNumber":35,"author":{"gitId":"yinyin377"},"content":"//        System.out.println(\"Got it. I\u0027ve added this task: \");","lastModifiedDate":"2022-01-27"},{"lineNumber":36,"author":{"gitId":"yinyin377"},"content":"//        System.out.println(addedTask);","lastModifiedDate":"2022-01-27"},{"lineNumber":37,"author":{"gitId":"yinyin377"},"content":"//        System.out.println(\"Now you have \" + numOfTask + \" tasks in the list.\");","lastModifiedDate":"2022-01-27"},{"lineNumber":38,"author":{"gitId":"yinyin377"},"content":"//    }","lastModifiedDate":"2022-01-27"},{"lineNumber":39,"author":{"gitId":"yinyin377"},"content":"//","lastModifiedDate":"2022-01-27"},{"lineNumber":40,"author":{"gitId":"yinyin377"},"content":"//    public static void checkException(String message){","lastModifiedDate":"2022-01-27"},{"lineNumber":41,"author":{"gitId":"yinyin377"},"content":"//        try{","lastModifiedDate":"2022-01-27"},{"lineNumber":42,"author":{"gitId":"yinyin377"},"content":"//            throw new DukeException(message);","lastModifiedDate":"2022-01-27"},{"lineNumber":43,"author":{"gitId":"yinyin377"},"content":"//        }","lastModifiedDate":"2022-01-27"},{"lineNumber":44,"author":{"gitId":"yinyin377"},"content":"//        catch (DukeException ex){","lastModifiedDate":"2022-01-27"},{"lineNumber":45,"author":{"gitId":"yinyin377"},"content":"//            System.out.println(ex.getMessage());","lastModifiedDate":"2022-01-27"},{"lineNumber":46,"author":{"gitId":"yinyin377"},"content":"//        }","lastModifiedDate":"2022-01-27"},{"lineNumber":47,"author":{"gitId":"yinyin377"},"content":"//        printLine();","lastModifiedDate":"2022-01-27"},{"lineNumber":48,"author":{"gitId":"yinyin377"},"content":"//    }","lastModifiedDate":"2022-01-27"},{"lineNumber":49,"author":{"gitId":"-"},"content":"","lastModifiedDate":"2021-09-03"},{"lineNumber":50,"author":{"gitId":"-"},"content":"    public static void main(String[] args){","lastModifiedDate":"2019-07-29"},{"lineNumber":51,"author":{"gitId":"-"},"content":"        showGreetings();","lastModifiedDate":"2021-09-03"},{"lineNumber":52,"author":{"gitId":"yinyin377"},"content":"//        Scanner myObj \u003d new Scanner(System.in);","lastModifiedDate":"2022-01-27"},{"lineNumber":53,"author":{"gitId":"yinyin377"},"content":"//        String userInput;","lastModifiedDate":"2022-01-27"},{"lineNumber":54,"author":{"gitId":"yinyin377"},"content":"//        while (myObj.hasNextLine()) {","lastModifiedDate":"2022-01-27"},{"lineNumber":55,"author":{"gitId":"yinyin377"},"content":"//            userInput \u003d myObj.nextLine();","lastModifiedDate":"2022-01-27"},{"lineNumber":56,"author":{"gitId":"yinyin377"},"content":"//            String[] split \u003d userInput.split(\" \");","lastModifiedDate":"2022-01-27"},{"lineNumber":57,"author":{"gitId":"yinyin377"},"content":"//            String first \u003d split[0];","lastModifiedDate":"2022-01-27"},{"lineNumber":58,"author":{"gitId":"yinyin377"},"content":"//            if (userInput.equals(\"list\")) {","lastModifiedDate":"2022-01-27"},{"lineNumber":59,"author":{"gitId":"yinyin377"},"content":"//                //Print list of tasks","lastModifiedDate":"2022-01-27"},{"lineNumber":60,"author":{"gitId":"yinyin377"},"content":"//                printLine();","lastModifiedDate":"2022-01-27"},{"lineNumber":61,"author":{"gitId":"yinyin377"},"content":"//                System.out.println(\"Here are the tasks in your list:\");","lastModifiedDate":"2022-01-27"},{"lineNumber":62,"author":{"gitId":"yinyin377"},"content":"//                for (int i \u003d 0; i \u003c taskCount; i++) {","lastModifiedDate":"2022-01-27"},{"lineNumber":63,"author":{"gitId":"yinyin377"},"content":"//                    System.out.println((i + 1) + \". \" + tasklist.get(i).toString());","lastModifiedDate":"2022-01-27"},{"lineNumber":64,"author":{"gitId":"yinyin377"},"content":"//                }","lastModifiedDate":"2022-01-27"},{"lineNumber":65,"author":{"gitId":"yinyin377"},"content":"//                printLine();","lastModifiedDate":"2022-01-27"},{"lineNumber":66,"author":{"gitId":"yinyin377"},"content":"//                continue;","lastModifiedDate":"2022-01-27"},{"lineNumber":67,"author":{"gitId":"yinyin377"},"content":"//            }","lastModifiedDate":"2022-01-27"},{"lineNumber":68,"author":{"gitId":"yinyin377"},"content":"//            if (userInput.equals(\"bye\")) {","lastModifiedDate":"2022-01-27"},{"lineNumber":69,"author":{"gitId":"yinyin377"},"content":"//                break;","lastModifiedDate":"2022-01-27"},{"lineNumber":70,"author":{"gitId":"yinyin377"},"content":"//            }","lastModifiedDate":"2022-01-27"},{"lineNumber":71,"author":{"gitId":"yinyin377"},"content":"//            else if (first.equals(\"done\")) {","lastModifiedDate":"2022-01-27"},{"lineNumber":72,"author":{"gitId":"yinyin377"},"content":"//                //Get task index to mark as done","lastModifiedDate":"2022-01-27"},{"lineNumber":73,"author":{"gitId":"yinyin377"},"content":"//                String second \u003d split[1];","lastModifiedDate":"2022-01-27"},{"lineNumber":74,"author":{"gitId":"yinyin377"},"content":"//                tasklist.get(Integer.parseInt(second) - 1).markAsDone();","lastModifiedDate":"2022-01-27"},{"lineNumber":75,"author":{"gitId":"yinyin377"},"content":"//                printLine();","lastModifiedDate":"2022-01-27"},{"lineNumber":76,"author":{"gitId":"yinyin377"},"content":"//                System.out.println(\"Nice! I\u0027ve marked this task as done: \");","lastModifiedDate":"2022-01-27"},{"lineNumber":77,"author":{"gitId":"yinyin377"},"content":"//                System.out.println(tasklist.get(Integer.parseInt(second) - 1).getStatusIcon() + \" \" + tasklist.get(Integer.parseInt(second) - 1).description);","lastModifiedDate":"2022-01-27"},{"lineNumber":78,"author":{"gitId":"yinyin377"},"content":"//                printLine();","lastModifiedDate":"2022-01-27"},{"lineNumber":79,"author":{"gitId":"yinyin377"},"content":"//            } else {","lastModifiedDate":"2022-01-27"},{"lineNumber":80,"author":{"gitId":"yinyin377"},"content":"//                printLine();","lastModifiedDate":"2022-01-27"},{"lineNumber":81,"author":{"gitId":"yinyin377"},"content":"//                if (first.equals(\"todo\")) {","lastModifiedDate":"2022-01-27"},{"lineNumber":82,"author":{"gitId":"yinyin377"},"content":"//                    //add to-do task and return exception if task name is empty","lastModifiedDate":"2022-01-27"},{"lineNumber":83,"author":{"gitId":"yinyin377"},"content":"//                    try{","lastModifiedDate":"2022-01-27"},{"lineNumber":84,"author":{"gitId":"yinyin377"},"content":"//                        String[] split01 \u003d userInput.split(\" \");","lastModifiedDate":"2022-01-27"},{"lineNumber":85,"author":{"gitId":"yinyin377"},"content":"//                        String firstTD \u003d split01[0];","lastModifiedDate":"2022-01-27"},{"lineNumber":86,"author":{"gitId":"yinyin377"},"content":"//                        String secondTD \u003d split01[1];","lastModifiedDate":"2022-01-27"},{"lineNumber":87,"author":{"gitId":"yinyin377"},"content":"//                        addTask(new ToDo(secondTD));","lastModifiedDate":"2022-01-27"},{"lineNumber":88,"author":{"gitId":"yinyin377"},"content":"//                        showAddedTasks(tasklist.get(taskCount-1).toString(),taskCount);","lastModifiedDate":"2022-01-27"},{"lineNumber":89,"author":{"gitId":"yinyin377"},"content":"//                    }","lastModifiedDate":"2022-01-27"},{"lineNumber":90,"author":{"gitId":"yinyin377"},"content":"//                    catch (ArrayIndexOutOfBoundsException e){","lastModifiedDate":"2022-01-27"},{"lineNumber":91,"author":{"gitId":"yinyin377"},"content":"//                        checkException(\"☹ OOPS!!! The description of a todo cannot be empty.\");","lastModifiedDate":"2022-01-27"},{"lineNumber":92,"author":{"gitId":"yinyin377"},"content":"//                        continue;","lastModifiedDate":"2022-01-27"},{"lineNumber":93,"author":{"gitId":"yinyin377"},"content":"//                    }","lastModifiedDate":"2022-01-27"},{"lineNumber":94,"author":{"gitId":"yinyin377"},"content":"//                }","lastModifiedDate":"2022-01-27"},{"lineNumber":95,"author":{"gitId":"yinyin377"},"content":"//                if (first.equals(\"deadline\")) {","lastModifiedDate":"2022-01-27"},{"lineNumber":96,"author":{"gitId":"yinyin377"},"content":"//                    //add deadline task and return exception if task name is empty","lastModifiedDate":"2022-01-27"},{"lineNumber":97,"author":{"gitId":"yinyin377"},"content":"//                    try{","lastModifiedDate":"2022-01-27"},{"lineNumber":98,"author":{"gitId":"yinyin377"},"content":"//                        String[] headerSplit02 \u003d userInput.split(\"deadline\");","lastModifiedDate":"2022-01-27"},{"lineNumber":99,"author":{"gitId":"yinyin377"},"content":"//                        String[] split02 \u003d headerSplit02[1].split(\"/by\");","lastModifiedDate":"2022-01-27"},{"lineNumber":100,"author":{"gitId":"yinyin377"},"content":"//                        String firstD \u003d split02[0];","lastModifiedDate":"2022-01-27"},{"lineNumber":101,"author":{"gitId":"yinyin377"},"content":"//                        String secondD \u003d split02[1];","lastModifiedDate":"2022-01-27"},{"lineNumber":102,"author":{"gitId":"yinyin377"},"content":"//                        addTask(new Deadline(firstD, secondD));","lastModifiedDate":"2022-01-27"},{"lineNumber":103,"author":{"gitId":"yinyin377"},"content":"//                        showAddedTasks(tasklist.get(taskCount-1).toString(),taskCount);","lastModifiedDate":"2022-01-27"},{"lineNumber":104,"author":{"gitId":"yinyin377"},"content":"//                    }","lastModifiedDate":"2022-01-27"},{"lineNumber":105,"author":{"gitId":"yinyin377"},"content":"//                    catch (ArrayIndexOutOfBoundsException e){","lastModifiedDate":"2022-01-27"},{"lineNumber":106,"author":{"gitId":"yinyin377"},"content":"//                        checkException(\"☹ OOPS!!! The description of a deadline cannot be empty.\");","lastModifiedDate":"2022-01-27"},{"lineNumber":107,"author":{"gitId":"yinyin377"},"content":"//                        continue;","lastModifiedDate":"2022-01-27"},{"lineNumber":108,"author":{"gitId":"yinyin377"},"content":"//                    }","lastModifiedDate":"2022-01-27"},{"lineNumber":109,"author":{"gitId":"yinyin377"},"content":"//                }","lastModifiedDate":"2022-01-27"},{"lineNumber":110,"author":{"gitId":"yinyin377"},"content":"//                if (first.equals(\"event\")) {","lastModifiedDate":"2022-01-27"},{"lineNumber":111,"author":{"gitId":"yinyin377"},"content":"//                    //add event task and return exception if task name is empty","lastModifiedDate":"2022-01-27"},{"lineNumber":112,"author":{"gitId":"yinyin377"},"content":"//                    try{","lastModifiedDate":"2022-01-27"},{"lineNumber":113,"author":{"gitId":"yinyin377"},"content":"//                        String[] headerSplit03 \u003d userInput.split(\"event\");","lastModifiedDate":"2022-01-27"},{"lineNumber":114,"author":{"gitId":"yinyin377"},"content":"//                        String[] split03 \u003d headerSplit03[1].split(\"/at\");","lastModifiedDate":"2022-01-27"},{"lineNumber":115,"author":{"gitId":"yinyin377"},"content":"//                        String firstE \u003d split03[0];","lastModifiedDate":"2022-01-27"},{"lineNumber":116,"author":{"gitId":"yinyin377"},"content":"//                        String secondE \u003d split03[1];","lastModifiedDate":"2022-01-27"},{"lineNumber":117,"author":{"gitId":"yinyin377"},"content":"//                        addTask(new Event(firstE, secondE));","lastModifiedDate":"2022-01-27"},{"lineNumber":118,"author":{"gitId":"yinyin377"},"content":"//                        showAddedTasks(tasklist.get(taskCount-1).toString(),taskCount);","lastModifiedDate":"2022-01-27"},{"lineNumber":119,"author":{"gitId":"yinyin377"},"content":"//                    }","lastModifiedDate":"2022-01-27"},{"lineNumber":120,"author":{"gitId":"yinyin377"},"content":"//                    catch (ArrayIndexOutOfBoundsException e){","lastModifiedDate":"2022-01-27"},{"lineNumber":121,"author":{"gitId":"yinyin377"},"content":"//                        checkException(\"☹ OOPS!!! The description of a event cannot be empty.\");","lastModifiedDate":"2022-01-27"},{"lineNumber":122,"author":{"gitId":"yinyin377"},"content":"//                        continue;","lastModifiedDate":"2022-01-27"},{"lineNumber":123,"author":{"gitId":"yinyin377"},"content":"//                    }","lastModifiedDate":"2022-01-27"},{"lineNumber":124,"author":{"gitId":"yinyin377"},"content":"//                }","lastModifiedDate":"2022-01-27"},{"lineNumber":125,"author":{"gitId":"yinyin377"},"content":"//                else if (!first.equals(\"event\") \u0026\u0026 !first.equals(\"deadline\") \u0026\u0026!first.equals(\"todo\")) {","lastModifiedDate":"2022-01-27"},{"lineNumber":126,"author":{"gitId":"yinyin377"},"content":"//                    checkException(\"☹ OOPS!!! I\u0027m sorry, but I don\u0027t know what that means :-(\");","lastModifiedDate":"2022-01-27"},{"lineNumber":127,"author":{"gitId":"yinyin377"},"content":"//                    continue;","lastModifiedDate":"2022-01-27"},{"lineNumber":128,"author":{"gitId":"yinyin377"},"content":"//                }","lastModifiedDate":"2022-01-27"},{"lineNumber":129,"author":{"gitId":"yinyin377"},"content":"//                printLine();","lastModifiedDate":"2022-01-27"},{"lineNumber":130,"author":{"gitId":"yinyin377"},"content":"//            }","lastModifiedDate":"2022-01-27"},{"lineNumber":131,"author":{"gitId":"yinyin377"},"content":"//        }","lastModifiedDate":"2022-01-27"},{"lineNumber":132,"author":{"gitId":"yinyin377"},"content":"//        showFarewell();","lastModifiedDate":"2022-01-27"},{"lineNumber":133,"author":{"gitId":"-"},"content":"    }","lastModifiedDate":"2021-08-13"},{"lineNumber":134,"author":{"gitId":"-"},"content":"}","lastModifiedDate":"2019-07-29"}],"authorContributionMap":{"yinyin377":113,"-":21}},{"path":"src/main/java/Test/DukeTest.java","fileType":"java","lines":[{"lineNumber":1,"author":{"gitId":"-"},"content":"package Test;","lastModifiedDate":"2021-09-16"},{"lineNumber":2,"author":{"gitId":"-"},"content":"","lastModifiedDate":"2021-09-16"},{"lineNumber":3,"author":{"gitId":"yinyin377"},"content":"//import org.junit.jupiter.api.Test;","lastModifiedDate":"2022-01-27"},{"lineNumber":4,"author":{"gitId":"-"},"content":"","lastModifiedDate":"2021-09-16"},{"lineNumber":5,"author":{"gitId":"yinyin377"},"content":"//import static org.junit.jupiter.api.Assertions.assertEquals;","lastModifiedDate":"2022-01-27"},{"lineNumber":6,"author":{"gitId":"-"},"content":"","lastModifiedDate":"2021-09-16"},{"lineNumber":7,"author":{"gitId":"-"},"content":"public class DukeTest {","lastModifiedDate":"2021-09-16"},{"lineNumber":8,"author":{"gitId":"yinyin377"},"content":"    //@Test","lastModifiedDate":"2022-01-27"},{"lineNumber":9,"author":{"gitId":"yinyin377"},"content":"    //public void dummyTest(){","lastModifiedDate":"2022-01-27"},{"lineNumber":10,"author":{"gitId":"yinyin377"},"content":"    //    assertEquals(2,2);","lastModifiedDate":"2022-01-27"},{"lineNumber":11,"author":{"gitId":"yinyin377"},"content":"    //}","lastModifiedDate":"2022-01-27"},{"lineNumber":12,"author":{"gitId":"-"},"content":"","lastModifiedDate":"2021-09-16"},{"lineNumber":13,"author":{"gitId":"-"},"content":"}","lastModifiedDate":"2021-09-16"}],"authorContributionMap":{"yinyin377":6,"-":7}},{"path":"src/main/java/Test/ExitCommandTest.java","fileType":"java","lines":[{"lineNumber":1,"author":{"gitId":"-"},"content":"package Test;","lastModifiedDate":"2021-09-16"},{"lineNumber":2,"author":{"gitId":"-"},"content":"","lastModifiedDate":"2021-09-16"},{"lineNumber":3,"author":{"gitId":"-"},"content":"","lastModifiedDate":"2021-09-16"},{"lineNumber":4,"author":{"gitId":"-"},"content":"import Duke.ExitCommand;","lastModifiedDate":"2021-09-16"},{"lineNumber":5,"author":{"gitId":"yinyin377"},"content":"//import org.junit.jupiter.api.Test;","lastModifiedDate":"2022-01-27"},{"lineNumber":6,"author":{"gitId":"-"},"content":"","lastModifiedDate":"2021-09-16"},{"lineNumber":7,"author":{"gitId":"yinyin377"},"content":"//import static org.junit.jupiter.api.Assertions.assertEquals;","lastModifiedDate":"2022-01-27"},{"lineNumber":8,"author":{"gitId":"-"},"content":"","lastModifiedDate":"2021-09-16"},{"lineNumber":9,"author":{"gitId":"-"},"content":"public class ExitCommandTest {","lastModifiedDate":"2021-09-16"},{"lineNumber":10,"author":{"gitId":"yinyin377"},"content":"    //@Test","lastModifiedDate":"2022-01-27"},{"lineNumber":11,"author":{"gitId":"yinyin377"},"content":"    //public void ExitCommand_Return_ExitIsTrue_ByDefault_Test(){","lastModifiedDate":"2022-01-27"},{"lineNumber":12,"author":{"gitId":"yinyin377"},"content":"     //   assertEquals(true,new ExitCommand().isExit());","lastModifiedDate":"2022-01-27"},{"lineNumber":13,"author":{"gitId":"yinyin377"},"content":"    //}","lastModifiedDate":"2022-01-27"},{"lineNumber":14,"author":{"gitId":"-"},"content":"","lastModifiedDate":"2021-09-16"},{"lineNumber":15,"author":{"gitId":"-"},"content":"","lastModifiedDate":"2021-09-16"},{"lineNumber":16,"author":{"gitId":"-"},"content":"}","lastModifiedDate":"2021-09-16"}],"authorContributionMap":{"yinyin377":6,"-":10}}]
