{"authorDailyContributionsMap":{"yinyin377":[{"date":"2022-01-27","commitResults":[{"hash":"e68287844d9637cb333813b2f1b83257c4ed0ed9","messageTitle":"add gradle","messageBody":"","tags":["A-Gradle"],"fileTypesAndContributionMap":{"java":{"insertions":125,"deletions":125}}}]},{"date":"2022-02-03","commitResults":[{"hash":"30d6cd227ecbce7c3c46b7075eba331434c96615","messageTitle":"Level-10","messageBody":"","tags":["Level-10"],"fileTypesAndContributionMap":{"gradle":{"insertions":21,"deletions":0}}}]},{"date":"2022-02-10","commitResults":[{"hash":"68ae06c6f3e1dcbe69f462cb47beb5eef7e83a25","messageTitle":"A-CI","messageBody":"","tags":["A-CI"],"fileTypesAndContributionMap":{"gradle":{"insertions":55,"deletions":1}}}]},{"date":"2022-02-20","commitResults":[{"hash":"da8213a344ffebf06dd433741627e11ae681aabd","messageTitle":"Setting up Gradle for JUnit","messageBody":"","fileTypesAndContributionMap":{"gradle":{"insertions":7,"deletions":0},"txt":{"insertions":1,"deletions":0},"java":{"insertions":23,"deletions":33}}},{"hash":"68226700863532aec338c7bdd1bbcca9dfcfe317","messageTitle":"Setting up A-CheckStyle","messageBody":"","tags":["A-CheckStyle"],"fileTypesAndContributionMap":{"gradle":{"insertions":1,"deletions":1},"java":{"insertions":44,"deletions":49},"bat":{"insertions":1,"deletions":1},"md":{"insertions":2,"deletions":2}}},{"hash":"5360fcbe42797d06a82e35c1264454c5f5a57914","messageTitle":"Create Jar","messageBody":"","tags":["v1.2"],"fileTypesAndContributionMap":{"fxml":{"insertions":35,"deletions":0},"java":{"insertions":594,"deletions":17}}}]},{"date":"2022-02-24","commitResults":[{"hash":"f1f1126f14190c188c853784aabf2fd0dcf88601","messageTitle":"update GUI Level-10","messageBody":"","fileTypesAndContributionMap":{"txt":{"insertions":4,"deletions":1},"fxml":{"insertions":8,"deletions":8},"java":{"insertions":54,"deletions":260}}},{"hash":"a7c5b3b66a123ec98009c7c8facfcdf1b397687c","messageTitle":"Update Continuous Integration","messageBody":"","fileTypesAndContributionMap":{"java":{"insertions":145,"deletions":409}}},{"hash":"de4ce588fb96dbeb290e562951565b6a8d18970d","messageTitle":"B-ViewSchedules","messageBody":"","tags":["BCD-Extension","B-ViewSchedules"],"fileTypesAndContributionMap":{"fxml":{"insertions":1,"deletions":1},"java":{"insertions":51,"deletions":6}}},{"hash":"9f40194f3ca8bb7237ceb64ede92076dc89feafa","messageTitle":"B-ViewSchedules","messageBody":"","fileTypesAndContributionMap":{"txt":{"insertions":2,"deletions":3},"java":{"insertions":17,"deletions":8}}},{"hash":"23f24c7a156a9a5653c6e92ed39d8859db019d46","messageTitle":"B-ViewSchedules","messageBody":"","fileTypesAndContributionMap":{"java":{"insertions":3,"deletions":1}}},{"hash":"2a27bc0e9c77802a6371ac0bb55a4a6dcf3624cd","messageTitle":"B-ViewSchedules","messageBody":"","fileTypesAndContributionMap":{"txt":{"insertions":3,"deletions":3},"java":{"insertions":9,"deletions":2}}},{"hash":"eb0a0df06ca02dc17340c253642bcdd550e0f3e1","messageTitle":"B-ViewSchedules","messageBody":"","fileTypesAndContributionMap":{"java":{"insertions":1,"deletions":1}}},{"hash":"bb7dd273d86a0c0c11831c0ff3f89df9b7cfa628","messageTitle":"A-HigherCodingQuality","messageBody":"","tags":["A-HigherCodingQuality"],"fileTypesAndContributionMap":{"txt":{"insertions":1,"deletions":1},"java":{"insertions":110,"deletions":138}}},{"hash":"735bb376252979b56796491beaf9fc3029e69430","messageTitle":"A-HigherCodingQuality","messageBody":"","fileTypesAndContributionMap":{"txt":{"insertions":3,"deletions":0},"java":{"insertions":7,"deletions":4}}},{"hash":"611fc4e64e5670091be3298bad4d3088423d46a9","messageTitle":"A-HigherCodingQuality","messageBody":"","fileTypesAndContributionMap":{"md":{"insertions":11,"deletions":24}}},{"hash":"adb59c810bfbba9d1c9e60637db928a725bd4831","messageTitle":"Update Documentation","messageBody":"","tags":["A-DraftDoc"],"fileTypesAndContributionMap":{"md":{"insertions":431,"deletions":2}}},{"hash":"4273ec7e92d34016491e81c1acafa45a39af810d","messageTitle":"Finalized Documentation","messageBody":"","fileTypesAndContributionMap":{"md":{"insertions":144,"deletions":247}}},{"hash":"b59b7667f3f0f265fc7f3f29808beaa97e6f159f","messageTitle":"Finalized Documentation","messageBody":"","tags":["A-Releasev1.0"],"fileTypesAndContributionMap":{"md":{"insertions":9,"deletions":57}}},{"hash":"f10716b9160c2b820f6be774b7957c60be3bc235","messageTitle":"A-Release","messageBody":"","fileTypesAndContributionMap":{"java":{"insertions":0,"deletions":66}}}]},{"date":"2022-02-25","commitResults":[{"hash":"1d364b87e809dd722dd8cfa18b942e7c87634ece","messageTitle":"Update UI","messageBody":"","fileTypesAndContributionMap":{"txt":{"insertions":0,"deletions":3}}}]}]},"authorFileTypeContributionMap":{"yinyin377":{"java":449,"md":329,"fxml":35,"sh":0,"bat":1,"gradle":83,"txt":3}},"authorContributionVariance":{"yinyin377":118464.234},"authorDisplayNameMap":{"yinyin377":"TIC4002-F18-3 LIM .. YIN"}}
