{"authorDailyContributionsMap":{"yinyin377":[{"date":"2022-01-27","commitResults":[{"hash":"e68287844d9637cb333813b2f1b83257c4ed0ed9","messageTitle":"add gradle","messageBody":"","tags":["A-Gradle"],"fileTypesAndContributionMap":{"java":{"insertions":125,"deletions":125}}}]},{"date":"2022-02-03","commitResults":[{"hash":"30d6cd227ecbce7c3c46b7075eba331434c96615","messageTitle":"Level-10","messageBody":"","tags":["Level-10"],"fileTypesAndContributionMap":{"gradle":{"insertions":21,"deletions":0}}}]}]},"authorFileTypeContributionMap":{"yinyin377":{"java":125,"md":0,"fxml":0,"sh":0,"bat":0,"gradle":21,"txt":0}},"authorContributionVariance":{"yinyin377":2400.134},"authorDisplayNameMap":{"yinyin377":"TIC4002-F18-3 LIM .. YIN"}}
