{"authorDailyContributionsMap":{"yinyin377":[{"date":"2022-01-27","commitResults":[{"hash":"e68287844d9637cb333813b2f1b83257c4ed0ed9","messageTitle":"add gradle","messageBody":"","tags":["A-Gradle"],"fileTypesAndContributionMap":{"java":{"insertions":125,"deletions":125}}}]}]},"authorFileTypeContributionMap":{"yinyin377":{"java":125,"md":0,"fxml":0,"sh":0,"bat":0,"gradle":0,"txt":0}},"authorContributionVariance":{"yinyin377":3279.3213},"authorDisplayNameMap":{"yinyin377":"TIC4002-F18-3 LIM .. YIN"}}
