{"authorDailyContributionsMap":{"yinyin377":[{"date":"2022-01-27","commitResults":[{"hash":"e68287844d9637cb333813b2f1b83257c4ed0ed9","messageTitle":"add gradle","messageBody":"","tags":["A-Gradle"],"fileTypesAndContributionMap":{"java":{"insertions":125,"deletions":125}}}]},{"date":"2022-02-03","commitResults":[{"hash":"30d6cd227ecbce7c3c46b7075eba331434c96615","messageTitle":"Level-10","messageBody":"","tags":["Level-10"],"fileTypesAndContributionMap":{"gradle":{"insertions":21,"deletions":0}}}]},{"date":"2022-02-10","commitResults":[{"hash":"68ae06c6f3e1dcbe69f462cb47beb5eef7e83a25","messageTitle":"A-CI","messageBody":"","tags":["A-CI"],"fileTypesAndContributionMap":{"gradle":{"insertions":55,"deletions":1}}}]},{"date":"2022-02-20","commitResults":[{"hash":"da8213a344ffebf06dd433741627e11ae681aabd","messageTitle":"Setting up Gradle for JUnit","messageBody":"","fileTypesAndContributionMap":{"gradle":{"insertions":7,"deletions":0},"txt":{"insertions":1,"deletions":0},"java":{"insertions":23,"deletions":33}}},{"hash":"68226700863532aec338c7bdd1bbcca9dfcfe317","messageTitle":"Setting up A-CheckStyle","messageBody":"","tags":["A-CheckStyle"],"fileTypesAndContributionMap":{"gradle":{"insertions":1,"deletions":1},"java":{"insertions":44,"deletions":49},"bat":{"insertions":1,"deletions":1},"md":{"insertions":2,"deletions":2}}},{"hash":"5360fcbe42797d06a82e35c1264454c5f5a57914","messageTitle":"Create Jar","messageBody":"","tags":["v1.2"],"fileTypesAndContributionMap":{"fxml":{"insertions":35,"deletions":0},"java":{"insertions":594,"deletions":17}}}]}]},"authorFileTypeContributionMap":{"yinyin377":{"java":751,"md":2,"fxml":35,"sh":0,"bat":1,"gradle":83,"txt":1}},"authorContributionVariance":{"yinyin377":16499.135},"authorDisplayNameMap":{"yinyin377":"TIC4002-F18-3 LIM .. YIN"}}
