[{"path":"src/main/java/Duke.java","fileType":"java","lines":[{"lineNumber":1,"author":{"gitId":"-"},"content":"import java.io.IOException;","lastModifiedDate":"2021-09-09"},{"lineNumber":2,"author":{"gitId":"-"},"content":"","lastModifiedDate":"2021-08-24"},{"lineNumber":3,"author":{"gitId":"-"},"content":"import commands.Command;","lastModifiedDate":"2021-09-17"},{"lineNumber":4,"author":{"gitId":"-"},"content":"import exceptions.DukeDateTimeError;","lastModifiedDate":"2021-09-19"},{"lineNumber":5,"author":{"gitId":"-"},"content":"import exceptions.DukeStorageError;","lastModifiedDate":"2021-09-13"},{"lineNumber":6,"author":{"gitId":"-"},"content":"import exceptions.DukeTaskInputException;","lastModifiedDate":"2021-09-17"},{"lineNumber":7,"author":{"gitId":"-"},"content":"import parser.Parser;","lastModifiedDate":"2021-09-17"},{"lineNumber":8,"author":{"gitId":"-"},"content":"import storage.Storage;","lastModifiedDate":"2021-09-15"},{"lineNumber":9,"author":{"gitId":"-"},"content":"import task_classes.TaskList;","lastModifiedDate":"2021-09-17"},{"lineNumber":10,"author":{"gitId":"-"},"content":"import ui.Ui;","lastModifiedDate":"2021-09-17"},{"lineNumber":11,"author":{"gitId":"-"},"content":"","lastModifiedDate":"2021-08-24"},{"lineNumber":12,"author":{"gitId":"YangShuogeng"},"content":"/*","lastModifiedDate":"2022-01-15"},{"lineNumber":13,"author":{"gitId":"YangShuogeng"},"content":"    15th Jan 2022, Repo to the new upstream repo (https://github.com/nus-tic4002-AY2122S2/ip)","lastModifiedDate":"2022-01-15"},{"lineNumber":14,"author":{"gitId":"YangShuogeng"},"content":" */","lastModifiedDate":"2022-01-15"},{"lineNumber":15,"author":{"gitId":"YangShuogeng"},"content":"","lastModifiedDate":"2022-01-15"},{"lineNumber":16,"author":{"gitId":"-"},"content":"public class Duke {","lastModifiedDate":"2019-07-29"},{"lineNumber":17,"author":{"gitId":"-"},"content":"","lastModifiedDate":"2021-09-15"},{"lineNumber":18,"author":{"gitId":"-"},"content":"    private TaskList taskList;","lastModifiedDate":"2021-09-17"},{"lineNumber":19,"author":{"gitId":"-"},"content":"    private Ui ui;","lastModifiedDate":"2021-09-15"},{"lineNumber":20,"author":{"gitId":"-"},"content":"    private Storage storage;","lastModifiedDate":"2021-09-15"},{"lineNumber":21,"author":{"gitId":"-"},"content":"","lastModifiedDate":"2021-09-15"},{"lineNumber":22,"author":{"gitId":"-"},"content":"    /**","lastModifiedDate":"2021-09-19"},{"lineNumber":23,"author":{"gitId":"-"},"content":"     * initialize Duke","lastModifiedDate":"2021-09-19"},{"lineNumber":24,"author":{"gitId":"-"},"content":"     *","lastModifiedDate":"2021-09-19"},{"lineNumber":25,"author":{"gitId":"-"},"content":"     * @param filePath the target file location in local drive to store or extract task data from","lastModifiedDate":"2021-09-19"},{"lineNumber":26,"author":{"gitId":"-"},"content":"     * @throws IOException handles all input error","lastModifiedDate":"2021-09-19"},{"lineNumber":27,"author":{"gitId":"-"},"content":"     * @throws DukeStorageError handles all error during local file extraction and save","lastModifiedDate":"2021-09-19"},{"lineNumber":28,"author":{"gitId":"-"},"content":"     */","lastModifiedDate":"2021-09-19"},{"lineNumber":29,"author":{"gitId":"-"},"content":"    public Duke (String filePath) throws IOException, DukeStorageError {","lastModifiedDate":"2021-09-18"},{"lineNumber":30,"author":{"gitId":"-"},"content":"        ui \u003d new Ui();","lastModifiedDate":"2021-09-17"},{"lineNumber":31,"author":{"gitId":"-"},"content":"        ui.showGreetingMessage();","lastModifiedDate":"2021-09-20"},{"lineNumber":32,"author":{"gitId":"-"},"content":"        storage \u003d new Storage (filePath);","lastModifiedDate":"2021-09-17"},{"lineNumber":33,"author":{"gitId":"-"},"content":"","lastModifiedDate":"2021-08-24"},{"lineNumber":34,"author":{"gitId":"-"},"content":"        try {","lastModifiedDate":"2021-09-17"},{"lineNumber":35,"author":{"gitId":"-"},"content":"            taskList \u003d new TaskList(storage.load());","lastModifiedDate":"2021-09-17"},{"lineNumber":36,"author":{"gitId":"-"},"content":"        } catch (DukeStorageError |  DukeDateTimeError e) {","lastModifiedDate":"2021-09-20"},{"lineNumber":37,"author":{"gitId":"-"},"content":"            ui.showLoadingError();","lastModifiedDate":"2021-09-17"},{"lineNumber":38,"author":{"gitId":"-"},"content":"            taskList \u003d new TaskList();","lastModifiedDate":"2021-09-17"},{"lineNumber":39,"author":{"gitId":"-"},"content":"        }","lastModifiedDate":"2021-09-17"},{"lineNumber":40,"author":{"gitId":"-"},"content":"    }","lastModifiedDate":"2021-09-17"},{"lineNumber":41,"author":{"gitId":"-"},"content":"","lastModifiedDate":"2021-09-13"},{"lineNumber":42,"author":{"gitId":"-"},"content":"    /**","lastModifiedDate":"2021-09-19"},{"lineNumber":43,"author":{"gitId":"-"},"content":"     * Start Duke","lastModifiedDate":"2021-09-19"},{"lineNumber":44,"author":{"gitId":"-"},"content":"     *","lastModifiedDate":"2021-09-19"},{"lineNumber":45,"author":{"gitId":"-"},"content":"     * @throws IOException Handle all input errors","lastModifiedDate":"2021-09-19"},{"lineNumber":46,"author":{"gitId":"-"},"content":"     */","lastModifiedDate":"2021-09-19"},{"lineNumber":47,"author":{"gitId":"-"},"content":"    private void run() throws IOException {","lastModifiedDate":"2021-09-17"},{"lineNumber":48,"author":{"gitId":"-"},"content":"        boolean isExit \u003d false;","lastModifiedDate":"2021-09-17"},{"lineNumber":49,"author":{"gitId":"-"},"content":"        while (!isExit) {","lastModifiedDate":"2021-09-17"},{"lineNumber":50,"author":{"gitId":"-"},"content":"            try {","lastModifiedDate":"2021-09-17"},{"lineNumber":51,"author":{"gitId":"-"},"content":"                String fullCommand \u003d ui.readCommand();","lastModifiedDate":"2021-09-17"},{"lineNumber":52,"author":{"gitId":"-"},"content":"                Ui.toPrintSeparateLine(); // show the divider line (\"________\")","lastModifiedDate":"2021-09-17"},{"lineNumber":53,"author":{"gitId":"-"},"content":"                Command c \u003d Parser.parse(fullCommand);","lastModifiedDate":"2021-09-17"},{"lineNumber":54,"author":{"gitId":"-"},"content":"                c.execute(taskList, ui, storage);","lastModifiedDate":"2021-09-17"},{"lineNumber":55,"author":{"gitId":"-"},"content":"                isExit \u003d c.isExit();","lastModifiedDate":"2021-09-17"},{"lineNumber":56,"author":{"gitId":"-"},"content":"            } catch (DukeTaskInputException e) {","lastModifiedDate":"2021-09-20"},{"lineNumber":57,"author":{"gitId":"-"},"content":"                String errorType \u003d DukeTaskInputException.getErrorType();","lastModifiedDate":"2021-09-17"},{"lineNumber":58,"author":{"gitId":"-"},"content":"","lastModifiedDate":"2021-09-17"},{"lineNumber":59,"author":{"gitId":"-"},"content":"                switch (errorType) {","lastModifiedDate":"2021-09-17"},{"lineNumber":60,"author":{"gitId":"-"},"content":"                    case \"taskListEmpty\":","lastModifiedDate":"2021-09-17"},{"lineNumber":61,"author":{"gitId":"-"},"content":"                        DukeTaskInputException.toPrintListIsEmtpyError();","lastModifiedDate":"2021-09-17"},{"lineNumber":62,"author":{"gitId":"-"},"content":"                        break;","lastModifiedDate":"2021-09-17"},{"lineNumber":63,"author":{"gitId":"-"},"content":"                    case \"commandCreateError\":","lastModifiedDate":"2021-09-17"},{"lineNumber":64,"author":{"gitId":"-"},"content":"                        DukeTaskInputException.toPrintCommandCreateError();","lastModifiedDate":"2021-09-17"},{"lineNumber":65,"author":{"gitId":"-"},"content":"                        break;","lastModifiedDate":"2021-09-17"},{"lineNumber":66,"author":{"gitId":"-"},"content":"                    case \"cannotUnderstand\":","lastModifiedDate":"2021-09-17"},{"lineNumber":67,"author":{"gitId":"-"},"content":"                        DukeTaskInputException.invalidFirstWordInput();","lastModifiedDate":"2021-09-17"},{"lineNumber":68,"author":{"gitId":"-"},"content":"                        break;","lastModifiedDate":"2021-09-17"},{"lineNumber":69,"author":{"gitId":"-"},"content":"                    default:","lastModifiedDate":"2021-09-17"},{"lineNumber":70,"author":{"gitId":"-"},"content":"                        DukeTaskInputException.formatWrong();","lastModifiedDate":"2021-09-17"},{"lineNumber":71,"author":{"gitId":"-"},"content":"                }","lastModifiedDate":"2021-09-17"},{"lineNumber":72,"author":{"gitId":"-"},"content":"            } catch(Exception  e) {","lastModifiedDate":"2021-09-20"},{"lineNumber":73,"author":{"gitId":"-"},"content":"                DukeTaskInputException.formatWrong();","lastModifiedDate":"2021-09-20"},{"lineNumber":74,"author":{"gitId":"-"},"content":"            } catch (DukeDateTimeError e) {","lastModifiedDate":"2021-09-20"},{"lineNumber":75,"author":{"gitId":"-"},"content":"                System.out.println(\"     OOps! The input dateTime format wrong. Please try again.\");","lastModifiedDate":"2021-09-20"},{"lineNumber":76,"author":{"gitId":"-"},"content":"            } finally {","lastModifiedDate":"2021-09-17"},{"lineNumber":77,"author":{"gitId":"-"},"content":"                Ui.toPrintSeparateLine();","lastModifiedDate":"2021-09-17"},{"lineNumber":78,"author":{"gitId":"-"},"content":"                System.out.println(\"\");","lastModifiedDate":"2021-09-17"},{"lineNumber":79,"author":{"gitId":"-"},"content":"            }","lastModifiedDate":"2021-09-17"},{"lineNumber":80,"author":{"gitId":"-"},"content":"        }","lastModifiedDate":"2021-09-17"},{"lineNumber":81,"author":{"gitId":"-"},"content":"","lastModifiedDate":"2021-09-17"},{"lineNumber":82,"author":{"gitId":"-"},"content":"        storage.transferToFile(taskList.getVectorList());","lastModifiedDate":"2021-09-17"},{"lineNumber":83,"author":{"gitId":"-"},"content":"    }","lastModifiedDate":"2021-09-17"},{"lineNumber":84,"author":{"gitId":"-"},"content":"","lastModifiedDate":"2021-09-09"},{"lineNumber":85,"author":{"gitId":"-"},"content":"    public static void main(String[] args) throws IOException, DukeStorageError {","lastModifiedDate":"2021-09-18"},{"lineNumber":86,"author":{"gitId":"-"},"content":"        new Duke(\"data/dukeTasks.txt\").run();","lastModifiedDate":"2021-09-18"},{"lineNumber":87,"author":{"gitId":"-"},"content":"    }","lastModifiedDate":"2019-07-29"},{"lineNumber":88,"author":{"gitId":"-"},"content":"}","lastModifiedDate":"2019-07-29"}],"authorContributionMap":{"-":84,"YangShuogeng":4}}]
