{"authorDailyContributionsMap":{"YangShuogeng":[{"date":"2022-01-15","commitResults":[{"hash":"3b5cae78af9a7869136a6758d826b46434ee30eb","messageTitle":"15th Jan 2022, Repo to the new upstream repo (https://github.com/nus-tic4002-AY2122S2/ip)","messageBody":"","fileTypesAndContributionMap":{"java":{"insertions":4,"deletions":0}}}]},{"date":"2022-01-22","commitResults":[{"hash":"2090ce6460bf112011fe43ad60859d240e238167","messageTitle":"Added some gradle files and checkstyle file","messageBody":"","tags":["A-CheckStyle"],"fileTypesAndContributionMap":{"gradle":{"insertions":47,"deletions":0},"java":{"insertions":2,"deletions":2},"bat":{"insertions":84,"deletions":0}}},{"hash":"5ebdecc45883d67af82637e8ce0998df09f38d90","messageTitle":"Use checkstyle function to correct some codes","messageBody":"","fileTypesAndContributionMap":{"java":{"insertions":7,"deletions":7}}}]},{"date":"2022-01-23","commitResults":[{"hash":"a88a65679e58739ba1b97bd39fbdb4b82eb341dd","messageTitle":"Correct code format according to checkstyle.","messageBody":"","fileTypesAndContributionMap":{"gradle":{"insertions":1,"deletions":0},"java":{"insertions":519,"deletions":391}}},{"hash":"1088e43e81036cb46528597ec9f3c4f2637dc1b9","messageTitle":"Update dependencies in buid.gradle file for JavaFX","messageBody":"","fileTypesAndContributionMap":{"gradle":{"insertions":14,"deletions":0}}}]},{"date":"2022-01-27","commitResults":[{"hash":"ab5cba6c476b28b262c77cc9676dfa2beed7e9a4","messageTitle":"Added few JavaFX function","messageBody":"","tags":["Level-10"],"fileTypesAndContributionMap":{"gradle":{"insertions":2,"deletions":0},"java":{"insertions":29,"deletions":1}}}]},{"date":"2022-01-29","commitResults":[{"hash":"30462d63839dab84f21803106d541b29ee11507c","messageTitle":"Moved the Launcher file to base directory","messageBody":"","fileTypesAndContributionMap":{"java":{"insertions":9,"deletions":10}}},{"hash":"48692de369facbebc645a98f8543e3ac41a3fe1e","messageTitle":"Added scrollPane, userInput, sendButton to the scene.","messageBody":"","fileTypesAndContributionMap":{"java":{"insertions":26,"deletions":9}}},{"hash":"4056282d1c4925226893aa9fecac0fe3e2f80268","messageTitle":"Formatting the window to look as expected","messageBody":"","fileTypesAndContributionMap":{"java":{"insertions":33,"deletions":0}}},{"hash":"628e2898e6f15b1f746d2aca531656f87cb256ee","messageTitle":"JaveFX Tut part 3 Iteration 1","messageBody":"","fileTypesAndContributionMap":{"java":{"insertions":28,"deletions":1}}},{"hash":"ec7ec2c69367df29b5cc6aa8f4efd08d19147075","messageTitle":"JavaFX Tut part 3 ---\u003e Interacting with User","messageBody":"","fileTypesAndContributionMap":{"java":{"insertions":84,"deletions":0}}}]},{"date":"2022-01-30","commitResults":[{"hash":"857a7bae99a23e246723948c6fa35b4fca670cba","messageTitle":"Level-10-modification","messageBody":"","fileTypesAndContributionMap":{"java":{"insertions":2,"deletions":1}}}]},{"date":"2022-02-01","commitResults":[{"hash":"6492cb33a4f6ee0da87c02bd5fa6fdf6397ea718","messageTitle":"Try on call function from other class and print to GUI","messageBody":"","fileTypesAndContributionMap":{"java":{"insertions":36,"deletions":11}}},{"hash":"b57470dc1c9500f57f3e67de593d4afab0fa7f52","messageTitle":"Convert all exception return to String type instead of print out directly.","messageBody":"","fileTypesAndContributionMap":{"txt":{"insertions":8,"deletions":0},"fxml":{"insertions":35,"deletions":0},"java":{"insertions":209,"deletions":189}}},{"hash":"8716e8d4c2f72a2877dc0740858bab455c04fee5","messageTitle":"Update all Command type\u0027s Execute funtion to String type and add return value;","messageBody":"","fileTypesAndContributionMap":{"java":{"insertions":98,"deletions":11}}}]}]},"authorFileTypeContributionMap":{"YangShuogeng":{"java":597,"md":0,"fxml":35,"sh":0,"bat":84,"gradle":64,"txt":8}},"authorContributionVariance":{"YangShuogeng":48550.918},"authorDisplayNameMap":{"YangShuogeng":"TIC4002-F18-5 YANG..GENG"}}
