{"authorDailyContributionsMap":{"YangShuogeng":[{"date":"2022-01-15","commitResults":[{"hash":"3b5cae78af9a7869136a6758d826b46434ee30eb","messageTitle":"15th Jan 2022, Repo to the new upstream repo (https://github.com/nus-tic4002-AY2122S2/ip)","messageBody":"","fileTypesAndContributionMap":{"java":{"insertions":4,"deletions":0}}}]},{"date":"2022-01-22","commitResults":[{"hash":"2090ce6460bf112011fe43ad60859d240e238167","messageTitle":"Added some gradle files and checkstyle file","messageBody":"","tags":["A-CheckStyle"],"fileTypesAndContributionMap":{"gradle":{"insertions":47,"deletions":0},"java":{"insertions":2,"deletions":2},"bat":{"insertions":84,"deletions":0}}},{"hash":"5ebdecc45883d67af82637e8ce0998df09f38d90","messageTitle":"Use checkstyle function to correct some codes","messageBody":"","fileTypesAndContributionMap":{"java":{"insertions":7,"deletions":7}}}]}]},"authorFileTypeContributionMap":{"YangShuogeng":{"java":8,"md":0,"fxml":0,"sh":0,"bat":84,"gradle":47,"txt":0}},"authorContributionVariance":{"YangShuogeng":1570.4852},"authorDisplayNameMap":{"YangShuogeng":"TIC4002-F18-5 YANG..GENG"}}
