{"authorDailyContributionsMap":{"YangShuogeng":[{"date":"2022-01-15","commitResults":[{"hash":"3b5cae78af9a7869136a6758d826b46434ee30eb","messageTitle":"15th Jan 2022, Repo to the new upstream repo (https://github.com/nus-tic4002-AY2122S2/ip)","messageBody":"","fileTypesAndContributionMap":{"java":{"insertions":4,"deletions":0}}}]}]},"authorFileTypeContributionMap":{"YangShuogeng":{"java":4,"md":0,"fxml":0,"sh":0,"bat":0,"gradle":0,"txt":0}},"authorContributionVariance":{"YangShuogeng":2.222222},"authorDisplayNameMap":{"YangShuogeng":"TIC4002-F18-5 YANG..GENG"}}
