{"authorDailyContributionsMap":{"YangShuogeng":[{"date":"2022-01-15","commitResults":[{"hash":"3b5cae78af9a7869136a6758d826b46434ee30eb","messageTitle":"15th Jan 2022, Repo to the new upstream repo (https://github.com/nus-tic4002-AY2122S2/ip)","messageBody":"","fileTypesAndContributionMap":{"java":{"insertions":4,"deletions":0}}}]},{"date":"2022-01-22","commitResults":[{"hash":"2090ce6460bf112011fe43ad60859d240e238167","messageTitle":"Added some gradle files and checkstyle file","messageBody":"","tags":["A-CheckStyle"],"fileTypesAndContributionMap":{"gradle":{"insertions":47,"deletions":0},"java":{"insertions":2,"deletions":2},"bat":{"insertions":84,"deletions":0}}},{"hash":"5ebdecc45883d67af82637e8ce0998df09f38d90","messageTitle":"Use checkstyle function to correct some codes","messageBody":"","fileTypesAndContributionMap":{"java":{"insertions":7,"deletions":7}}}]},{"date":"2022-01-23","commitResults":[{"hash":"a88a65679e58739ba1b97bd39fbdb4b82eb341dd","messageTitle":"Correct code format according to checkstyle.","messageBody":"","fileTypesAndContributionMap":{"gradle":{"insertions":1,"deletions":0},"java":{"insertions":519,"deletions":391}}},{"hash":"1088e43e81036cb46528597ec9f3c4f2637dc1b9","messageTitle":"Update dependencies in buid.gradle file for JavaFX","messageBody":"","fileTypesAndContributionMap":{"gradle":{"insertions":14,"deletions":0}}}]},{"date":"2022-01-27","commitResults":[{"hash":"ab5cba6c476b28b262c77cc9676dfa2beed7e9a4","messageTitle":"Added few JavaFX function","messageBody":"","fileTypesAndContributionMap":{"gradle":{"insertions":2,"deletions":0},"java":{"insertions":29,"deletions":1}}}]},{"date":"2022-01-29","commitResults":[{"hash":"30462d63839dab84f21803106d541b29ee11507c","messageTitle":"Moved the Launcher file to base directory","messageBody":"","fileTypesAndContributionMap":{"java":{"insertions":9,"deletions":10}}},{"hash":"48692de369facbebc645a98f8543e3ac41a3fe1e","messageTitle":"Added scrollPane, userInput, sendButton to the scene.","messageBody":"","fileTypesAndContributionMap":{"java":{"insertions":26,"deletions":9}}},{"hash":"4056282d1c4925226893aa9fecac0fe3e2f80268","messageTitle":"Formatting the window to look as expected","messageBody":"","fileTypesAndContributionMap":{"java":{"insertions":33,"deletions":0}}},{"hash":"628e2898e6f15b1f746d2aca531656f87cb256ee","messageTitle":"JaveFX Tut part 3 Iteration 1","messageBody":"","fileTypesAndContributionMap":{"java":{"insertions":28,"deletions":1}}},{"hash":"ec7ec2c69367df29b5cc6aa8f4efd08d19147075","messageTitle":"JavaFX Tut part 3 ---\u003e Interacting with User","messageBody":"","fileTypesAndContributionMap":{"java":{"insertions":84,"deletions":0}}}]},{"date":"2022-01-30","commitResults":[{"hash":"857a7bae99a23e246723948c6fa35b4fca670cba","messageTitle":"Level-10-modification","messageBody":"","fileTypesAndContributionMap":{"java":{"insertions":2,"deletions":1}}}]},{"date":"2022-02-01","commitResults":[{"hash":"6492cb33a4f6ee0da87c02bd5fa6fdf6397ea718","messageTitle":"Try on call function from other class and print to GUI","messageBody":"","fileTypesAndContributionMap":{"java":{"insertions":36,"deletions":11}}},{"hash":"b57470dc1c9500f57f3e67de593d4afab0fa7f52","messageTitle":"Convert all exception return to String type instead of print out directly.","messageBody":"","fileTypesAndContributionMap":{"txt":{"insertions":8,"deletions":0},"fxml":{"insertions":35,"deletions":0},"java":{"insertions":209,"deletions":189}}},{"hash":"8716e8d4c2f72a2877dc0740858bab455c04fee5","messageTitle":"Update all Command type\u0027s Execute funtion to String type and add return value;","messageBody":"","fileTypesAndContributionMap":{"java":{"insertions":98,"deletions":11}}}]},{"date":"2022-02-02","commitResults":[{"hash":"c8faee82d1ef8bfa8d66bad177ef0fd921cf95f7","messageTitle":"Updated all Command\u0027s print to return String","messageBody":"","fileTypesAndContributionMap":{"txt":{"insertions":1,"deletions":0},"java":{"insertions":129,"deletions":32}}},{"hash":"5a13ef9ac8c1af4f16f8d9a53b71f83e3a30edc4","messageTitle":"Fixed data extraction from Txt file bug (added \u0027super.setType(\"T\"); to public Todo (String description, Boolean taskStatus) instructor function)","messageBody":"","fileTypesAndContributionMap":{"txt":{"insertions":3,"deletions":1},"java":{"insertions":78,"deletions":42}}},{"hash":"c20229f253a4358b595d56ef8a90e9019d49d0c8","messageTitle":"Updated \u0027AddCommand\u0027 output","messageBody":"","fileTypesAndContributionMap":{"txt":{"insertions":2,"deletions":1},"java":{"insertions":4,"deletions":30}}},{"hash":"d626b8bea27273c59289661904a4c6d3f9bd9222","messageTitle":"Fixed done command index bug","messageBody":"","fileTypesAndContributionMap":{"txt":{"insertions":6,"deletions":4},"java":{"insertions":2,"deletions":1}}},{"hash":"31e7041bf754bc7e6572650a4ab933ecc9384afc","messageTitle":"Updated Find command output","messageBody":"","fileTypesAndContributionMap":{"txt":{"insertions":4,"deletions":5},"java":{"insertions":3,"deletions":11}}},{"hash":"aa571ab2f5e4ca4e0ab091ec03bc2f7ffdc45aeb","messageTitle":"clear","messageBody":"","fileTypesAndContributionMap":{"java":{"insertions":1,"deletions":0}}},{"hash":"894392b05c84f614ecfdab51c71675255eaab4f8","messageTitle":"Added initial greeting from Duke","messageBody":"","fileTypesAndContributionMap":{"txt":{"insertions":0,"deletions":1},"java":{"insertions":62,"deletions":114}}},{"hash":"046e637ebf55fc79b3a5f3c473c9329abce93564","messageTitle":"Update coding style issue","messageBody":"","tags":["GUI-Release"],"fileTypesAndContributionMap":{"java":{"insertions":20,"deletions":17}}}]},{"date":"2022-02-10","commitResults":[{"hash":"42655dde7baeb225aa2e20bf65cc65fb229b592b","messageTitle":"Created \u0027Schedule\u0027 class under Command package","messageBody":"","fileTypesAndContributionMap":{"java":{"insertions":56,"deletions":2}}}]},{"date":"2022-02-11","commitResults":[{"hash":"f148939e1bc47aa22e8c202df8684ab733c10c8b","messageTitle":"Added B-ViewSchedules","messageBody":"","tags":["B-ViewSchedules"],"fileTypesAndContributionMap":{"txt":{"insertions":4,"deletions":3},"java":{"insertions":34,"deletions":10}}},{"hash":"69169a71eae62f6d5368265dc237b14e4af549d2","messageTitle":"Added C-BetterSearch","messageBody":"","tags":["C-BetterSearch"],"fileTypesAndContributionMap":{"txt":{"insertions":1,"deletions":0},"java":{"insertions":6,"deletions":2}}},{"hash":"913ea51fd2cf00183271fc87ce555b79ce98bbe7","messageTitle":"Added duplicatedCheck function in AddCommand class","messageBody":"","fileTypesAndContributionMap":{"java":{"insertions":26,"deletions":6}}},{"hash":"84465b71f99ec4aa4b160013ddaf4cb67d3c1f52","messageTitle":"Added duplicated checking ability to all type of task input","messageBody":"","tags":["C-DetectDuplicates"],"fileTypesAndContributionMap":{"java":{"insertions":16,"deletions":0}}}]},{"date":"2022-02-12","commitResults":[{"hash":"cfc46bbd97be673fc5fdc5e352f6270e6f2bed96","messageTitle":"Updated Code quality of AddComand.java, FindCommand.java and Schedule.java files","messageBody":"","fileTypesAndContributionMap":{"java":{"insertions":29,"deletions":23}}},{"hash":"0a41238365e94ad8e323e62e400f29b43529c981","messageTitle":"Update Schedule.java code quolity","messageBody":"","fileTypesAndContributionMap":{"java":{"insertions":7,"deletions":7}}},{"hash":"291f24187ecb69cd71099fdf53f2dd5300e7acc8","messageTitle":"Updated and corrected all code style.","messageBody":"","fileTypesAndContributionMap":{"java":{"insertions":7,"deletions":6}}},{"hash":"d0794b616aa7e07c96911a512057d3c29b2f2dc6","messageTitle":"Update the if-else nested loop code quality","messageBody":"","fileTypesAndContributionMap":{"java":{"insertions":37,"deletions":18}}},{"hash":"961ac7f8c79aace5f4228156c7ba9be5749398dc","messageTitle":"Move combined conditions out from if-else nested loop.","messageBody":"","fileTypesAndContributionMap":{"java":{"insertions":14,"deletions":13}}},{"hash":"fe62cf7b03e958aa78e2ac97fa6613491a294db2","messageTitle":"Removed all un-use functions and command lines","messageBody":"","fileTypesAndContributionMap":{"txt":{"insertions":0,"deletions":1},"java":{"insertions":4,"deletions":113}}},{"hash":"77bd4a6390373ba2db904623a5ed2b096388901f","messageTitle":"Added Ui.png picture and DeveloperGuide.md and UserGuide.md","messageBody":"","fileTypesAndContributionMap":{"md":{"insertions":0,"deletions":0}}},{"hash":"0303bd379a8b24c5c2636c7d133f26a20217952e","messageTitle":"Update Ui.png image with lesser blank aera","messageBody":"","fileTypesAndContributionMap":{"txt":{"insertions":1,"deletions":2}}},{"hash":"16d01b009221e4ec637a822295835849c52da965","messageTitle":"Remove gradlew and gradlew.bat file","messageBody":"","fileTypesAndContributionMap":{"bat":{"insertions":0,"deletions":84}}},{"hash":"a21f4fab91eff2145411beb459d1d0cdf6bf0014","messageTitle":"Build gradle wrapper","messageBody":"","fileTypesAndContributionMap":{"bat":{"insertions":84,"deletions":0}}},{"hash":"09017c12fc4e311746d15f20c6236c3b050a373f","messageTitle":"Removed unused import in Ui.java","messageBody":"","fileTypesAndContributionMap":{"java":{"insertions":0,"deletions":2}}},{"hash":"560cc4b8e2505a7e9dd876a859e66cddcd2d76a3","messageTitle":"UserGuide done","messageBody":"","fileTypesAndContributionMap":{"txt":{"insertions":0,"deletions":8},"md":{"insertions":99,"deletions":0}}}]}]},"authorFileTypeContributionMap":{"YangShuogeng":{"java":899,"md":99,"fxml":35,"sh":0,"bat":84,"gradle":64,"txt":4}},"authorContributionVariance":{"YangShuogeng":47923.406},"authorDisplayNameMap":{"YangShuogeng":"TIC4002-F18-5 YANG..GENG"}}
