{"authorDailyContributionsMap":{"YangShuogeng":[{"date":"2022-01-15","commitResults":[{"hash":"3b5cae78af9a7869136a6758d826b46434ee30eb","messageTitle":"15th Jan 2022, Repo to the new upstream repo (https://github.com/nus-tic4002-AY2122S2/ip)","messageBody":"","fileTypesAndContributionMap":{"java":{"insertions":4,"deletions":0}}}]},{"date":"2022-01-22","commitResults":[{"hash":"2090ce6460bf112011fe43ad60859d240e238167","messageTitle":"Added some gradle files and checkstyle file","messageBody":"","tags":["A-CheckStyle"],"fileTypesAndContributionMap":{"gradle":{"insertions":47,"deletions":0},"java":{"insertions":2,"deletions":2},"bat":{"insertions":84,"deletions":0}}},{"hash":"5ebdecc45883d67af82637e8ce0998df09f38d90","messageTitle":"Use checkstyle function to correct some codes","messageBody":"","fileTypesAndContributionMap":{"java":{"insertions":7,"deletions":7}}}]},{"date":"2022-01-23","commitResults":[{"hash":"a88a65679e58739ba1b97bd39fbdb4b82eb341dd","messageTitle":"Correct code format according to checkstyle.","messageBody":"","fileTypesAndContributionMap":{"gradle":{"insertions":1,"deletions":0},"java":{"insertions":519,"deletions":391}}},{"hash":"1088e43e81036cb46528597ec9f3c4f2637dc1b9","messageTitle":"Update dependencies in buid.gradle file for JavaFX","messageBody":"","fileTypesAndContributionMap":{"gradle":{"insertions":14,"deletions":0}}}]},{"date":"2022-01-27","commitResults":[{"hash":"ab5cba6c476b28b262c77cc9676dfa2beed7e9a4","messageTitle":"Added few JavaFX function","messageBody":"","tags":["Level-10"],"fileTypesAndContributionMap":{"gradle":{"insertions":2,"deletions":0},"java":{"insertions":29,"deletions":1}}}]},{"date":"2022-01-29","commitResults":[{"hash":"30462d63839dab84f21803106d541b29ee11507c","messageTitle":"Moved the Launcher file to base directory","messageBody":"","fileTypesAndContributionMap":{"java":{"insertions":9,"deletions":10}}}]}]},"authorFileTypeContributionMap":{"YangShuogeng":{"java":322,"md":0,"fxml":0,"sh":0,"bat":84,"gradle":64,"txt":0}},"authorContributionVariance":{"YangShuogeng":40774.75},"authorDisplayNameMap":{"YangShuogeng":"TIC4002-F18-5 YANG..GENG"}}
