[{"path":"src/main/duke/Duke.java","fileType":"java","lines":[{"lineNumber":1,"author":{"gitId":"-"},"content":"package duke;","lastModifiedDate":"2021-09-27"},{"lineNumber":2,"author":{"gitId":"-"},"content":"","lastModifiedDate":"2021-09-27"},{"lineNumber":3,"author":{"gitId":"-"},"content":"import duke.command.Command;","lastModifiedDate":"2021-09-27"},{"lineNumber":4,"author":{"gitId":"-"},"content":"import duke.exception.DukeException;","lastModifiedDate":"2021-09-27"},{"lineNumber":5,"author":{"gitId":"-"},"content":"import duke.storage.Storage;","lastModifiedDate":"2021-09-27"},{"lineNumber":6,"author":{"gitId":"-"},"content":"import duke.task.Parser;","lastModifiedDate":"2021-09-27"},{"lineNumber":7,"author":{"gitId":"-"},"content":"import duke.task.TaskList;","lastModifiedDate":"2021-09-27"},{"lineNumber":8,"author":{"gitId":"-"},"content":"import duke.ui.Ui;","lastModifiedDate":"2021-09-27"},{"lineNumber":9,"author":{"gitId":"-"},"content":"","lastModifiedDate":"2021-08-14"},{"lineNumber":10,"author":{"gitId":"-"},"content":"public class Duke {","lastModifiedDate":"2019-07-29"},{"lineNumber":11,"author":{"gitId":"-"},"content":"    private TaskList tasks;","lastModifiedDate":"2021-08-14"},{"lineNumber":12,"author":{"gitId":"-"},"content":"    private Ui ui;","lastModifiedDate":"2021-08-14"},{"lineNumber":13,"author":{"gitId":"-"},"content":"    private Storage storage;","lastModifiedDate":"2021-08-14"},{"lineNumber":14,"author":{"gitId":"-"},"content":"","lastModifiedDate":"2021-08-14"},{"lineNumber":15,"author":{"gitId":"-"},"content":"    public Duke() {","lastModifiedDate":"2021-08-14"},{"lineNumber":16,"author":{"gitId":"-"},"content":"        storage \u003d new Storage(\"data/duke.txt\");","lastModifiedDate":"2021-08-14"},{"lineNumber":17,"author":{"gitId":"-"},"content":"        ui \u003d new Ui();","lastModifiedDate":"2021-08-14"},{"lineNumber":18,"author":{"gitId":"-"},"content":"        try {","lastModifiedDate":"2021-08-14"},{"lineNumber":19,"author":{"gitId":"-"},"content":"            tasks \u003d new TaskList(storage);","lastModifiedDate":"2021-08-14"},{"lineNumber":20,"author":{"gitId":"-"},"content":"        } catch (DukeException e) {","lastModifiedDate":"2021-08-14"},{"lineNumber":21,"author":{"gitId":"-"},"content":"            ui.printErrorMsg(e);","lastModifiedDate":"2021-08-14"},{"lineNumber":22,"author":{"gitId":"-"},"content":"        }","lastModifiedDate":"2021-08-14"},{"lineNumber":23,"author":{"gitId":"-"},"content":"    }","lastModifiedDate":"2021-08-14"},{"lineNumber":24,"author":{"gitId":"-"},"content":"","lastModifiedDate":"2021-08-14"},{"lineNumber":25,"author":{"gitId":"-"},"content":"    /**","lastModifiedDate":"2021-08-14"},{"lineNumber":26,"author":{"gitId":"ivanhlb"},"content":"     * Run loop of Duke. Now to update for TIC4002.","lastModifiedDate":"2022-02-06"},{"lineNumber":27,"author":{"gitId":"-"},"content":"     */","lastModifiedDate":"2021-08-14"},{"lineNumber":28,"author":{"gitId":"-"},"content":"    public void run() {","lastModifiedDate":"2021-08-14"},{"lineNumber":29,"author":{"gitId":"-"},"content":"        boolean running \u003d true;","lastModifiedDate":"2021-08-14"},{"lineNumber":30,"author":{"gitId":"-"},"content":"        ui.printHelloMsg();","lastModifiedDate":"2021-08-14"},{"lineNumber":31,"author":{"gitId":"-"},"content":"        while (running) {","lastModifiedDate":"2021-08-14"},{"lineNumber":32,"author":{"gitId":"-"},"content":"            try {","lastModifiedDate":"2021-08-14"},{"lineNumber":33,"author":{"gitId":"-"},"content":"                String fullCommand \u003d ui.readCommand();","lastModifiedDate":"2021-08-14"},{"lineNumber":34,"author":{"gitId":"-"},"content":"                Command c \u003d Parser.parseInput(fullCommand);","lastModifiedDate":"2021-08-14"},{"lineNumber":35,"author":{"gitId":"-"},"content":"                c.execute(tasks, ui, storage);","lastModifiedDate":"2021-08-14"},{"lineNumber":36,"author":{"gitId":"-"},"content":"                running \u003d !c.isExit();","lastModifiedDate":"2021-08-14"},{"lineNumber":37,"author":{"gitId":"-"},"content":"            } catch (DukeException e) {","lastModifiedDate":"2021-08-14"},{"lineNumber":38,"author":{"gitId":"-"},"content":"                ui.printErrorMsg(e);","lastModifiedDate":"2021-08-14"},{"lineNumber":39,"author":{"gitId":"-"},"content":"            } catch (IndexOutOfBoundsException e) {","lastModifiedDate":"2021-08-14"},{"lineNumber":40,"author":{"gitId":"-"},"content":"                ui.printErrorMsg(e);","lastModifiedDate":"2021-08-14"},{"lineNumber":41,"author":{"gitId":"-"},"content":"            }","lastModifiedDate":"2021-08-14"},{"lineNumber":42,"author":{"gitId":"-"},"content":"        }","lastModifiedDate":"2021-08-14"},{"lineNumber":43,"author":{"gitId":"-"},"content":"    }","lastModifiedDate":"2021-08-14"},{"lineNumber":44,"author":{"gitId":"-"},"content":"","lastModifiedDate":"2021-08-14"},{"lineNumber":45,"author":{"gitId":"-"},"content":"    public static void main(String[] args) {","lastModifiedDate":"2019-07-29"},{"lineNumber":46,"author":{"gitId":"-"},"content":"        new Duke().run();","lastModifiedDate":"2021-08-14"},{"lineNumber":47,"author":{"gitId":"-"},"content":"    }","lastModifiedDate":"2019-07-29"},{"lineNumber":48,"author":{"gitId":"-"},"content":"}","lastModifiedDate":"2019-07-29"}],"authorContributionMap":{"ivanhlb":1,"-":47}}]
