{"authorDailyContributionsMap":{"ivanhlb":[{"date":"2022-02-06","commitResults":[{"hash":"08e7c7e6f0f484afe153392877b55168ffddcf2f","messageTitle":"Begin TIC4002","messageBody":"","fileTypesAndContributionMap":{"java":{"insertions":1,"deletions":1}}}]},{"date":"2022-02-14","commitResults":[{"hash":"47e8d533464b6564942783b56c0f9e03559a25eb","messageTitle":"Added Gradle support. Able to run.","messageBody":"","fileTypesAndContributionMap":{"gradle":{"insertions":8,"deletions":2},"md":{"insertions":30,"deletions":11}}},{"hash":"e53ddfcb5be6096705c0945eecbe61513bef6606","messageTitle":"Added Gradle runtest config.","messageBody":"","tags":["A-Gradle"],"fileTypesAndContributionMap":{"gradle":{"insertions":5,"deletions":0}}},{"hash":"5885380a279737ce01f45b22d94070492e1bcd1c","messageTitle":"WIP to conform to checkstyle","messageBody":"","fileTypesAndContributionMap":{"java":{"insertions":291,"deletions":228}}},{"hash":"c579f470de454fddb5e17c02f826ecc3ac7362df","messageTitle":"Compliance to Checkstyle rules.","messageBody":"","tags":["A-CheckStyle"],"fileTypesAndContributionMap":{"java":{"insertions":94,"deletions":42}}}]}]},"authorFileTypeContributionMap":{"ivanhlb":{"java":294,"md":30,"fxml":0,"sh":0,"bat":0,"gradle":13,"txt":0}},"authorContributionVariance":{"ivanhlb":13650.102},"authorDisplayNameMap":{"ivanhlb":"TIC4002-F18-4 IVAN..BOON"}}
