{"authorDailyContributionsMap":{"ivanhlb":[{"date":"2022-02-06","commitResults":[{"hash":"08e7c7e6f0f484afe153392877b55168ffddcf2f","messageTitle":"Begin TIC4002","messageBody":"","fileTypesAndContributionMap":{"java":{"insertions":1,"deletions":1}}}]},{"date":"2022-02-14","commitResults":[{"hash":"47e8d533464b6564942783b56c0f9e03559a25eb","messageTitle":"Added Gradle support. Able to run.","messageBody":"","fileTypesAndContributionMap":{"gradle":{"insertions":8,"deletions":2},"md":{"insertions":30,"deletions":11}}},{"hash":"e53ddfcb5be6096705c0945eecbe61513bef6606","messageTitle":"Added Gradle runtest config.","messageBody":"","tags":["A-Gradle"],"fileTypesAndContributionMap":{"gradle":{"insertions":5,"deletions":0}}},{"hash":"5885380a279737ce01f45b22d94070492e1bcd1c","messageTitle":"WIP to conform to checkstyle","messageBody":"","fileTypesAndContributionMap":{"java":{"insertions":291,"deletions":228}}},{"hash":"c579f470de454fddb5e17c02f826ecc3ac7362df","messageTitle":"Compliance to Checkstyle rules.","messageBody":"","tags":["A-CheckStyle"],"fileTypesAndContributionMap":{"java":{"insertions":94,"deletions":42}}}]},{"date":"2022-02-17","commitResults":[{"hash":"28ea920b76b737916982fbdde8c7afc2c83ea47d","messageTitle":"WIP for GUI version","messageBody":"","fileTypesAndContributionMap":{"gradle":{"insertions":14,"deletions":0},"java":{"insertions":192,"deletions":52}}},{"hash":"94c9f985e1ee41e03b5ca337681a6ccef7955be8","messageTitle":"WIP, left editCommand","messageBody":"","fileTypesAndContributionMap":{"java":{"insertions":48,"deletions":18},"md":{"insertions":2,"deletions":2}}}]},{"date":"2022-02-19","commitResults":[{"hash":"e6a8e44038a5e4b59c02472e335060cd04045dc6","messageTitle":"Fix for editing commands. Fully Working GUI.","messageBody":"","fileTypesAndContributionMap":{"java":{"insertions":112,"deletions":28}}}]},{"date":"2022-02-20","commitResults":[{"hash":"636e2c216419517e4ef8ecd770cf9bded4335301","messageTitle":"updated build.gradle and files for gradle jar build.","messageBody":"","fileTypesAndContributionMap":{"gradle":{"insertions":7,"deletions":2},"java":{"insertions":4,"deletions":1}}},{"hash":"0a63f7e08e8e904e3ca8b0bab16a0fa5c405350d","messageTitle":"Fix for checkStyle, removed unused import.","messageBody":"","fileTypesAndContributionMap":{"java":{"insertions":0,"deletions":2}}},{"hash":"68c132a39108a77a8801599460d75a9724202a8e","messageTitle":"Implemented sort command, also fixed finicky save/load function by replacing nonstandard checkmark/crossmark with o/x.","messageBody":"","tags":["BCD-Extension"],"fileTypesAndContributionMap":{"java":{"insertions":33,"deletions":7}}},{"hash":"1904f1410e856b0b53a939b5b4f207b32125ee3f","messageTitle":"Refactored inline EventHandler to its own class.","messageBody":"","tags":["A-HigherCodingQuality"],"fileTypesAndContributionMap":{"java":{"insertions":65,"deletions":43}}},{"hash":"b2630e9a697cb804b11e9363dc50fb8f89e053db","messageTitle":"Updated InputEventHandler to be more readable.","messageBody":"","fileTypesAndContributionMap":{"java":{"insertions":15,"deletions":13}}}]}]},"authorFileTypeContributionMap":{"ivanhlb":{"java":651,"md":30,"fxml":0,"sh":0,"bat":0,"gradle":33,"txt":0}},"authorContributionVariance":{"ivanhlb":14873.546},"authorDisplayNameMap":{"ivanhlb":"TIC4002-F18-4 IVAN..BOON"}}
