[{"path":"build.gradle","fileType":"gradle","lines":[{"lineNumber":1,"author":{"gitId":"-"},"content":"plugins {","lastModifiedDate":"2020-05-25"},{"lineNumber":2,"author":{"gitId":"-"},"content":"    id \u0027java\u0027","lastModifiedDate":"2020-05-25"},{"lineNumber":3,"author":{"gitId":"-"},"content":"    id \u0027application\u0027","lastModifiedDate":"2020-05-25"},{"lineNumber":4,"author":{"gitId":"-"},"content":"    id \u0027com.github.johnrengelman.shadow\u0027 version \u00275.1.0\u0027","lastModifiedDate":"2020-05-25"},{"lineNumber":5,"author":{"gitId":"-"},"content":"}","lastModifiedDate":"2020-05-25"},{"lineNumber":6,"author":{"gitId":"-"},"content":"","lastModifiedDate":"2020-05-25"},{"lineNumber":7,"author":{"gitId":"-"},"content":"repositories {","lastModifiedDate":"2020-05-25"},{"lineNumber":8,"author":{"gitId":"-"},"content":"    mavenCentral()","lastModifiedDate":"2020-05-25"},{"lineNumber":9,"author":{"gitId":"-"},"content":"}","lastModifiedDate":"2020-05-25"},{"lineNumber":10,"author":{"gitId":"-"},"content":"","lastModifiedDate":"2020-05-25"},{"lineNumber":11,"author":{"gitId":"-"},"content":"dependencies {","lastModifiedDate":"2020-05-25"},{"lineNumber":12,"author":{"gitId":"-"},"content":"    testImplementation group: \u0027org.junit.jupiter\u0027, name: \u0027junit-jupiter-api\u0027, version: \u00275.5.0\u0027","lastModifiedDate":"2020-05-25"},{"lineNumber":13,"author":{"gitId":"Elxyng"},"content":"    testImplementation group: \u0027org.junit.jupiter\u0027, name: \u0027junit-jupiter-params\u0027, version: \u00275.5.0\u0027","lastModifiedDate":"2022-01-20"},{"lineNumber":14,"author":{"gitId":"-"},"content":"    testRuntimeOnly group: \u0027org.junit.jupiter\u0027, name: \u0027junit-jupiter-engine\u0027, version: \u00275.5.0\u0027","lastModifiedDate":"2020-05-25"},{"lineNumber":15,"author":{"gitId":"-"},"content":"}","lastModifiedDate":"2020-05-25"},{"lineNumber":16,"author":{"gitId":"-"},"content":"","lastModifiedDate":"2020-05-25"},{"lineNumber":17,"author":{"gitId":"-"},"content":"test {","lastModifiedDate":"2020-05-25"},{"lineNumber":18,"author":{"gitId":"-"},"content":"    useJUnitPlatform()","lastModifiedDate":"2020-05-25"},{"lineNumber":19,"author":{"gitId":"-"},"content":"","lastModifiedDate":"2020-05-25"},{"lineNumber":20,"author":{"gitId":"-"},"content":"    testLogging {","lastModifiedDate":"2020-05-25"},{"lineNumber":21,"author":{"gitId":"-"},"content":"        events \"passed\", \"skipped\", \"failed\"","lastModifiedDate":"2020-05-25"},{"lineNumber":22,"author":{"gitId":"-"},"content":"","lastModifiedDate":"2020-05-25"},{"lineNumber":23,"author":{"gitId":"-"},"content":"        showExceptions true","lastModifiedDate":"2020-05-25"},{"lineNumber":24,"author":{"gitId":"-"},"content":"        exceptionFormat \"full\"","lastModifiedDate":"2020-05-25"},{"lineNumber":25,"author":{"gitId":"-"},"content":"        showCauses true","lastModifiedDate":"2020-05-25"},{"lineNumber":26,"author":{"gitId":"-"},"content":"        showStackTraces true","lastModifiedDate":"2020-05-25"},{"lineNumber":27,"author":{"gitId":"-"},"content":"        showStandardStreams \u003d false","lastModifiedDate":"2020-05-25"},{"lineNumber":28,"author":{"gitId":"-"},"content":"    }","lastModifiedDate":"2020-05-25"},{"lineNumber":29,"author":{"gitId":"-"},"content":"}","lastModifiedDate":"2020-05-25"},{"lineNumber":30,"author":{"gitId":"-"},"content":"","lastModifiedDate":"2020-05-25"},{"lineNumber":31,"author":{"gitId":"-"},"content":"application {","lastModifiedDate":"2020-05-25"},{"lineNumber":32,"author":{"gitId":"Elxyng"},"content":"    mainClassName \u003d \"Duke\"","lastModifiedDate":"2022-01-20"},{"lineNumber":33,"author":{"gitId":"-"},"content":"}","lastModifiedDate":"2020-05-25"},{"lineNumber":34,"author":{"gitId":"-"},"content":"","lastModifiedDate":"2020-05-25"},{"lineNumber":35,"author":{"gitId":"-"},"content":"shadowJar {","lastModifiedDate":"2020-05-25"},{"lineNumber":36,"author":{"gitId":"-"},"content":"    archiveBaseName \u003d \"duke\"","lastModifiedDate":"2020-05-25"},{"lineNumber":37,"author":{"gitId":"-"},"content":"    archiveClassifier \u003d null","lastModifiedDate":"2020-05-25"},{"lineNumber":38,"author":{"gitId":"-"},"content":"}","lastModifiedDate":"2020-05-25"},{"lineNumber":39,"author":{"gitId":"-"},"content":"","lastModifiedDate":"2020-05-25"},{"lineNumber":40,"author":{"gitId":"-"},"content":"run{","lastModifiedDate":"2020-05-25"},{"lineNumber":41,"author":{"gitId":"-"},"content":"    standardInput \u003d System.in","lastModifiedDate":"2020-05-25"},{"lineNumber":42,"author":{"gitId":"-"},"content":"}","lastModifiedDate":"2020-05-25"}],"authorContributionMap":{"Elxyng":2,"-":40}},{"path":"src/test/java/tasklist/DeadlineTest.java","fileType":"java","lines":[{"lineNumber":1,"author":{"gitId":"-"},"content":"package tasklist;","lastModifiedDate":"2021-09-19"},{"lineNumber":2,"author":{"gitId":"-"},"content":"","lastModifiedDate":"2021-09-19"},{"lineNumber":3,"author":{"gitId":"-"},"content":"import org.junit.jupiter.api.Test;","lastModifiedDate":"2021-09-19"},{"lineNumber":4,"author":{"gitId":"-"},"content":"import org.junit.jupiter.params.ParameterizedTest;","lastModifiedDate":"2021-09-19"},{"lineNumber":5,"author":{"gitId":"-"},"content":"import org.junit.jupiter.params.aggregator.ArgumentsAccessor;","lastModifiedDate":"2021-09-19"},{"lineNumber":6,"author":{"gitId":"-"},"content":"import org.junit.jupiter.params.provider.CsvSource;","lastModifiedDate":"2021-09-19"},{"lineNumber":7,"author":{"gitId":"-"},"content":"","lastModifiedDate":"2021-09-19"},{"lineNumber":8,"author":{"gitId":"-"},"content":"import java.text.ParseException;","lastModifiedDate":"2021-09-19"},{"lineNumber":9,"author":{"gitId":"-"},"content":"import java.text.SimpleDateFormat;","lastModifiedDate":"2021-09-19"},{"lineNumber":10,"author":{"gitId":"-"},"content":"import java.util.Date;","lastModifiedDate":"2021-09-19"},{"lineNumber":11,"author":{"gitId":"-"},"content":"","lastModifiedDate":"2021-09-19"},{"lineNumber":12,"author":{"gitId":"-"},"content":"import static org.junit.jupiter.api.Assertions.*;","lastModifiedDate":"2021-09-19"},{"lineNumber":13,"author":{"gitId":"-"},"content":"","lastModifiedDate":"2021-09-19"},{"lineNumber":14,"author":{"gitId":"-"},"content":"class DeadlineTest {","lastModifiedDate":"2021-09-19"},{"lineNumber":15,"author":{"gitId":"-"},"content":"","lastModifiedDate":"2021-09-19"},{"lineNumber":16,"author":{"gitId":"-"},"content":"    @Test","lastModifiedDate":"2021-09-19"},{"lineNumber":17,"author":{"gitId":"-"},"content":"    void testToString() {","lastModifiedDate":"2021-09-19"},{"lineNumber":18,"author":{"gitId":"-"},"content":"        Task t \u003d new Deadline(\"Duke\", \"12 oct 2021\");","lastModifiedDate":"2021-09-19"},{"lineNumber":19,"author":{"gitId":"-"},"content":"        assertEquals(\"[D][\" + t.getStatusIcon() + \"] Duke (by: 12 oct 2021)\", t.toString());","lastModifiedDate":"2021-09-19"},{"lineNumber":20,"author":{"gitId":"-"},"content":"    }","lastModifiedDate":"2021-09-19"},{"lineNumber":21,"author":{"gitId":"-"},"content":"","lastModifiedDate":"2021-09-19"},{"lineNumber":22,"author":{"gitId":"-"},"content":"    @Test","lastModifiedDate":"2021-09-19"},{"lineNumber":23,"author":{"gitId":"-"},"content":"    void testSaveFormat() {","lastModifiedDate":"2021-09-19"},{"lineNumber":24,"author":{"gitId":"-"},"content":"        Task t \u003d new Deadline(\"Duke\", \"12 oct 2021\");","lastModifiedDate":"2021-09-19"},{"lineNumber":25,"author":{"gitId":"-"},"content":"        assertEquals(\"D | 0 | Duke | 12 oct 2021\", t.saveFormat());","lastModifiedDate":"2021-09-19"},{"lineNumber":26,"author":{"gitId":"-"},"content":"    }","lastModifiedDate":"2021-09-19"},{"lineNumber":27,"author":{"gitId":"-"},"content":"","lastModifiedDate":"2021-09-19"},{"lineNumber":28,"author":{"gitId":"-"},"content":"","lastModifiedDate":"2021-09-19"},{"lineNumber":29,"author":{"gitId":"-"},"content":"    @ParameterizedTest","lastModifiedDate":"2021-09-19"},{"lineNumber":30,"author":{"gitId":"-"},"content":"    @CsvSource({","lastModifiedDate":"2021-09-19"},{"lineNumber":31,"author":{"gitId":"-"},"content":"            \"Duke, 12 oct 2021\",","lastModifiedDate":"2021-09-19"},{"lineNumber":32,"author":{"gitId":"-"},"content":"            \"Duke, Date not specified\"","lastModifiedDate":"2021-09-19"},{"lineNumber":33,"author":{"gitId":"-"},"content":"    })","lastModifiedDate":"2021-09-19"},{"lineNumber":34,"author":{"gitId":"-"},"content":"    void testFindDate(ArgumentsAccessor arguments) throws ParseException {","lastModifiedDate":"2021-09-19"},{"lineNumber":35,"author":{"gitId":"-"},"content":"        Deadline t \u003d new Deadline(arguments.getString(0),arguments.getString(1));","lastModifiedDate":"2021-09-19"},{"lineNumber":36,"author":{"gitId":"-"},"content":"        SimpleDateFormat dateFormat \u003d new SimpleDateFormat(\"dd MMM yyyy\");","lastModifiedDate":"2021-09-19"},{"lineNumber":37,"author":{"gitId":"-"},"content":"        Date date \u003d dateFormat.parse(\"12 oct 2021\");","lastModifiedDate":"2021-09-19"},{"lineNumber":38,"author":{"gitId":"-"},"content":"","lastModifiedDate":"2021-09-19"},{"lineNumber":39,"author":{"gitId":"-"},"content":"        if (t.time.equals(\"Date not specified\")) {","lastModifiedDate":"2021-09-19"},{"lineNumber":40,"author":{"gitId":"-"},"content":"            assertFalse(t.findDate(date, \"deadline\"));","lastModifiedDate":"2021-09-19"},{"lineNumber":41,"author":{"gitId":"-"},"content":"        }else {","lastModifiedDate":"2021-09-19"},{"lineNumber":42,"author":{"gitId":"-"},"content":"            assertTrue(t.findDate(date, \"deadline\"));","lastModifiedDate":"2021-09-19"},{"lineNumber":43,"author":{"gitId":"-"},"content":"        }","lastModifiedDate":"2021-09-19"},{"lineNumber":44,"author":{"gitId":"-"},"content":"","lastModifiedDate":"2021-09-19"},{"lineNumber":45,"author":{"gitId":"-"},"content":"    }","lastModifiedDate":"2021-09-19"},{"lineNumber":46,"author":{"gitId":"-"},"content":"","lastModifiedDate":"2021-09-19"},{"lineNumber":47,"author":{"gitId":"-"},"content":"","lastModifiedDate":"2021-09-19"},{"lineNumber":48,"author":{"gitId":"-"},"content":"    @ParameterizedTest","lastModifiedDate":"2021-09-19"},{"lineNumber":49,"author":{"gitId":"-"},"content":"    @CsvSource({","lastModifiedDate":"2021-09-19"},{"lineNumber":50,"author":{"gitId":"-"},"content":"            \"Duke, 13 oct 2021\",","lastModifiedDate":"2021-09-19"},{"lineNumber":51,"author":{"gitId":"-"},"content":"            \"Duke, Date not specified\"","lastModifiedDate":"2021-09-19"},{"lineNumber":52,"author":{"gitId":"-"},"content":"    })","lastModifiedDate":"2021-09-19"},{"lineNumber":53,"author":{"gitId":"-"},"content":"    void testFindFromDateRange(ArgumentsAccessor arguments) throws ParseException {","lastModifiedDate":"2021-09-19"},{"lineNumber":54,"author":{"gitId":"-"},"content":"        Deadline t \u003d new Deadline(arguments.getString(0),arguments.getString(1));","lastModifiedDate":"2021-09-19"},{"lineNumber":55,"author":{"gitId":"-"},"content":"        SimpleDateFormat dateFormat \u003d new SimpleDateFormat(\"dd MMM yyyy\");","lastModifiedDate":"2021-09-19"},{"lineNumber":56,"author":{"gitId":"-"},"content":"        Date date \u003d dateFormat.parse(\"12 oct 2021\");","lastModifiedDate":"2021-09-19"},{"lineNumber":57,"author":{"gitId":"-"},"content":"","lastModifiedDate":"2021-09-19"},{"lineNumber":58,"author":{"gitId":"-"},"content":"        if (t.time.equals(\"Date not specified\")) {","lastModifiedDate":"2021-09-19"},{"lineNumber":59,"author":{"gitId":"-"},"content":"            assertFalse(t.findFromDateRange(date, \"deadline\"));","lastModifiedDate":"2021-09-19"},{"lineNumber":60,"author":{"gitId":"-"},"content":"        }else {","lastModifiedDate":"2021-09-19"},{"lineNumber":61,"author":{"gitId":"-"},"content":"            assertTrue(t.findFromDateRange(date, \"deadline\"));","lastModifiedDate":"2021-09-19"},{"lineNumber":62,"author":{"gitId":"-"},"content":"        }","lastModifiedDate":"2021-09-19"},{"lineNumber":63,"author":{"gitId":"-"},"content":"","lastModifiedDate":"2021-09-19"},{"lineNumber":64,"author":{"gitId":"-"},"content":"    }","lastModifiedDate":"2021-09-19"},{"lineNumber":65,"author":{"gitId":"-"},"content":"","lastModifiedDate":"2021-09-19"},{"lineNumber":66,"author":{"gitId":"-"},"content":"    @ParameterizedTest","lastModifiedDate":"2021-09-19"},{"lineNumber":67,"author":{"gitId":"-"},"content":"    @CsvSource({","lastModifiedDate":"2021-09-19"},{"lineNumber":68,"author":{"gitId":"-"},"content":"            \"Duke, 14 oct 2021\",","lastModifiedDate":"2021-09-19"},{"lineNumber":69,"author":{"gitId":"-"},"content":"            \"Duke, Date not specified\"","lastModifiedDate":"2021-09-19"},{"lineNumber":70,"author":{"gitId":"-"},"content":"    })","lastModifiedDate":"2021-09-19"},{"lineNumber":71,"author":{"gitId":"-"},"content":"    void testFindBetweenDateRange(ArgumentsAccessor arguments) throws ParseException {","lastModifiedDate":"2021-09-19"},{"lineNumber":72,"author":{"gitId":"-"},"content":"        Deadline t \u003d new Deadline(arguments.getString(0), arguments.getString(1));","lastModifiedDate":"2021-09-19"},{"lineNumber":73,"author":{"gitId":"-"},"content":"        SimpleDateFormat dateFormat \u003d new SimpleDateFormat(\"dd MMM yyyy\");","lastModifiedDate":"2021-09-19"},{"lineNumber":74,"author":{"gitId":"-"},"content":"        Date fromDate \u003d dateFormat.parse(\"11 oct 2021\");","lastModifiedDate":"2021-09-19"},{"lineNumber":75,"author":{"gitId":"-"},"content":"        Date endDate \u003d dateFormat.parse(\"15 oct 2021\");","lastModifiedDate":"2021-09-19"},{"lineNumber":76,"author":{"gitId":"-"},"content":"","lastModifiedDate":"2021-09-19"},{"lineNumber":77,"author":{"gitId":"-"},"content":"        if (t.time.equals(\"Date not specified\")) {","lastModifiedDate":"2021-09-19"},{"lineNumber":78,"author":{"gitId":"-"},"content":"            assertFalse(t.findBetweenDateRange(fromDate, endDate, \"deadline\"));","lastModifiedDate":"2021-09-19"},{"lineNumber":79,"author":{"gitId":"-"},"content":"        } else {","lastModifiedDate":"2021-09-19"},{"lineNumber":80,"author":{"gitId":"-"},"content":"            assertTrue(t.findBetweenDateRange(fromDate, endDate, \"deadline\"));","lastModifiedDate":"2021-09-19"},{"lineNumber":81,"author":{"gitId":"-"},"content":"        }","lastModifiedDate":"2021-09-19"},{"lineNumber":82,"author":{"gitId":"-"},"content":"    }","lastModifiedDate":"2021-09-19"},{"lineNumber":83,"author":{"gitId":"-"},"content":"","lastModifiedDate":"2021-09-19"},{"lineNumber":84,"author":{"gitId":"-"},"content":"    @ParameterizedTest","lastModifiedDate":"2021-09-19"},{"lineNumber":85,"author":{"gitId":"-"},"content":"    @CsvSource({","lastModifiedDate":"2021-09-19"},{"lineNumber":86,"author":{"gitId":"-"},"content":"            \"tasks\",","lastModifiedDate":"2021-09-19"},{"lineNumber":87,"author":{"gitId":"-"},"content":"            \"todos\",","lastModifiedDate":"2021-09-19"},{"lineNumber":88,"author":{"gitId":"-"},"content":"            \"deadlines\",","lastModifiedDate":"2021-09-19"},{"lineNumber":89,"author":{"gitId":"-"},"content":"            \"events\"","lastModifiedDate":"2021-09-19"},{"lineNumber":90,"author":{"gitId":"-"},"content":"    })","lastModifiedDate":"2021-09-19"},{"lineNumber":91,"author":{"gitId":"-"},"content":"    void testTaskType(ArgumentsAccessor arguments) {","lastModifiedDate":"2021-09-19"},{"lineNumber":92,"author":{"gitId":"-"},"content":"        Task t \u003d new Deadline(\"Duke\", \"12 oct 2021\");","lastModifiedDate":"2021-09-19"},{"lineNumber":93,"author":{"gitId":"Elxyng"},"content":"        if (arguments.getString(0).equals(\"deadline\")){","lastModifiedDate":"2022-01-20"},{"lineNumber":94,"author":{"gitId":"-"},"content":"            assertTrue(t.taskType(arguments.getString(0)));","lastModifiedDate":"2021-09-19"},{"lineNumber":95,"author":{"gitId":"-"},"content":"        }else {","lastModifiedDate":"2021-09-19"},{"lineNumber":96,"author":{"gitId":"-"},"content":"            assertFalse(t.taskType(arguments.getString(0)));","lastModifiedDate":"2021-09-19"},{"lineNumber":97,"author":{"gitId":"-"},"content":"        }","lastModifiedDate":"2021-09-19"},{"lineNumber":98,"author":{"gitId":"-"},"content":"    }","lastModifiedDate":"2021-09-19"},{"lineNumber":99,"author":{"gitId":"-"},"content":"","lastModifiedDate":"2021-09-19"},{"lineNumber":100,"author":{"gitId":"-"},"content":"}","lastModifiedDate":"2021-09-19"}],"authorContributionMap":{"Elxyng":1,"-":99}},{"path":"src/test/java/tasklist/EventTest.java","fileType":"java","lines":[{"lineNumber":1,"author":{"gitId":"-"},"content":"package tasklist;","lastModifiedDate":"2021-09-19"},{"lineNumber":2,"author":{"gitId":"-"},"content":"","lastModifiedDate":"2021-09-19"},{"lineNumber":3,"author":{"gitId":"-"},"content":"import org.junit.jupiter.api.Test;","lastModifiedDate":"2021-09-19"},{"lineNumber":4,"author":{"gitId":"-"},"content":"import org.junit.jupiter.params.ParameterizedTest;","lastModifiedDate":"2021-09-19"},{"lineNumber":5,"author":{"gitId":"-"},"content":"import org.junit.jupiter.params.aggregator.ArgumentsAccessor;","lastModifiedDate":"2021-09-19"},{"lineNumber":6,"author":{"gitId":"-"},"content":"import org.junit.jupiter.params.provider.CsvSource;","lastModifiedDate":"2021-09-19"},{"lineNumber":7,"author":{"gitId":"-"},"content":"","lastModifiedDate":"2021-09-19"},{"lineNumber":8,"author":{"gitId":"-"},"content":"import java.text.ParseException;","lastModifiedDate":"2021-09-19"},{"lineNumber":9,"author":{"gitId":"-"},"content":"import java.text.SimpleDateFormat;","lastModifiedDate":"2021-09-19"},{"lineNumber":10,"author":{"gitId":"-"},"content":"import java.util.Date;","lastModifiedDate":"2021-09-19"},{"lineNumber":11,"author":{"gitId":"-"},"content":"","lastModifiedDate":"2021-09-19"},{"lineNumber":12,"author":{"gitId":"-"},"content":"import static org.junit.jupiter.api.Assertions.*;","lastModifiedDate":"2021-09-19"},{"lineNumber":13,"author":{"gitId":"-"},"content":"","lastModifiedDate":"2021-09-19"},{"lineNumber":14,"author":{"gitId":"-"},"content":"class EventTest {","lastModifiedDate":"2021-09-19"},{"lineNumber":15,"author":{"gitId":"-"},"content":"","lastModifiedDate":"2021-09-19"},{"lineNumber":16,"author":{"gitId":"-"},"content":"    @Test","lastModifiedDate":"2021-09-19"},{"lineNumber":17,"author":{"gitId":"-"},"content":"    void testToString() {","lastModifiedDate":"2021-09-19"},{"lineNumber":18,"author":{"gitId":"-"},"content":"        Task t \u003d new Event(\"Makeup Class\", \"12 oct 2021\");","lastModifiedDate":"2021-09-19"},{"lineNumber":19,"author":{"gitId":"-"},"content":"        assertEquals(\"[E][\" + t.getStatusIcon() + \"] Makeup Class (at: 12 oct 2021)\", t.toString());","lastModifiedDate":"2021-09-19"},{"lineNumber":20,"author":{"gitId":"-"},"content":"    }","lastModifiedDate":"2021-09-19"},{"lineNumber":21,"author":{"gitId":"-"},"content":"","lastModifiedDate":"2021-09-19"},{"lineNumber":22,"author":{"gitId":"-"},"content":"    @Test","lastModifiedDate":"2021-09-19"},{"lineNumber":23,"author":{"gitId":"-"},"content":"    void saveFormat() {","lastModifiedDate":"2021-09-19"},{"lineNumber":24,"author":{"gitId":"-"},"content":"        Task t \u003d new Event(\"Makeup Class\", \"12 oct 2021\");","lastModifiedDate":"2021-09-19"},{"lineNumber":25,"author":{"gitId":"-"},"content":"        assertEquals(\"E | 0 | Makeup Class | 12 oct 2021\", t.saveFormat());","lastModifiedDate":"2021-09-19"},{"lineNumber":26,"author":{"gitId":"-"},"content":"    }","lastModifiedDate":"2021-09-19"},{"lineNumber":27,"author":{"gitId":"-"},"content":"","lastModifiedDate":"2021-09-19"},{"lineNumber":28,"author":{"gitId":"-"},"content":"    @ParameterizedTest","lastModifiedDate":"2021-09-19"},{"lineNumber":29,"author":{"gitId":"-"},"content":"    @CsvSource({","lastModifiedDate":"2021-09-19"},{"lineNumber":30,"author":{"gitId":"-"},"content":"            \"Class gathering, 12 oct 2021\",","lastModifiedDate":"2021-09-19"},{"lineNumber":31,"author":{"gitId":"-"},"content":"            \"Class gathering, Date not specified\"","lastModifiedDate":"2021-09-19"},{"lineNumber":32,"author":{"gitId":"-"},"content":"    })","lastModifiedDate":"2021-09-19"},{"lineNumber":33,"author":{"gitId":"-"},"content":"    void testFindDate(ArgumentsAccessor arguments) throws ParseException {","lastModifiedDate":"2021-09-19"},{"lineNumber":34,"author":{"gitId":"-"},"content":"        Event t \u003d new Event(arguments.getString(0), arguments.getString(1));","lastModifiedDate":"2021-09-19"},{"lineNumber":35,"author":{"gitId":"-"},"content":"        SimpleDateFormat dateFormat \u003d new SimpleDateFormat(\"dd MMM yyyy\");","lastModifiedDate":"2021-09-19"},{"lineNumber":36,"author":{"gitId":"-"},"content":"        Date date \u003d dateFormat.parse(\"12 oct 2021\");","lastModifiedDate":"2021-09-19"},{"lineNumber":37,"author":{"gitId":"-"},"content":"","lastModifiedDate":"2021-09-19"},{"lineNumber":38,"author":{"gitId":"-"},"content":"        if (t.time.equals(\"Date not specified\")) {","lastModifiedDate":"2021-09-19"},{"lineNumber":39,"author":{"gitId":"-"},"content":"            assertFalse(t.findDate(date, \"event\"));","lastModifiedDate":"2021-09-19"},{"lineNumber":40,"author":{"gitId":"-"},"content":"        } else {","lastModifiedDate":"2021-09-19"},{"lineNumber":41,"author":{"gitId":"-"},"content":"            assertTrue(t.findDate(date, \"event\"));","lastModifiedDate":"2021-09-19"},{"lineNumber":42,"author":{"gitId":"-"},"content":"        }","lastModifiedDate":"2021-09-19"},{"lineNumber":43,"author":{"gitId":"-"},"content":"","lastModifiedDate":"2021-09-19"},{"lineNumber":44,"author":{"gitId":"-"},"content":"    }","lastModifiedDate":"2021-09-19"},{"lineNumber":45,"author":{"gitId":"-"},"content":"","lastModifiedDate":"2021-09-19"},{"lineNumber":46,"author":{"gitId":"-"},"content":"","lastModifiedDate":"2021-09-19"},{"lineNumber":47,"author":{"gitId":"-"},"content":"    @ParameterizedTest","lastModifiedDate":"2021-09-19"},{"lineNumber":48,"author":{"gitId":"-"},"content":"    @CsvSource({","lastModifiedDate":"2021-09-19"},{"lineNumber":49,"author":{"gitId":"-"},"content":"            \"Class gathering, 13 oct 2021\",","lastModifiedDate":"2021-09-19"},{"lineNumber":50,"author":{"gitId":"-"},"content":"            \"Class gathering, Date not specified\"","lastModifiedDate":"2021-09-19"},{"lineNumber":51,"author":{"gitId":"-"},"content":"    })","lastModifiedDate":"2021-09-19"},{"lineNumber":52,"author":{"gitId":"-"},"content":"    void testFindFromDateRange(ArgumentsAccessor arguments) throws ParseException {","lastModifiedDate":"2021-09-19"},{"lineNumber":53,"author":{"gitId":"-"},"content":"        Event t \u003d new Event(arguments.getString(0), arguments.getString(1));","lastModifiedDate":"2021-09-19"},{"lineNumber":54,"author":{"gitId":"-"},"content":"        SimpleDateFormat dateFormat \u003d new SimpleDateFormat(\"dd MMM yyyy\");","lastModifiedDate":"2021-09-19"},{"lineNumber":55,"author":{"gitId":"-"},"content":"        Date date \u003d dateFormat.parse(\"12 oct 2021\");","lastModifiedDate":"2021-09-19"},{"lineNumber":56,"author":{"gitId":"-"},"content":"","lastModifiedDate":"2021-09-19"},{"lineNumber":57,"author":{"gitId":"-"},"content":"        if (t.time.equals(\"Date not specified\")) {","lastModifiedDate":"2021-09-19"},{"lineNumber":58,"author":{"gitId":"-"},"content":"            assertFalse(t.findFromDateRange(date, \"event\"));","lastModifiedDate":"2021-09-19"},{"lineNumber":59,"author":{"gitId":"-"},"content":"        } else {","lastModifiedDate":"2021-09-19"},{"lineNumber":60,"author":{"gitId":"-"},"content":"            assertTrue(t.findFromDateRange(date, \"event\"));","lastModifiedDate":"2021-09-19"},{"lineNumber":61,"author":{"gitId":"-"},"content":"        }","lastModifiedDate":"2021-09-19"},{"lineNumber":62,"author":{"gitId":"-"},"content":"","lastModifiedDate":"2021-09-19"},{"lineNumber":63,"author":{"gitId":"-"},"content":"    }","lastModifiedDate":"2021-09-19"},{"lineNumber":64,"author":{"gitId":"-"},"content":"","lastModifiedDate":"2021-09-19"},{"lineNumber":65,"author":{"gitId":"-"},"content":"    @ParameterizedTest","lastModifiedDate":"2021-09-19"},{"lineNumber":66,"author":{"gitId":"-"},"content":"    @CsvSource({","lastModifiedDate":"2021-09-19"},{"lineNumber":67,"author":{"gitId":"-"},"content":"            \"Class gathering, 14 oct 2021\",","lastModifiedDate":"2021-09-19"},{"lineNumber":68,"author":{"gitId":"-"},"content":"            \"Class gathering, Date not specified\"","lastModifiedDate":"2021-09-19"},{"lineNumber":69,"author":{"gitId":"-"},"content":"    })","lastModifiedDate":"2021-09-19"},{"lineNumber":70,"author":{"gitId":"-"},"content":"    void testFindBetweenDateRange(ArgumentsAccessor arguments) throws ParseException {","lastModifiedDate":"2021-09-19"},{"lineNumber":71,"author":{"gitId":"-"},"content":"        Event t \u003d new Event(arguments.getString(0), arguments.getString(1));","lastModifiedDate":"2021-09-19"},{"lineNumber":72,"author":{"gitId":"-"},"content":"        SimpleDateFormat dateFormat \u003d new SimpleDateFormat(\"dd MMM yyyy\");","lastModifiedDate":"2021-09-19"},{"lineNumber":73,"author":{"gitId":"-"},"content":"        Date fromDate \u003d dateFormat.parse(\"11 oct 2021\");","lastModifiedDate":"2021-09-19"},{"lineNumber":74,"author":{"gitId":"-"},"content":"        Date endDate \u003d dateFormat.parse(\"15 oct 2021\");","lastModifiedDate":"2021-09-19"},{"lineNumber":75,"author":{"gitId":"-"},"content":"","lastModifiedDate":"2021-09-19"},{"lineNumber":76,"author":{"gitId":"-"},"content":"        if (t.time.equals(\"Date not specified\")) {","lastModifiedDate":"2021-09-19"},{"lineNumber":77,"author":{"gitId":"-"},"content":"            assertFalse(t.findBetweenDateRange(fromDate, endDate, \"event\"));","lastModifiedDate":"2021-09-19"},{"lineNumber":78,"author":{"gitId":"-"},"content":"        } else {","lastModifiedDate":"2021-09-19"},{"lineNumber":79,"author":{"gitId":"-"},"content":"            assertTrue(t.findBetweenDateRange(fromDate, endDate, \"event\"));","lastModifiedDate":"2021-09-19"},{"lineNumber":80,"author":{"gitId":"-"},"content":"        }","lastModifiedDate":"2021-09-19"},{"lineNumber":81,"author":{"gitId":"-"},"content":"    }","lastModifiedDate":"2021-09-19"},{"lineNumber":82,"author":{"gitId":"-"},"content":"","lastModifiedDate":"2021-09-19"},{"lineNumber":83,"author":{"gitId":"-"},"content":"    @ParameterizedTest","lastModifiedDate":"2021-09-19"},{"lineNumber":84,"author":{"gitId":"-"},"content":"    @CsvSource({","lastModifiedDate":"2021-09-19"},{"lineNumber":85,"author":{"gitId":"-"},"content":"            \"tasks\",","lastModifiedDate":"2021-09-19"},{"lineNumber":86,"author":{"gitId":"-"},"content":"            \"todos\",","lastModifiedDate":"2021-09-19"},{"lineNumber":87,"author":{"gitId":"-"},"content":"            \"deadlines\",","lastModifiedDate":"2021-09-19"},{"lineNumber":88,"author":{"gitId":"-"},"content":"            \"events\"","lastModifiedDate":"2021-09-19"},{"lineNumber":89,"author":{"gitId":"-"},"content":"    })","lastModifiedDate":"2021-09-19"},{"lineNumber":90,"author":{"gitId":"-"},"content":"    void testTaskType(ArgumentsAccessor arguments) {","lastModifiedDate":"2021-09-19"},{"lineNumber":91,"author":{"gitId":"-"},"content":"        Task t \u003d new Event(\"Class gathering\", \"12 oct 2021\");","lastModifiedDate":"2021-09-19"},{"lineNumber":92,"author":{"gitId":"Elxyng"},"content":"        if (arguments.getString(0).equals(\"event\")) {","lastModifiedDate":"2022-01-20"},{"lineNumber":93,"author":{"gitId":"-"},"content":"            assertTrue(t.taskType(arguments.getString(0)));","lastModifiedDate":"2021-09-19"},{"lineNumber":94,"author":{"gitId":"-"},"content":"        } else {","lastModifiedDate":"2021-09-19"},{"lineNumber":95,"author":{"gitId":"-"},"content":"            assertFalse(t.taskType(arguments.getString(0)));","lastModifiedDate":"2021-09-19"},{"lineNumber":96,"author":{"gitId":"-"},"content":"        }","lastModifiedDate":"2021-09-19"},{"lineNumber":97,"author":{"gitId":"-"},"content":"    }","lastModifiedDate":"2021-09-19"},{"lineNumber":98,"author":{"gitId":"-"},"content":"}","lastModifiedDate":"2021-09-19"}],"authorContributionMap":{"Elxyng":1,"-":97}},{"path":"src/test/java/tasklist/ToDoTest.java","fileType":"java","lines":[{"lineNumber":1,"author":{"gitId":"-"},"content":"package tasklist;","lastModifiedDate":"2021-09-19"},{"lineNumber":2,"author":{"gitId":"-"},"content":"","lastModifiedDate":"2021-09-19"},{"lineNumber":3,"author":{"gitId":"-"},"content":"import org.junit.jupiter.api.Test;","lastModifiedDate":"2021-09-19"},{"lineNumber":4,"author":{"gitId":"-"},"content":"import org.junit.jupiter.params.ParameterizedTest;","lastModifiedDate":"2021-09-19"},{"lineNumber":5,"author":{"gitId":"-"},"content":"import org.junit.jupiter.params.aggregator.ArgumentsAccessor;","lastModifiedDate":"2021-09-19"},{"lineNumber":6,"author":{"gitId":"-"},"content":"import org.junit.jupiter.params.provider.CsvSource;","lastModifiedDate":"2021-09-19"},{"lineNumber":7,"author":{"gitId":"-"},"content":"","lastModifiedDate":"2021-09-19"},{"lineNumber":8,"author":{"gitId":"-"},"content":"import java.text.ParseException;","lastModifiedDate":"2021-09-19"},{"lineNumber":9,"author":{"gitId":"-"},"content":"","lastModifiedDate":"2021-09-19"},{"lineNumber":10,"author":{"gitId":"-"},"content":"import static org.junit.jupiter.api.Assertions.*;","lastModifiedDate":"2021-09-19"},{"lineNumber":11,"author":{"gitId":"-"},"content":"","lastModifiedDate":"2021-09-19"},{"lineNumber":12,"author":{"gitId":"-"},"content":"class ToDoTest {","lastModifiedDate":"2021-09-19"},{"lineNumber":13,"author":{"gitId":"-"},"content":"","lastModifiedDate":"2021-09-19"},{"lineNumber":14,"author":{"gitId":"-"},"content":"    @Test","lastModifiedDate":"2021-09-19"},{"lineNumber":15,"author":{"gitId":"-"},"content":"    void testToString() {","lastModifiedDate":"2021-09-19"},{"lineNumber":16,"author":{"gitId":"-"},"content":"        Task t \u003d new ToDo(\"Duke\");","lastModifiedDate":"2021-09-19"},{"lineNumber":17,"author":{"gitId":"-"},"content":"        assertEquals(\"[T][\" + t.getStatusIcon() + \"] Duke\", t.toString());","lastModifiedDate":"2021-09-19"},{"lineNumber":18,"author":{"gitId":"-"},"content":"    }","lastModifiedDate":"2021-09-19"},{"lineNumber":19,"author":{"gitId":"-"},"content":"","lastModifiedDate":"2021-09-19"},{"lineNumber":20,"author":{"gitId":"-"},"content":"    @Test","lastModifiedDate":"2021-09-19"},{"lineNumber":21,"author":{"gitId":"-"},"content":"    void saveFormat() {","lastModifiedDate":"2021-09-19"},{"lineNumber":22,"author":{"gitId":"-"},"content":"        Task t \u003d new ToDo(\"Duke\");","lastModifiedDate":"2021-09-19"},{"lineNumber":23,"author":{"gitId":"-"},"content":"        assertEquals(\"T | 0 | Duke\", t.saveFormat());","lastModifiedDate":"2021-09-19"},{"lineNumber":24,"author":{"gitId":"-"},"content":"    }","lastModifiedDate":"2021-09-19"},{"lineNumber":25,"author":{"gitId":"-"},"content":"","lastModifiedDate":"2021-09-19"},{"lineNumber":26,"author":{"gitId":"-"},"content":"    @ParameterizedTest","lastModifiedDate":"2021-09-19"},{"lineNumber":27,"author":{"gitId":"-"},"content":"    @CsvSource({","lastModifiedDate":"2021-09-19"},{"lineNumber":28,"author":{"gitId":"-"},"content":"            \"tasks\",","lastModifiedDate":"2021-09-19"},{"lineNumber":29,"author":{"gitId":"-"},"content":"            \"todos\",","lastModifiedDate":"2021-09-19"},{"lineNumber":30,"author":{"gitId":"-"},"content":"            \"deadlines\",","lastModifiedDate":"2021-09-19"},{"lineNumber":31,"author":{"gitId":"-"},"content":"            \"events\"","lastModifiedDate":"2021-09-19"},{"lineNumber":32,"author":{"gitId":"-"},"content":"    })","lastModifiedDate":"2021-09-19"},{"lineNumber":33,"author":{"gitId":"-"},"content":"    void testTaskType(ArgumentsAccessor arguments) {","lastModifiedDate":"2021-09-19"},{"lineNumber":34,"author":{"gitId":"-"},"content":"        Task t \u003d new ToDo(\"Bills\");","lastModifiedDate":"2021-09-19"},{"lineNumber":35,"author":{"gitId":"Elxyng"},"content":"        if (arguments.getString(0).equals(\"todo\")){","lastModifiedDate":"2022-01-20"},{"lineNumber":36,"author":{"gitId":"-"},"content":"            assertTrue(t.taskType(arguments.getString(0)));","lastModifiedDate":"2021-09-19"},{"lineNumber":37,"author":{"gitId":"-"},"content":"        }else {","lastModifiedDate":"2021-09-19"},{"lineNumber":38,"author":{"gitId":"-"},"content":"            assertFalse(t.taskType(arguments.getString(0)));","lastModifiedDate":"2021-09-19"},{"lineNumber":39,"author":{"gitId":"-"},"content":"        }","lastModifiedDate":"2021-09-19"},{"lineNumber":40,"author":{"gitId":"-"},"content":"","lastModifiedDate":"2021-09-19"},{"lineNumber":41,"author":{"gitId":"-"},"content":"    }","lastModifiedDate":"2021-09-19"},{"lineNumber":42,"author":{"gitId":"-"},"content":"}","lastModifiedDate":"2021-09-19"}],"authorContributionMap":{"Elxyng":1,"-":41}}]
