{"authorDailyContributionsMap":{"Elxyng":[{"date":"2022-01-20","commitResults":[{"hash":"3614a082f23ba564b9bc2884b1e6748632888a97","messageTitle":"Use Gradle","messageBody":"","tags":["Level-10"],"fileTypesAndContributionMap":{"gradle":{"insertions":2,"deletions":6},"java":{"insertions":3,"deletions":3}}}]},{"date":"2022-02-18","commitResults":[{"hash":"c4f30d9a79b8fa4af469484b630580ac9b521f24","messageTitle":"Add a GUI","messageBody":"","fileTypesAndContributionMap":{"gradle":{"insertions":17,"deletions":1},"fxml":{"insertions":38,"deletions":0},"java":{"insertions":320,"deletions":117}}}]},{"date":"2022-02-20","commitResults":[{"hash":"ec079a7111683483815c776ed70745d4ed964467","messageTitle":"Add C-Sort","messageBody":"","fileTypesAndContributionMap":{"java":{"insertions":37,"deletions":0}}}]},{"date":"2022-02-21","commitResults":[{"hash":"15c405c5192b121b8fe5beba65d91a60e3e00255","messageTitle":"Increased code quality.","messageBody":"","tags":["UG"],"fileTypesAndContributionMap":{"java":{"insertions":75,"deletions":89}}},{"hash":"3761042ba3910324c1537940b9fd6e486b599c60","messageTitle":"Add user guide","messageBody":"","fileTypesAndContributionMap":{"md":{"insertions":304,"deletions":0}}},{"hash":"fa3fd05c9f5f92d3f3538dcefdfcd10c91a03aac","messageTitle":"User guide","messageBody":"","fileTypesAndContributionMap":{"md":{"insertions":18,"deletions":18}}},{"hash":"ea2579ee1e84d0706bf162fd4ecc9ff072da408c","messageTitle":"User guide","messageBody":"","fileTypesAndContributionMap":{"md":{"insertions":1,"deletions":1}}},{"hash":"65f77e117668d7b4a51d09d36b553098cf692334","messageTitle":"User guide","messageBody":"","fileTypesAndContributionMap":{"md":{"insertions":15,"deletions":15}}},{"hash":"68744478f18f59dfab4d86684206b6dab1d83f16","messageTitle":"User guide","messageBody":"","fileTypesAndContributionMap":{"md":{"insertions":1,"deletions":1}}},{"hash":"bebb7d8035acfef7217a115129c90a98b5161e1a","messageTitle":"User guide","messageBody":"","fileTypesAndContributionMap":{"md":{"insertions":18,"deletions":18}}},{"hash":"ba989a509472c315b40c4ccb4729b29d72de193f","messageTitle":"Developer guide","messageBody":"","fileTypesAndContributionMap":{"md":{"insertions":96,"deletions":0}}},{"hash":"fde53ca363855ec530f08d78b69e5a11b2d93650","messageTitle":"Developer Guide","messageBody":"","fileTypesAndContributionMap":{"md":{"insertions":1,"deletions":1}}},{"hash":"d8b27f6d6fee2bd412e240593b004c46fd10d677","messageTitle":"Update ReadMe and Add Ui.png","messageBody":"","fileTypesAndContributionMap":{"md":{"insertions":5,"deletions":284}}}]}]},"authorFileTypeContributionMap":{"Elxyng":{"java":366,"md":405,"fxml":38,"sh":0,"bat":0,"gradle":18,"txt":0}},"authorContributionVariance":{"Elxyng":25940.93},"authorDisplayNameMap":{"Elxyng":"TIC4002-F18-5 NG X..N YI"}}
