{"authorDailyContributionsMap":{"Elxyng":[{"date":"2022-01-20","commitResults":[{"hash":"3614a082f23ba564b9bc2884b1e6748632888a97","messageTitle":"Use Gradle","messageBody":"","tags":["Level-10"],"fileTypesAndContributionMap":{"gradle":{"insertions":2,"deletions":6},"java":{"insertions":3,"deletions":3}}}]},{"date":"2022-02-18","commitResults":[{"hash":"c4f30d9a79b8fa4af469484b630580ac9b521f24","messageTitle":"Add a GUI","messageBody":"","fileTypesAndContributionMap":{"gradle":{"insertions":17,"deletions":1},"fxml":{"insertions":38,"deletions":0},"java":{"insertions":320,"deletions":117}}}]}]},"authorFileTypeContributionMap":{"Elxyng":{"java":323,"md":0,"fxml":38,"sh":0,"bat":0,"gradle":18,"txt":0}},"authorContributionVariance":{"Elxyng":5920.4697},"authorDisplayNameMap":{"Elxyng":"TIC4002-F18-5 NG X..N YI"}}
