{"authorDailyContributionsMap":{"Elxyng":[{"date":"2022-01-20","commitResults":[{"hash":"3614a082f23ba564b9bc2884b1e6748632888a97","messageTitle":"Use Gradle","messageBody":"","fileTypesAndContributionMap":{"gradle":{"insertions":2,"deletions":6},"java":{"insertions":3,"deletions":3}}}]}]},"authorFileTypeContributionMap":{"Elxyng":{"java":3,"md":0,"fxml":0,"sh":0,"bat":0,"gradle":2,"txt":0}},"authorContributionVariance":{"Elxyng":16.198347},"authorDisplayNameMap":{"Elxyng":"TIC4002-F18-5 NG X..N YI"}}
