{"authorDailyContributionsMap":{"gweeyc":[{"date":"2022-01-21","commitResults":[{"hash":"8f829a135a19e981ab85b1714660aecadf125814","messageTitle":"Check coding style violations via gradle checkstyleTest \u0026 checkstyleMain.","messageBody":"","tags":["A-StricterCodingStandard"],"fileTypesAndContributionMap":{"gradle":{"insertions":4,"deletions":4},"java":{"insertions":97,"deletions":50},"md":{"insertions":56,"deletions":35}}}]}]},"authorFileTypeContributionMap":{"gweeyc":{"java":49,"md":32,"fxml":0,"sh":0,"bat":0,"gradle":3,"txt":0}},"authorContributionVariance":{"gweeyc":4622.75},"authorDisplayNameMap":{"gweeyc":"TIC4002-F18-5 GWEE..CHAI"}}
