{"authorDailyContributionsMap":{"gweeyc":[{"date":"2022-01-21","commitResults":[{"hash":"8f829a135a19e981ab85b1714660aecadf125814","messageTitle":"Check coding style violations via gradle checkstyleTest \u0026 checkstyleMain.","messageBody":"","tags":["A-StricterCodingStandard"],"fileTypesAndContributionMap":{"gradle":{"insertions":4,"deletions":4},"java":{"insertions":97,"deletions":50},"md":{"insertions":56,"deletions":35}}}]},{"date":"2022-01-22","commitResults":[{"hash":"71c49bf1029a8c10d7244833969b9999af9618e8","messageTitle":"Fixed code style to conform to checkstyle-Main \u0026 -Test.","messageBody":"Altered the checkstyle.xml to omit exhausive prompt for Javadoc for every method.\n","tags":["A-CheckStyle"],"fileTypesAndContributionMap":{"java":{"insertions":50,"deletions":42}}}]},{"date":"2022-02-04","commitResults":[{"hash":"3b9f25082fe98743bb0046e4753634062134f5b2","messageTitle":"Corrected README.md tasks\u0027 classifications.","messageBody":"Added JavaFx dependencies in build.gradle.\n","fileTypesAndContributionMap":{"gradle":{"insertions":15,"deletions":0},"md":{"insertions":2,"deletions":2}}}]},{"date":"2022-02-08","commitResults":[{"hash":"eb0112e6c5d53aeb295a4d2e7492bbf8f9b45d50","messageTitle":"Successfully added the JavaFX GUI to Duke App.","messageBody":"","tags":["v3.0","Level-10"],"fileTypesAndContributionMap":{"txt":{"insertions":2,"deletions":1},"fxml":{"insertions":40,"deletions":0},"java":{"insertions":244,"deletions":15}}},{"hash":"59e12ac98d775657283739622ce66b1d81d23074","messageTitle":"Corrected build.gradle and Manifest.mf code lines to point to Launcher Class.","messageBody":"","fileTypesAndContributionMap":{"gradle":{"insertions":10,"deletions":2}}}]}]},"authorFileTypeContributionMap":{"gweeyc":{"java":326,"md":34,"fxml":40,"sh":0,"bat":0,"gradle":27,"txt":2}},"authorContributionVariance":{"gweeyc":5097.6323},"authorDisplayNameMap":{"gweeyc":"TIC4002-F18-5 GWEE..CHAI"}}
