{"authorDailyContributionsMap":{"gweeyc":[{"date":"2022-01-21","commitResults":[{"hash":"8f829a135a19e981ab85b1714660aecadf125814","messageTitle":"Check coding style violations via gradle checkstyleTest \u0026 checkstyleMain.","messageBody":"","tags":["A-StricterCodingStandard"],"fileTypesAndContributionMap":{"gradle":{"insertions":4,"deletions":4},"java":{"insertions":97,"deletions":50},"md":{"insertions":56,"deletions":35}}}]},{"date":"2022-01-22","commitResults":[{"hash":"71c49bf1029a8c10d7244833969b9999af9618e8","messageTitle":"Fixed code style to conform to checkstyle-Main \u0026 -Test.","messageBody":"Altered the checkstyle.xml to omit exhausive prompt for Javadoc for every method.\n","tags":["A-CheckStyle"],"fileTypesAndContributionMap":{"java":{"insertions":50,"deletions":42}}}]},{"date":"2022-02-04","commitResults":[{"hash":"3b9f25082fe98743bb0046e4753634062134f5b2","messageTitle":"Corrected README.md tasks\u0027 classifications.","messageBody":"Added JavaFx dependencies in build.gradle.\n","fileTypesAndContributionMap":{"gradle":{"insertions":15,"deletions":0},"md":{"insertions":2,"deletions":2}}}]},{"date":"2022-02-08","commitResults":[{"hash":"eb0112e6c5d53aeb295a4d2e7492bbf8f9b45d50","messageTitle":"Successfully added the JavaFX GUI to Duke App.","messageBody":"","tags":["v3.0","Level-10"],"fileTypesAndContributionMap":{"txt":{"insertions":2,"deletions":1},"fxml":{"insertions":40,"deletions":0},"java":{"insertions":244,"deletions":15}}},{"hash":"59e12ac98d775657283739622ce66b1d81d23074","messageTitle":"Corrected build.gradle and Manifest.mf code lines to point to Launcher Class.","messageBody":"","fileTypesAndContributionMap":{"gradle":{"insertions":10,"deletions":2}}}]},{"date":"2022-02-09","commitResults":[{"hash":"2b806e178f8a124a83e1f81e47a7a69ef1446a94","messageTitle":"Set up CI, tested checkstyle working ok locally.","messageBody":"Edited some newlines in LisGenie\u0027s tasks replies.\n","tags":["A-CI"],"fileTypesAndContributionMap":{"gradle":{"insertions":2,"deletions":0},"txt":{"insertions":3,"deletions":13},"fxml":{"insertions":16,"deletions":12},"java":{"insertions":51,"deletions":61},"bat":{"insertions":0,"deletions":22},"sh":{"insertions":0,"deletions":38}}},{"hash":"5edda8535a44a33ea1554fe0baa53e50c54c5bb7","messageTitle":"testing CI setup 1.","messageBody":"","fileTypesAndContributionMap":{"txt":{"insertions":1,"deletions":1}}}]},{"date":"2022-02-10","commitResults":[{"hash":"131b4d3301418f94630b750c1fdf100deeffeb7a","messageTitle":"Done C-FriendlierSyntax extension for all Duke CLI commands.","messageBody":"","tags":["BCD-Extension"],"fileTypesAndContributionMap":{"txt":{"insertions":1,"deletions":1},"java":{"insertions":10,"deletions":3}}},{"hash":"37836850e63f9583a93d7bba1339bc45fb08622b","messageTitle":"Added Exception handling to LisGenie App.","messageBody":"Corrected path to Launcher.java.\n\nindent long code lines display \u0026 add parameters null checks for Image method for MainWindow.java.\n\nAdded parameters null checks for Ui methods.\n","tags":["A-HigherCodingQuality"],"fileTypesAndContributionMap":{"gradle":{"insertions":2,"deletions":2},"java":{"insertions":20,"deletions":20}}}]},{"date":"2022-02-11","commitResults":[{"hash":"f324344c6f07ff4db33e2644ed5f752b0583ea10","messageTitle":"Added System.setOut in main method to point to System.out for Duke.java file alone: - to run in CLI mode if needed.","messageBody":"","fileTypesAndContributionMap":{"java":{"insertions":2,"deletions":0}}}]},{"date":"2022-02-12","commitResults":[{"hash":"78a7186bb49632f50dcafe4e28eae9ada64a3e8a","messageTitle":"Created a visually improved textbox fromat for LisGenie Chatbot.","messageBody":"","tags":["v3.1","A-Release_(GUI)"],"fileTypesAndContributionMap":{"txt":{"insertions":0,"deletions":3},"fxml":{"insertions":21,"deletions":16},"java":{"insertions":7,"deletions":0}}}]},{"date":"2022-02-13","commitResults":[{"hash":"6e35c3680e6fcbffd841d3525a40acc5815ec9ff","messageTitle":"Update and rename README.md to UserGuide.md","messageBody":"Edited for the added command short form availability.","fileTypesAndContributionMap":{"md":{"insertions":12,"deletions":3}}},{"hash":"d4508145e95a1b6a39672d5f573c237cecc04411","messageTitle":"First Draft of Developer Guide","messageBody":"pending finalization with a second edit.","fileTypesAndContributionMap":{"md":{"insertions":159,"deletions":0}}},{"hash":"37a00b6726a500bb784a21bb178c56e1ee5704ec","messageTitle":"Update DeveloperGuide.md","messageBody":"Completed the DG doc.","fileTypesAndContributionMap":{"md":{"insertions":49,"deletions":68}}},{"hash":"1490737de536b1492150bc3288c1b4db2a771a78","messageTitle":"Create README.md","messageBody":"","fileTypesAndContributionMap":{"md":{"insertions":7,"deletions":0}}},{"hash":"6113a281233afada2bd87a5253159fabd7710e2c","messageTitle":"Update DeveloperGuide.md","messageBody":"Copied the graphic files into doc folder.","fileTypesAndContributionMap":{"md":{"insertions":2,"deletions":2}}},{"hash":"ea6c6340be65dff06d87393257ac939ebfb476f6","messageTitle":"Update DeveloperGuide.md","messageBody":"Corrected spelling mistakes.","fileTypesAndContributionMap":{"md":{"insertions":19,"deletions":22}}}]}]},"authorFileTypeContributionMap":{"gweeyc":{"java":365,"md":188,"fxml":49,"sh":0,"bat":0,"gradle":29,"txt":3}},"authorContributionVariance":{"gweeyc":8234.967},"authorDisplayNameMap":{"gweeyc":"TIC4002-F18-5 GWEE..CHAI"}}
