[{"path":"src/main/java/main/Duke.java","fileType":"java","lines":[{"lineNumber":1,"author":{"gitId":"-"},"content":"package main;","lastModifiedDate":"2021-10-02"},{"lineNumber":2,"author":{"gitId":"-"},"content":"","lastModifiedDate":"2021-10-02"},{"lineNumber":3,"author":{"gitId":"-"},"content":"import main.parsers.ParserText;","lastModifiedDate":"2021-10-02"},{"lineNumber":4,"author":{"gitId":"-"},"content":"import main.taskLists.Task;","lastModifiedDate":"2021-10-02"},{"lineNumber":5,"author":{"gitId":"-"},"content":"","lastModifiedDate":"2021-10-02"},{"lineNumber":6,"author":{"gitId":"-"},"content":"import java.io.IOException;","lastModifiedDate":"2021-10-02"},{"lineNumber":7,"author":{"gitId":"-"},"content":"import java.util.ArrayList;","lastModifiedDate":"2021-10-02"},{"lineNumber":8,"author":{"gitId":"-"},"content":"import java.util.Scanner;","lastModifiedDate":"2021-10-02"},{"lineNumber":9,"author":{"gitId":"-"},"content":"","lastModifiedDate":"2021-10-02"},{"lineNumber":10,"author":{"gitId":"Mr-YaRou"},"content":"import javafx.application.Application;","lastModifiedDate":"2022-02-20"},{"lineNumber":11,"author":{"gitId":"Mr-YaRou"},"content":"import javafx.scene.Scene;","lastModifiedDate":"2022-02-20"},{"lineNumber":12,"author":{"gitId":"Mr-YaRou"},"content":"import javafx.scene.control.Label;","lastModifiedDate":"2022-02-20"},{"lineNumber":13,"author":{"gitId":"Mr-YaRou"},"content":"import javafx.stage.Stage;","lastModifiedDate":"2022-02-20"},{"lineNumber":14,"author":{"gitId":"-"},"content":"","lastModifiedDate":"2022-02-20"},{"lineNumber":15,"author":{"gitId":"Mr-YaRou"},"content":"//*","lastModifiedDate":"2022-02-20"},{"lineNumber":16,"author":{"gitId":"Mr-YaRou"},"content":"// Individual Project for TIC4002 2022 Jan-May","lastModifiedDate":"2022-02-20"},{"lineNumber":17,"author":{"gitId":"Mr-YaRou"},"content":"//","lastModifiedDate":"2022-02-20"},{"lineNumber":18,"author":{"gitId":"Mr-YaRou"},"content":"// *//","lastModifiedDate":"2022-02-20"},{"lineNumber":19,"author":{"gitId":"Mr-YaRou"},"content":"public class Duke extends Application {","lastModifiedDate":"2022-02-20"},{"lineNumber":20,"author":{"gitId":"-"},"content":"","lastModifiedDate":"2021-10-02"},{"lineNumber":21,"author":{"gitId":"-"},"content":"    public static ArrayList\u003cTask\u003e Tasks \u003d new ArrayList\u003c\u003e();","lastModifiedDate":"2021-10-02"},{"lineNumber":22,"author":{"gitId":"-"},"content":"","lastModifiedDate":"2021-10-02"},{"lineNumber":23,"author":{"gitId":"-"},"content":"    public static void main(String[] args) throws DukeException, IOException {","lastModifiedDate":"2021-10-02"},{"lineNumber":24,"author":{"gitId":"-"},"content":"","lastModifiedDate":"2021-10-02"},{"lineNumber":25,"author":{"gitId":"-"},"content":"        Storage storage \u003d new Storage(\"C:\\\\Users\\\\yrall\\\\Documents\\\\duke\\\\src\\\\data\\\\current_tasks.txt\");","lastModifiedDate":"2021-10-02"},{"lineNumber":26,"author":{"gitId":"-"},"content":"        ParserText response \u003d new ParserText();","lastModifiedDate":"2021-10-02"},{"lineNumber":27,"author":{"gitId":"-"},"content":"","lastModifiedDate":"2021-10-02"},{"lineNumber":28,"author":{"gitId":"-"},"content":"","lastModifiedDate":"2021-10-02"},{"lineNumber":29,"author":{"gitId":"-"},"content":"        UI interaction \u003d new UI();","lastModifiedDate":"2021-10-02"},{"lineNumber":30,"author":{"gitId":"-"},"content":"","lastModifiedDate":"2021-10-02"},{"lineNumber":31,"author":{"gitId":"-"},"content":"        interaction.welcome(storage.start());","lastModifiedDate":"2021-10-02"},{"lineNumber":32,"author":{"gitId":"-"},"content":"","lastModifiedDate":"2021-10-02"},{"lineNumber":33,"author":{"gitId":"-"},"content":"","lastModifiedDate":"2021-10-02"},{"lineNumber":34,"author":{"gitId":"-"},"content":"        while (response.isTrue) {","lastModifiedDate":"2021-10-02"},{"lineNumber":35,"author":{"gitId":"-"},"content":"            Scanner in \u003d new Scanner(System.in);","lastModifiedDate":"2021-10-02"},{"lineNumber":36,"author":{"gitId":"-"},"content":"            String input \u003d in.nextLine();","lastModifiedDate":"2021-10-02"},{"lineNumber":37,"author":{"gitId":"-"},"content":"            response.parsetext(input);","lastModifiedDate":"2021-10-02"},{"lineNumber":38,"author":{"gitId":"-"},"content":"        }","lastModifiedDate":"2021-10-02"},{"lineNumber":39,"author":{"gitId":"-"},"content":"","lastModifiedDate":"2021-10-02"},{"lineNumber":40,"author":{"gitId":"-"},"content":"        storage.save();","lastModifiedDate":"2021-10-02"},{"lineNumber":41,"author":{"gitId":"-"},"content":"","lastModifiedDate":"2021-10-02"},{"lineNumber":42,"author":{"gitId":"-"},"content":"    }","lastModifiedDate":"2021-10-02"},{"lineNumber":43,"author":{"gitId":"Mr-YaRou"},"content":"","lastModifiedDate":"2022-02-20"},{"lineNumber":44,"author":{"gitId":"Mr-YaRou"},"content":"    // Writing First Program JavaFX","lastModifiedDate":"2022-02-20"},{"lineNumber":45,"author":{"gitId":"Mr-YaRou"},"content":"    //","lastModifiedDate":"2022-02-20"},{"lineNumber":46,"author":{"gitId":"Mr-YaRou"},"content":"    //","lastModifiedDate":"2022-02-20"},{"lineNumber":47,"author":{"gitId":"Mr-YaRou"},"content":"    //","lastModifiedDate":"2022-02-20"},{"lineNumber":48,"author":{"gitId":"Mr-YaRou"},"content":"","lastModifiedDate":"2022-02-20"},{"lineNumber":49,"author":{"gitId":"Mr-YaRou"},"content":"    @Override","lastModifiedDate":"2022-02-20"},{"lineNumber":50,"author":{"gitId":"Mr-YaRou"},"content":"    public void start(Stage stage) {","lastModifiedDate":"2022-02-20"},{"lineNumber":51,"author":{"gitId":"Mr-YaRou"},"content":"        Label helloWorld \u003d new Label(\"Hello World!\"); // Creating a new Label control","lastModifiedDate":"2022-02-20"},{"lineNumber":52,"author":{"gitId":"Mr-YaRou"},"content":"        Scene scene \u003d new Scene(helloWorld); // Setting the scene to be our Label","lastModifiedDate":"2022-02-20"},{"lineNumber":53,"author":{"gitId":"Mr-YaRou"},"content":"","lastModifiedDate":"2022-02-20"},{"lineNumber":54,"author":{"gitId":"Mr-YaRou"},"content":"        stage.setScene(scene); // Setting the stage to show our screen","lastModifiedDate":"2022-02-20"},{"lineNumber":55,"author":{"gitId":"Mr-YaRou"},"content":"        stage.show(); // Render the stage.","lastModifiedDate":"2022-02-20"},{"lineNumber":56,"author":{"gitId":"Mr-YaRou"},"content":"    }","lastModifiedDate":"2022-02-20"},{"lineNumber":57,"author":{"gitId":"-"},"content":"}","lastModifiedDate":"2021-10-02"}],"authorContributionMap":{"-":34,"Mr-YaRou":23}},{"path":"src/main/java/main/Launcher.java","fileType":"java","lines":[{"lineNumber":1,"author":{"gitId":"Mr-YaRou"},"content":"package main;","lastModifiedDate":"2022-02-20"},{"lineNumber":2,"author":{"gitId":"Mr-YaRou"},"content":"","lastModifiedDate":"2022-02-20"},{"lineNumber":3,"author":{"gitId":"Mr-YaRou"},"content":"import javafx.application.Application;","lastModifiedDate":"2022-02-20"},{"lineNumber":4,"author":{"gitId":"Mr-YaRou"},"content":"import main.Duke;","lastModifiedDate":"2022-02-20"},{"lineNumber":5,"author":{"gitId":"Mr-YaRou"},"content":"","lastModifiedDate":"2022-02-20"},{"lineNumber":6,"author":{"gitId":"Mr-YaRou"},"content":"/**","lastModifiedDate":"2022-02-20"},{"lineNumber":7,"author":{"gitId":"Mr-YaRou"},"content":" * A launcher class to workaround classpath issues.","lastModifiedDate":"2022-02-20"},{"lineNumber":8,"author":{"gitId":"Mr-YaRou"},"content":" */","lastModifiedDate":"2022-02-20"},{"lineNumber":9,"author":{"gitId":"Mr-YaRou"},"content":"public class Launcher {","lastModifiedDate":"2022-02-20"},{"lineNumber":10,"author":{"gitId":"Mr-YaRou"},"content":"    public static void main(String[] args) {","lastModifiedDate":"2022-02-20"},{"lineNumber":11,"author":{"gitId":"Mr-YaRou"},"content":"        Application.launch(Duke.class, args);","lastModifiedDate":"2022-02-20"},{"lineNumber":12,"author":{"gitId":"Mr-YaRou"},"content":"    }","lastModifiedDate":"2022-02-20"},{"lineNumber":13,"author":{"gitId":"Mr-YaRou"},"content":"}","lastModifiedDate":"2022-02-20"}],"authorContributionMap":{"Mr-YaRou":13}}]
