[{"path":"src/main/java/main/DialogBox.java","fileType":"java","lines":[{"lineNumber":1,"author":{"gitId":"Mr-YaRou"},"content":"package main;","lastModifiedDate":"2022-02-23"},{"lineNumber":2,"author":{"gitId":"Mr-YaRou"},"content":"","lastModifiedDate":"2022-02-23"},{"lineNumber":3,"author":{"gitId":"Mr-YaRou"},"content":"import java.io.IOException;","lastModifiedDate":"2022-02-23"},{"lineNumber":4,"author":{"gitId":"Mr-YaRou"},"content":"import java.util.Collections;","lastModifiedDate":"2022-02-23"},{"lineNumber":5,"author":{"gitId":"Mr-YaRou"},"content":"","lastModifiedDate":"2022-02-23"},{"lineNumber":6,"author":{"gitId":"Mr-YaRou"},"content":"import javafx.collections.FXCollections;","lastModifiedDate":"2022-02-23"},{"lineNumber":7,"author":{"gitId":"Mr-YaRou"},"content":"import javafx.collections.ObservableList;","lastModifiedDate":"2022-02-23"},{"lineNumber":8,"author":{"gitId":"Mr-YaRou"},"content":"import javafx.fxml.FXML;","lastModifiedDate":"2022-02-23"},{"lineNumber":9,"author":{"gitId":"Mr-YaRou"},"content":"import javafx.fxml.FXMLLoader;","lastModifiedDate":"2022-02-23"},{"lineNumber":10,"author":{"gitId":"Mr-YaRou"},"content":"import javafx.geometry.Pos;","lastModifiedDate":"2022-02-23"},{"lineNumber":11,"author":{"gitId":"Mr-YaRou"},"content":"import javafx.scene.Node;","lastModifiedDate":"2022-02-23"},{"lineNumber":12,"author":{"gitId":"Mr-YaRou"},"content":"import javafx.scene.control.Label;","lastModifiedDate":"2022-02-23"},{"lineNumber":13,"author":{"gitId":"Mr-YaRou"},"content":"import javafx.scene.image.Image;","lastModifiedDate":"2022-02-23"},{"lineNumber":14,"author":{"gitId":"Mr-YaRou"},"content":"import javafx.scene.image.ImageView;","lastModifiedDate":"2022-02-23"},{"lineNumber":15,"author":{"gitId":"Mr-YaRou"},"content":"import javafx.scene.layout.HBox;","lastModifiedDate":"2022-02-23"},{"lineNumber":16,"author":{"gitId":"Mr-YaRou"},"content":"","lastModifiedDate":"2022-02-23"},{"lineNumber":17,"author":{"gitId":"Mr-YaRou"},"content":"/**","lastModifiedDate":"2022-02-23"},{"lineNumber":18,"author":{"gitId":"Mr-YaRou"},"content":" * An example of a custom control using FXML.","lastModifiedDate":"2022-02-23"},{"lineNumber":19,"author":{"gitId":"Mr-YaRou"},"content":" * This control represents a dialog box consisting of an ImageView to represent the speaker\u0027s face and a label","lastModifiedDate":"2022-02-23"},{"lineNumber":20,"author":{"gitId":"Mr-YaRou"},"content":" * containing text from the speaker.","lastModifiedDate":"2022-02-23"},{"lineNumber":21,"author":{"gitId":"Mr-YaRou"},"content":" */","lastModifiedDate":"2022-02-23"},{"lineNumber":22,"author":{"gitId":"Mr-YaRou"},"content":"public class DialogBox extends HBox {","lastModifiedDate":"2022-02-23"},{"lineNumber":23,"author":{"gitId":"Mr-YaRou"},"content":"    @FXML","lastModifiedDate":"2022-02-23"},{"lineNumber":24,"author":{"gitId":"Mr-YaRou"},"content":"    private Label dialog;","lastModifiedDate":"2022-02-23"},{"lineNumber":25,"author":{"gitId":"Mr-YaRou"},"content":"    @FXML","lastModifiedDate":"2022-02-23"},{"lineNumber":26,"author":{"gitId":"Mr-YaRou"},"content":"    private ImageView displayPicture;","lastModifiedDate":"2022-02-23"},{"lineNumber":27,"author":{"gitId":"Mr-YaRou"},"content":"","lastModifiedDate":"2022-02-23"},{"lineNumber":28,"author":{"gitId":"Mr-YaRou"},"content":"    private DialogBox(String text, Image img) {","lastModifiedDate":"2022-02-23"},{"lineNumber":29,"author":{"gitId":"Mr-YaRou"},"content":"        try {","lastModifiedDate":"2022-02-23"},{"lineNumber":30,"author":{"gitId":"Mr-YaRou"},"content":"            FXMLLoader fxmlLoader \u003d new FXMLLoader(MainWindow.class.getResource(\"/view/DialogBox.fxml\"));","lastModifiedDate":"2022-02-23"},{"lineNumber":31,"author":{"gitId":"Mr-YaRou"},"content":"            fxmlLoader.setController(this);","lastModifiedDate":"2022-02-23"},{"lineNumber":32,"author":{"gitId":"Mr-YaRou"},"content":"            fxmlLoader.setRoot(this);","lastModifiedDate":"2022-02-23"},{"lineNumber":33,"author":{"gitId":"Mr-YaRou"},"content":"            fxmlLoader.load();","lastModifiedDate":"2022-02-23"},{"lineNumber":34,"author":{"gitId":"Mr-YaRou"},"content":"        } catch (IOException e) {","lastModifiedDate":"2022-02-23"},{"lineNumber":35,"author":{"gitId":"Mr-YaRou"},"content":"            e.printStackTrace();","lastModifiedDate":"2022-02-23"},{"lineNumber":36,"author":{"gitId":"Mr-YaRou"},"content":"        }","lastModifiedDate":"2022-02-23"},{"lineNumber":37,"author":{"gitId":"Mr-YaRou"},"content":"","lastModifiedDate":"2022-02-23"},{"lineNumber":38,"author":{"gitId":"Mr-YaRou"},"content":"        dialog.setText(text);","lastModifiedDate":"2022-02-23"},{"lineNumber":39,"author":{"gitId":"Mr-YaRou"},"content":"        displayPicture.setImage(img);","lastModifiedDate":"2022-02-23"},{"lineNumber":40,"author":{"gitId":"Mr-YaRou"},"content":"    }","lastModifiedDate":"2022-02-23"},{"lineNumber":41,"author":{"gitId":"Mr-YaRou"},"content":"","lastModifiedDate":"2022-02-23"},{"lineNumber":42,"author":{"gitId":"Mr-YaRou"},"content":"    /**","lastModifiedDate":"2022-02-23"},{"lineNumber":43,"author":{"gitId":"Mr-YaRou"},"content":"     * Flips the dialog box such that the ImageView is on the left and text on the right.","lastModifiedDate":"2022-02-23"},{"lineNumber":44,"author":{"gitId":"Mr-YaRou"},"content":"     */","lastModifiedDate":"2022-02-23"},{"lineNumber":45,"author":{"gitId":"Mr-YaRou"},"content":"    private void flip() {","lastModifiedDate":"2022-02-23"},{"lineNumber":46,"author":{"gitId":"Mr-YaRou"},"content":"        ObservableList\u003cNode\u003e tmp \u003d FXCollections.observableArrayList(this.getChildren());","lastModifiedDate":"2022-02-23"},{"lineNumber":47,"author":{"gitId":"Mr-YaRou"},"content":"        Collections.reverse(tmp);","lastModifiedDate":"2022-02-23"},{"lineNumber":48,"author":{"gitId":"Mr-YaRou"},"content":"        getChildren().setAll(tmp);","lastModifiedDate":"2022-02-23"},{"lineNumber":49,"author":{"gitId":"Mr-YaRou"},"content":"        setAlignment(Pos.TOP_LEFT);","lastModifiedDate":"2022-02-23"},{"lineNumber":50,"author":{"gitId":"Mr-YaRou"},"content":"    }","lastModifiedDate":"2022-02-23"},{"lineNumber":51,"author":{"gitId":"Mr-YaRou"},"content":"","lastModifiedDate":"2022-02-23"},{"lineNumber":52,"author":{"gitId":"Mr-YaRou"},"content":"    public static DialogBox getUserDialog(String text, Image img) {","lastModifiedDate":"2022-02-23"},{"lineNumber":53,"author":{"gitId":"Mr-YaRou"},"content":"        return new DialogBox(text, img);","lastModifiedDate":"2022-02-23"},{"lineNumber":54,"author":{"gitId":"Mr-YaRou"},"content":"    }","lastModifiedDate":"2022-02-23"},{"lineNumber":55,"author":{"gitId":"Mr-YaRou"},"content":"","lastModifiedDate":"2022-02-23"},{"lineNumber":56,"author":{"gitId":"Mr-YaRou"},"content":"    public static DialogBox getDukeDialog(String text, Image img) {","lastModifiedDate":"2022-02-23"},{"lineNumber":57,"author":{"gitId":"Mr-YaRou"},"content":"        var db \u003d new DialogBox(text, img);","lastModifiedDate":"2022-02-23"},{"lineNumber":58,"author":{"gitId":"Mr-YaRou"},"content":"        db.flip();","lastModifiedDate":"2022-02-23"},{"lineNumber":59,"author":{"gitId":"Mr-YaRou"},"content":"        return db;","lastModifiedDate":"2022-02-23"},{"lineNumber":60,"author":{"gitId":"Mr-YaRou"},"content":"    }","lastModifiedDate":"2022-02-23"},{"lineNumber":61,"author":{"gitId":"Mr-YaRou"},"content":"}","lastModifiedDate":"2022-02-23"}],"authorContributionMap":{"Mr-YaRou":61}},{"path":"src/main/java/main/Duke.java","fileType":"java","lines":[{"lineNumber":1,"author":{"gitId":"-"},"content":"package main;","lastModifiedDate":"2021-10-02"},{"lineNumber":2,"author":{"gitId":"-"},"content":"","lastModifiedDate":"2021-10-02"},{"lineNumber":3,"author":{"gitId":"Mr-YaRou"},"content":"import javafx.stage.Stage;","lastModifiedDate":"2022-02-23"},{"lineNumber":4,"author":{"gitId":"-"},"content":"import main.parsers.ParserText;","lastModifiedDate":"2021-10-02"},{"lineNumber":5,"author":{"gitId":"-"},"content":"import main.taskLists.Task;","lastModifiedDate":"2021-10-02"},{"lineNumber":6,"author":{"gitId":"-"},"content":"","lastModifiedDate":"2022-02-23"},{"lineNumber":7,"author":{"gitId":"Mr-YaRou"},"content":"import java.io.FileNotFoundException;","lastModifiedDate":"2022-02-23"},{"lineNumber":8,"author":{"gitId":"-"},"content":"import java.io.IOException;","lastModifiedDate":"2021-10-02"},{"lineNumber":9,"author":{"gitId":"Mr-YaRou"},"content":"import java.text.ParseException;","lastModifiedDate":"2022-02-23"},{"lineNumber":10,"author":{"gitId":"-"},"content":"import java.util.ArrayList;","lastModifiedDate":"2021-10-02"},{"lineNumber":11,"author":{"gitId":"-"},"content":"import java.util.Scanner;","lastModifiedDate":"2021-10-02"},{"lineNumber":12,"author":{"gitId":"-"},"content":"","lastModifiedDate":"2021-10-02"},{"lineNumber":13,"author":{"gitId":"Mr-YaRou"},"content":"//*","lastModifiedDate":"2022-02-20"},{"lineNumber":14,"author":{"gitId":"Mr-YaRou"},"content":"// Individual Project for TIC4002 2022 Jan-May","lastModifiedDate":"2022-02-20"},{"lineNumber":15,"author":{"gitId":"Mr-YaRou"},"content":"//","lastModifiedDate":"2022-02-20"},{"lineNumber":16,"author":{"gitId":"Mr-YaRou"},"content":"// *//","lastModifiedDate":"2022-02-20"},{"lineNumber":17,"author":{"gitId":"-"},"content":"public class Duke {","lastModifiedDate":"2022-02-23"},{"lineNumber":18,"author":{"gitId":"-"},"content":"","lastModifiedDate":"2021-10-02"},{"lineNumber":19,"author":{"gitId":"-"},"content":"    public static ArrayList\u003cTask\u003e Tasks \u003d new ArrayList\u003c\u003e();","lastModifiedDate":"2021-10-02"},{"lineNumber":20,"author":{"gitId":"-"},"content":"","lastModifiedDate":"2021-10-02"},{"lineNumber":21,"author":{"gitId":"-"},"content":"    public static void main(String[] args) throws DukeException, IOException {","lastModifiedDate":"2021-10-02"},{"lineNumber":22,"author":{"gitId":"-"},"content":"","lastModifiedDate":"2021-10-02"},{"lineNumber":23,"author":{"gitId":"-"},"content":"        Storage storage \u003d new Storage(\"C:\\\\Users\\\\yrall\\\\Documents\\\\duke\\\\src\\\\data\\\\current_tasks.txt\");","lastModifiedDate":"2021-10-02"},{"lineNumber":24,"author":{"gitId":"-"},"content":"        ParserText response \u003d new ParserText();","lastModifiedDate":"2021-10-02"},{"lineNumber":25,"author":{"gitId":"-"},"content":"","lastModifiedDate":"2021-10-02"},{"lineNumber":26,"author":{"gitId":"-"},"content":"","lastModifiedDate":"2021-10-02"},{"lineNumber":27,"author":{"gitId":"-"},"content":"        UI interaction \u003d new UI();","lastModifiedDate":"2021-10-02"},{"lineNumber":28,"author":{"gitId":"-"},"content":"","lastModifiedDate":"2021-10-02"},{"lineNumber":29,"author":{"gitId":"-"},"content":"        interaction.welcome(storage.start());","lastModifiedDate":"2021-10-02"},{"lineNumber":30,"author":{"gitId":"-"},"content":"","lastModifiedDate":"2021-10-02"},{"lineNumber":31,"author":{"gitId":"-"},"content":"","lastModifiedDate":"2021-10-02"},{"lineNumber":32,"author":{"gitId":"-"},"content":"        while (response.isTrue) {","lastModifiedDate":"2021-10-02"},{"lineNumber":33,"author":{"gitId":"-"},"content":"            Scanner in \u003d new Scanner(System.in);","lastModifiedDate":"2021-10-02"},{"lineNumber":34,"author":{"gitId":"-"},"content":"            String input \u003d in.nextLine();","lastModifiedDate":"2021-10-02"},{"lineNumber":35,"author":{"gitId":"-"},"content":"            response.parsetext(input);","lastModifiedDate":"2021-10-02"},{"lineNumber":36,"author":{"gitId":"-"},"content":"        }","lastModifiedDate":"2021-10-02"},{"lineNumber":37,"author":{"gitId":"-"},"content":"","lastModifiedDate":"2021-10-02"},{"lineNumber":38,"author":{"gitId":"-"},"content":"        storage.save();","lastModifiedDate":"2021-10-02"},{"lineNumber":39,"author":{"gitId":"-"},"content":"","lastModifiedDate":"2021-10-02"},{"lineNumber":40,"author":{"gitId":"-"},"content":"    }","lastModifiedDate":"2021-10-02"},{"lineNumber":41,"author":{"gitId":"Mr-YaRou"},"content":"","lastModifiedDate":"2022-02-20"},{"lineNumber":42,"author":{"gitId":"Mr-YaRou"},"content":"    /**","lastModifiedDate":"2022-02-22"},{"lineNumber":43,"author":{"gitId":"Mr-YaRou"},"content":"     * You should have your own function to generate a response to user input.","lastModifiedDate":"2022-02-22"},{"lineNumber":44,"author":{"gitId":"Mr-YaRou"},"content":"     * Replace this stub with your completed method.","lastModifiedDate":"2022-02-22"},{"lineNumber":45,"author":{"gitId":"Mr-YaRou"},"content":"     */","lastModifiedDate":"2022-02-22"},{"lineNumber":46,"author":{"gitId":"Mr-YaRou"},"content":"    public String getResponse(String input, Stage stage) {","lastModifiedDate":"2022-02-23"},{"lineNumber":47,"author":{"gitId":"Mr-YaRou"},"content":"        boolean isExit;","lastModifiedDate":"2022-02-23"},{"lineNumber":48,"author":{"gitId":"Mr-YaRou"},"content":"        String response \u003d \"\";","lastModifiedDate":"2022-02-23"},{"lineNumber":49,"author":{"gitId":"Mr-YaRou"},"content":"        response \u003d \"TOOLBOX\";","lastModifiedDate":"2022-02-23"},{"lineNumber":50,"author":{"gitId":"Mr-YaRou"},"content":"        return response;","lastModifiedDate":"2022-02-23"},{"lineNumber":51,"author":{"gitId":"Mr-YaRou"},"content":"    }","lastModifiedDate":"2022-02-22"},{"lineNumber":52,"author":{"gitId":"Mr-YaRou"},"content":"","lastModifiedDate":"2022-02-22"},{"lineNumber":53,"author":{"gitId":"Mr-YaRou"},"content":"","lastModifiedDate":"2022-02-23"},{"lineNumber":54,"author":{"gitId":"-"},"content":"}","lastModifiedDate":"2021-10-02"}],"authorContributionMap":{"-":34,"Mr-YaRou":20}},{"path":"src/main/java/main/Launcher.java","fileType":"java","lines":[{"lineNumber":1,"author":{"gitId":"Mr-YaRou"},"content":"package main;","lastModifiedDate":"2022-02-20"},{"lineNumber":2,"author":{"gitId":"Mr-YaRou"},"content":"","lastModifiedDate":"2022-02-20"},{"lineNumber":3,"author":{"gitId":"Mr-YaRou"},"content":"import javafx.application.Application;","lastModifiedDate":"2022-02-20"},{"lineNumber":4,"author":{"gitId":"Mr-YaRou"},"content":"import main.Main;","lastModifiedDate":"2022-02-23"},{"lineNumber":5,"author":{"gitId":"Mr-YaRou"},"content":"","lastModifiedDate":"2022-02-20"},{"lineNumber":6,"author":{"gitId":"Mr-YaRou"},"content":"/**","lastModifiedDate":"2022-02-20"},{"lineNumber":7,"author":{"gitId":"Mr-YaRou"},"content":" * A launcher class to workaround classpath issues.","lastModifiedDate":"2022-02-20"},{"lineNumber":8,"author":{"gitId":"Mr-YaRou"},"content":" */","lastModifiedDate":"2022-02-20"},{"lineNumber":9,"author":{"gitId":"Mr-YaRou"},"content":"public class Launcher {","lastModifiedDate":"2022-02-20"},{"lineNumber":10,"author":{"gitId":"Mr-YaRou"},"content":"    public static void main(String[] args) {","lastModifiedDate":"2022-02-20"},{"lineNumber":11,"author":{"gitId":"Mr-YaRou"},"content":"        Application.launch(Main.class, args);","lastModifiedDate":"2022-02-23"},{"lineNumber":12,"author":{"gitId":"Mr-YaRou"},"content":"    }","lastModifiedDate":"2022-02-20"},{"lineNumber":13,"author":{"gitId":"Mr-YaRou"},"content":"}","lastModifiedDate":"2022-02-20"}],"authorContributionMap":{"Mr-YaRou":13}},{"path":"src/main/java/main/Main.java","fileType":"java","lines":[{"lineNumber":1,"author":{"gitId":"Mr-YaRou"},"content":"package main;","lastModifiedDate":"2022-02-23"},{"lineNumber":2,"author":{"gitId":"Mr-YaRou"},"content":"","lastModifiedDate":"2022-02-23"},{"lineNumber":3,"author":{"gitId":"Mr-YaRou"},"content":"import java.io.IOException;","lastModifiedDate":"2022-02-23"},{"lineNumber":4,"author":{"gitId":"Mr-YaRou"},"content":"","lastModifiedDate":"2022-02-23"},{"lineNumber":5,"author":{"gitId":"Mr-YaRou"},"content":"import javafx.application.Application;","lastModifiedDate":"2022-02-23"},{"lineNumber":6,"author":{"gitId":"Mr-YaRou"},"content":"import javafx.fxml.FXMLLoader;","lastModifiedDate":"2022-02-23"},{"lineNumber":7,"author":{"gitId":"Mr-YaRou"},"content":"import javafx.scene.Scene;","lastModifiedDate":"2022-02-23"},{"lineNumber":8,"author":{"gitId":"Mr-YaRou"},"content":"import javafx.scene.layout.AnchorPane;","lastModifiedDate":"2022-02-23"},{"lineNumber":9,"author":{"gitId":"Mr-YaRou"},"content":"import javafx.scene.paint.Color;","lastModifiedDate":"2022-02-23"},{"lineNumber":10,"author":{"gitId":"Mr-YaRou"},"content":"import javafx.stage.Stage;","lastModifiedDate":"2022-02-23"},{"lineNumber":11,"author":{"gitId":"Mr-YaRou"},"content":"","lastModifiedDate":"2022-02-23"},{"lineNumber":12,"author":{"gitId":"Mr-YaRou"},"content":"/**","lastModifiedDate":"2022-02-23"},{"lineNumber":13,"author":{"gitId":"Mr-YaRou"},"content":" * A GUI for Duke using FXML.","lastModifiedDate":"2022-02-23"},{"lineNumber":14,"author":{"gitId":"Mr-YaRou"},"content":" */","lastModifiedDate":"2022-02-23"},{"lineNumber":15,"author":{"gitId":"Mr-YaRou"},"content":"public class Main extends Application {","lastModifiedDate":"2022-02-23"},{"lineNumber":16,"author":{"gitId":"Mr-YaRou"},"content":"","lastModifiedDate":"2022-02-23"},{"lineNumber":17,"author":{"gitId":"Mr-YaRou"},"content":"    private Duke duke \u003d new Duke();","lastModifiedDate":"2022-02-23"},{"lineNumber":18,"author":{"gitId":"Mr-YaRou"},"content":"","lastModifiedDate":"2022-02-23"},{"lineNumber":19,"author":{"gitId":"Mr-YaRou"},"content":"    @Override","lastModifiedDate":"2022-02-23"},{"lineNumber":20,"author":{"gitId":"Mr-YaRou"},"content":"    public void start(Stage stage) {","lastModifiedDate":"2022-02-23"},{"lineNumber":21,"author":{"gitId":"Mr-YaRou"},"content":"        try {","lastModifiedDate":"2022-02-23"},{"lineNumber":22,"author":{"gitId":"Mr-YaRou"},"content":"            FXMLLoader fxmlLoader \u003d new FXMLLoader(Main.class.getResource(\"/resources/view/MainWindow.fxml\"));","lastModifiedDate":"2022-02-23"},{"lineNumber":23,"author":{"gitId":"Mr-YaRou"},"content":"            AnchorPane ap \u003d fxmlLoader.load();","lastModifiedDate":"2022-02-23"},{"lineNumber":24,"author":{"gitId":"Mr-YaRou"},"content":"            Scene scene \u003d new Scene(ap);","lastModifiedDate":"2022-02-23"},{"lineNumber":25,"author":{"gitId":"Mr-YaRou"},"content":"            stage.setResizable(false);","lastModifiedDate":"2022-02-23"},{"lineNumber":26,"author":{"gitId":"Mr-YaRou"},"content":"            stage.setScene(scene);","lastModifiedDate":"2022-02-23"},{"lineNumber":27,"author":{"gitId":"Mr-YaRou"},"content":"            fxmlLoader.\u003cMainWindow\u003egetController().setDuke(duke, stage);","lastModifiedDate":"2022-02-23"},{"lineNumber":28,"author":{"gitId":"Mr-YaRou"},"content":"            stage.show();","lastModifiedDate":"2022-02-23"},{"lineNumber":29,"author":{"gitId":"Mr-YaRou"},"content":"        } catch (IOException e) {","lastModifiedDate":"2022-02-23"},{"lineNumber":30,"author":{"gitId":"Mr-YaRou"},"content":"            e.printStackTrace();","lastModifiedDate":"2022-02-23"},{"lineNumber":31,"author":{"gitId":"Mr-YaRou"},"content":"        }","lastModifiedDate":"2022-02-23"},{"lineNumber":32,"author":{"gitId":"Mr-YaRou"},"content":"    }","lastModifiedDate":"2022-02-23"},{"lineNumber":33,"author":{"gitId":"Mr-YaRou"},"content":"}","lastModifiedDate":"2022-02-23"}],"authorContributionMap":{"Mr-YaRou":33}},{"path":"src/main/java/main/MainWindow.java","fileType":"java","lines":[{"lineNumber":1,"author":{"gitId":"Mr-YaRou"},"content":"package main;","lastModifiedDate":"2022-02-23"},{"lineNumber":2,"author":{"gitId":"Mr-YaRou"},"content":"","lastModifiedDate":"2022-02-23"},{"lineNumber":3,"author":{"gitId":"Mr-YaRou"},"content":"import javafx.fxml.FXML;","lastModifiedDate":"2022-02-23"},{"lineNumber":4,"author":{"gitId":"Mr-YaRou"},"content":"import javafx.scene.control.Button;","lastModifiedDate":"2022-02-23"},{"lineNumber":5,"author":{"gitId":"Mr-YaRou"},"content":"import javafx.scene.control.ScrollPane;","lastModifiedDate":"2022-02-23"},{"lineNumber":6,"author":{"gitId":"Mr-YaRou"},"content":"import javafx.scene.control.TextField;","lastModifiedDate":"2022-02-23"},{"lineNumber":7,"author":{"gitId":"Mr-YaRou"},"content":"import javafx.scene.image.Image;","lastModifiedDate":"2022-02-23"},{"lineNumber":8,"author":{"gitId":"Mr-YaRou"},"content":"import javafx.scene.layout.AnchorPane;","lastModifiedDate":"2022-02-23"},{"lineNumber":9,"author":{"gitId":"Mr-YaRou"},"content":"import javafx.scene.layout.VBox;","lastModifiedDate":"2022-02-23"},{"lineNumber":10,"author":{"gitId":"Mr-YaRou"},"content":"import javafx.stage.Stage;","lastModifiedDate":"2022-02-23"},{"lineNumber":11,"author":{"gitId":"Mr-YaRou"},"content":"import main.UI;","lastModifiedDate":"2022-02-23"},{"lineNumber":12,"author":{"gitId":"Mr-YaRou"},"content":"","lastModifiedDate":"2022-02-23"},{"lineNumber":13,"author":{"gitId":"Mr-YaRou"},"content":"import java.io.IOException;","lastModifiedDate":"2022-02-23"},{"lineNumber":14,"author":{"gitId":"Mr-YaRou"},"content":"","lastModifiedDate":"2022-02-23"},{"lineNumber":15,"author":{"gitId":"Mr-YaRou"},"content":"/**","lastModifiedDate":"2022-02-23"},{"lineNumber":16,"author":{"gitId":"Mr-YaRou"},"content":" * Controller for MainWindow. Provides the layout for the other controls.","lastModifiedDate":"2022-02-23"},{"lineNumber":17,"author":{"gitId":"Mr-YaRou"},"content":" */","lastModifiedDate":"2022-02-23"},{"lineNumber":18,"author":{"gitId":"Mr-YaRou"},"content":"public class MainWindow extends AnchorPane {","lastModifiedDate":"2022-02-23"},{"lineNumber":19,"author":{"gitId":"Mr-YaRou"},"content":"    @FXML","lastModifiedDate":"2022-02-23"},{"lineNumber":20,"author":{"gitId":"Mr-YaRou"},"content":"    private ScrollPane scrollPane;","lastModifiedDate":"2022-02-23"},{"lineNumber":21,"author":{"gitId":"Mr-YaRou"},"content":"    @FXML","lastModifiedDate":"2022-02-23"},{"lineNumber":22,"author":{"gitId":"Mr-YaRou"},"content":"    private VBox dialogContainer;","lastModifiedDate":"2022-02-23"},{"lineNumber":23,"author":{"gitId":"Mr-YaRou"},"content":"    @FXML","lastModifiedDate":"2022-02-23"},{"lineNumber":24,"author":{"gitId":"Mr-YaRou"},"content":"    private TextField userInput;","lastModifiedDate":"2022-02-23"},{"lineNumber":25,"author":{"gitId":"Mr-YaRou"},"content":"    @FXML","lastModifiedDate":"2022-02-23"},{"lineNumber":26,"author":{"gitId":"Mr-YaRou"},"content":"    private Button sendButton;","lastModifiedDate":"2022-02-23"},{"lineNumber":27,"author":{"gitId":"Mr-YaRou"},"content":"","lastModifiedDate":"2022-02-23"},{"lineNumber":28,"author":{"gitId":"Mr-YaRou"},"content":"    private Duke duke;","lastModifiedDate":"2022-02-23"},{"lineNumber":29,"author":{"gitId":"Mr-YaRou"},"content":"","lastModifiedDate":"2022-02-23"},{"lineNumber":30,"author":{"gitId":"Mr-YaRou"},"content":"    private Stage stage;","lastModifiedDate":"2022-02-23"},{"lineNumber":31,"author":{"gitId":"Mr-YaRou"},"content":"","lastModifiedDate":"2022-02-23"},{"lineNumber":32,"author":{"gitId":"Mr-YaRou"},"content":"    //TODO : Refactor, unable to load images properly","lastModifiedDate":"2022-02-23"},{"lineNumber":33,"author":{"gitId":"Mr-YaRou"},"content":"    private Image userImage \u003d new Image(\"C:\\\\Users\\\\yrall\\\\Documents\\\\ip\\\\src\\\\main\\\\resources\\\\images\\\\DaUser.png\");","lastModifiedDate":"2022-02-23"},{"lineNumber":34,"author":{"gitId":"Mr-YaRou"},"content":"    private Image dukeImage \u003d new Image(\"C:\\\\Users\\\\yrall\\\\Documents\\\\ip\\\\src\\\\main\\\\resources\\\\images\\\\DaDuke.png\");","lastModifiedDate":"2022-02-23"},{"lineNumber":35,"author":{"gitId":"Mr-YaRou"},"content":"","lastModifiedDate":"2022-02-23"},{"lineNumber":36,"author":{"gitId":"Mr-YaRou"},"content":"    @FXML","lastModifiedDate":"2022-02-23"},{"lineNumber":37,"author":{"gitId":"Mr-YaRou"},"content":"    public void initialize() {","lastModifiedDate":"2022-02-23"},{"lineNumber":38,"author":{"gitId":"Mr-YaRou"},"content":"        scrollPane.vvalueProperty().bind(dialogContainer.heightProperty());","lastModifiedDate":"2022-02-23"},{"lineNumber":39,"author":{"gitId":"Mr-YaRou"},"content":"        dialogContainer.getChildren().addAll(","lastModifiedDate":"2022-02-23"},{"lineNumber":40,"author":{"gitId":"Mr-YaRou"},"content":"                DialogBox.getDukeDialog(UI.welcome(), dukeImage)","lastModifiedDate":"2022-02-23"},{"lineNumber":41,"author":{"gitId":"Mr-YaRou"},"content":"        );","lastModifiedDate":"2022-02-23"},{"lineNumber":42,"author":{"gitId":"Mr-YaRou"},"content":"    }","lastModifiedDate":"2022-02-23"},{"lineNumber":43,"author":{"gitId":"Mr-YaRou"},"content":"","lastModifiedDate":"2022-02-23"},{"lineNumber":44,"author":{"gitId":"Mr-YaRou"},"content":"    public void setDuke(Duke d, Stage s) {","lastModifiedDate":"2022-02-23"},{"lineNumber":45,"author":{"gitId":"Mr-YaRou"},"content":"        duke \u003d d;","lastModifiedDate":"2022-02-23"},{"lineNumber":46,"author":{"gitId":"Mr-YaRou"},"content":"        stage \u003d s;","lastModifiedDate":"2022-02-23"},{"lineNumber":47,"author":{"gitId":"Mr-YaRou"},"content":"    }","lastModifiedDate":"2022-02-23"},{"lineNumber":48,"author":{"gitId":"Mr-YaRou"},"content":"","lastModifiedDate":"2022-02-23"},{"lineNumber":49,"author":{"gitId":"Mr-YaRou"},"content":"    /**","lastModifiedDate":"2022-02-23"},{"lineNumber":50,"author":{"gitId":"Mr-YaRou"},"content":"     * Creates two dialog boxes, one echoing user input and the other containing Duke\u0027s reply and then appends them to","lastModifiedDate":"2022-02-23"},{"lineNumber":51,"author":{"gitId":"Mr-YaRou"},"content":"     * the dialog container. Clears the user input after processing.","lastModifiedDate":"2022-02-23"},{"lineNumber":52,"author":{"gitId":"Mr-YaRou"},"content":"     */","lastModifiedDate":"2022-02-23"},{"lineNumber":53,"author":{"gitId":"Mr-YaRou"},"content":"    @FXML","lastModifiedDate":"2022-02-23"},{"lineNumber":54,"author":{"gitId":"Mr-YaRou"},"content":"    private void handleUserInput() {","lastModifiedDate":"2022-02-23"},{"lineNumber":55,"author":{"gitId":"Mr-YaRou"},"content":"        String input \u003d userInput.getText();","lastModifiedDate":"2022-02-23"},{"lineNumber":56,"author":{"gitId":"Mr-YaRou"},"content":"        String response \u003d duke.getResponse(input, stage);","lastModifiedDate":"2022-02-23"},{"lineNumber":57,"author":{"gitId":"Mr-YaRou"},"content":"        dialogContainer.getChildren().addAll(","lastModifiedDate":"2022-02-23"},{"lineNumber":58,"author":{"gitId":"Mr-YaRou"},"content":"                DialogBox.getUserDialog(input, userImage),","lastModifiedDate":"2022-02-23"},{"lineNumber":59,"author":{"gitId":"Mr-YaRou"},"content":"                DialogBox.getDukeDialog(response, dukeImage)","lastModifiedDate":"2022-02-23"},{"lineNumber":60,"author":{"gitId":"Mr-YaRou"},"content":"        );","lastModifiedDate":"2022-02-23"},{"lineNumber":61,"author":{"gitId":"Mr-YaRou"},"content":"        userInput.clear();","lastModifiedDate":"2022-02-23"},{"lineNumber":62,"author":{"gitId":"Mr-YaRou"},"content":"    }","lastModifiedDate":"2022-02-23"},{"lineNumber":63,"author":{"gitId":"Mr-YaRou"},"content":"}","lastModifiedDate":"2022-02-23"}],"authorContributionMap":{"Mr-YaRou":63}},{"path":"src/main/java/main/UI.java","fileType":"java","lines":[{"lineNumber":1,"author":{"gitId":"-"},"content":"package main;","lastModifiedDate":"2021-10-02"},{"lineNumber":2,"author":{"gitId":"-"},"content":"","lastModifiedDate":"2021-10-02"},{"lineNumber":3,"author":{"gitId":"Mr-YaRou"},"content":"import javafx.scene.control.Label;","lastModifiedDate":"2022-02-23"},{"lineNumber":4,"author":{"gitId":"-"},"content":"import main.taskLists.Task;","lastModifiedDate":"2021-10-02"},{"lineNumber":5,"author":{"gitId":"-"},"content":"","lastModifiedDate":"2021-10-02"},{"lineNumber":6,"author":{"gitId":"-"},"content":"import java.util.Set;","lastModifiedDate":"2021-10-02"},{"lineNumber":7,"author":{"gitId":"-"},"content":"","lastModifiedDate":"2021-10-02"},{"lineNumber":8,"author":{"gitId":"-"},"content":"import static main.Duke.Tasks;","lastModifiedDate":"2021-10-02"},{"lineNumber":9,"author":{"gitId":"-"},"content":"","lastModifiedDate":"2021-10-02"},{"lineNumber":10,"author":{"gitId":"-"},"content":"","lastModifiedDate":"2021-10-02"},{"lineNumber":11,"author":{"gitId":"-"},"content":"/*","lastModifiedDate":"2021-10-02"},{"lineNumber":12,"author":{"gitId":"-"},"content":" *   User Interface Class","lastModifiedDate":"2021-10-02"},{"lineNumber":13,"author":{"gitId":"-"},"content":" *   Displays results and processed user commands","lastModifiedDate":"2021-10-02"},{"lineNumber":14,"author":{"gitId":"-"},"content":" * */","lastModifiedDate":"2021-10-02"},{"lineNumber":15,"author":{"gitId":"-"},"content":"public class UI {","lastModifiedDate":"2021-10-02"},{"lineNumber":16,"author":{"gitId":"-"},"content":"    UI() {","lastModifiedDate":"2021-10-02"},{"lineNumber":17,"author":{"gitId":"-"},"content":"    }","lastModifiedDate":"2021-10-02"},{"lineNumber":18,"author":{"gitId":"-"},"content":"","lastModifiedDate":"2021-10-02"},{"lineNumber":19,"author":{"gitId":"-"},"content":"    public static void dukePrint(String input) {","lastModifiedDate":"2021-10-02"},{"lineNumber":20,"author":{"gitId":"-"},"content":"        UI.line();","lastModifiedDate":"2021-10-02"},{"lineNumber":21,"author":{"gitId":"-"},"content":"        System.out.println(input);","lastModifiedDate":"2021-10-02"},{"lineNumber":22,"author":{"gitId":"-"},"content":"        UI.line();","lastModifiedDate":"2021-10-02"},{"lineNumber":23,"author":{"gitId":"-"},"content":"    }","lastModifiedDate":"2021-10-02"},{"lineNumber":24,"author":{"gitId":"-"},"content":"","lastModifiedDate":"2021-10-02"},{"lineNumber":25,"author":{"gitId":"-"},"content":"    public static void completeTask(int index) {","lastModifiedDate":"2021-10-02"},{"lineNumber":26,"author":{"gitId":"-"},"content":"        UI.line();","lastModifiedDate":"2021-10-02"},{"lineNumber":27,"author":{"gitId":"-"},"content":"        System.out.println(\"\\tNice! I\u0027ve changed the status of this Task:\");","lastModifiedDate":"2021-10-02"},{"lineNumber":28,"author":{"gitId":"-"},"content":"        System.out.println(\"\\t\" + Tasks.get(index));","lastModifiedDate":"2021-10-02"},{"lineNumber":29,"author":{"gitId":"-"},"content":"        UI.line();","lastModifiedDate":"2021-10-02"},{"lineNumber":30,"author":{"gitId":"-"},"content":"    }","lastModifiedDate":"2021-10-02"},{"lineNumber":31,"author":{"gitId":"-"},"content":"    ","lastModifiedDate":"2021-10-02"},{"lineNumber":32,"author":{"gitId":"-"},"content":"    public static void deletedCommand(Task t) {","lastModifiedDate":"2021-10-02"},{"lineNumber":33,"author":{"gitId":"-"},"content":"        UI.line();","lastModifiedDate":"2021-10-02"},{"lineNumber":34,"author":{"gitId":"-"},"content":"        System.out.println(\"\\tNoted. I\u0027ve removed this Task:\");","lastModifiedDate":"2021-10-02"},{"lineNumber":35,"author":{"gitId":"-"},"content":"        System.out.println(\"\\t\" + t.toString());","lastModifiedDate":"2021-10-02"},{"lineNumber":36,"author":{"gitId":"-"},"content":"        int count \u003d 0;","lastModifiedDate":"2021-10-02"},{"lineNumber":37,"author":{"gitId":"-"},"content":"        for (Object ignored : Tasks) {","lastModifiedDate":"2021-10-02"},{"lineNumber":38,"author":{"gitId":"-"},"content":"            count++;","lastModifiedDate":"2021-10-02"},{"lineNumber":39,"author":{"gitId":"-"},"content":"        }","lastModifiedDate":"2021-10-02"},{"lineNumber":40,"author":{"gitId":"-"},"content":"        System.out.println(\"\\tNow you have \" + count + \" tasks in the list.\");","lastModifiedDate":"2021-10-02"},{"lineNumber":41,"author":{"gitId":"-"},"content":"        UI.line();","lastModifiedDate":"2021-10-02"},{"lineNumber":42,"author":{"gitId":"-"},"content":"    }","lastModifiedDate":"2021-10-02"},{"lineNumber":43,"author":{"gitId":"-"},"content":"","lastModifiedDate":"2021-10-02"},{"lineNumber":44,"author":{"gitId":"-"},"content":"    static void line() {","lastModifiedDate":"2021-10-02"},{"lineNumber":45,"author":{"gitId":"-"},"content":"        System.out.println(\"\\t____________________________________________________________\");","lastModifiedDate":"2021-10-02"},{"lineNumber":46,"author":{"gitId":"-"},"content":"    }","lastModifiedDate":"2021-10-02"},{"lineNumber":47,"author":{"gitId":"-"},"content":"","lastModifiedDate":"2021-10-02"},{"lineNumber":48,"author":{"gitId":"-"},"content":"    public static void bye() {","lastModifiedDate":"2021-10-02"},{"lineNumber":49,"author":{"gitId":"-"},"content":"        System.out.println(\"\\t____________________________________________________________\");","lastModifiedDate":"2021-10-02"},{"lineNumber":50,"author":{"gitId":"-"},"content":"        System.out.println(\"\\tBye. Hope to see you again soon!\");","lastModifiedDate":"2021-10-02"},{"lineNumber":51,"author":{"gitId":"-"},"content":"        System.out.println(\"\\t____________________________________________________________\");","lastModifiedDate":"2021-10-02"},{"lineNumber":52,"author":{"gitId":"-"},"content":"    }","lastModifiedDate":"2021-10-02"},{"lineNumber":53,"author":{"gitId":"-"},"content":"","lastModifiedDate":"2021-10-02"},{"lineNumber":54,"author":{"gitId":"-"},"content":"    public static void echo(String input) {","lastModifiedDate":"2021-10-02"},{"lineNumber":55,"author":{"gitId":"-"},"content":"        UI.line();","lastModifiedDate":"2021-10-02"},{"lineNumber":56,"author":{"gitId":"-"},"content":"        System.out.println(\"\\t \" + input);","lastModifiedDate":"2021-10-02"},{"lineNumber":57,"author":{"gitId":"-"},"content":"        UI.line();","lastModifiedDate":"2021-10-02"},{"lineNumber":58,"author":{"gitId":"-"},"content":"    }","lastModifiedDate":"2021-10-02"},{"lineNumber":59,"author":{"gitId":"-"},"content":"","lastModifiedDate":"2021-10-02"},{"lineNumber":60,"author":{"gitId":"-"},"content":"    public static void addedCommand(Task input) {","lastModifiedDate":"2021-10-02"},{"lineNumber":61,"author":{"gitId":"-"},"content":"        UI.line();","lastModifiedDate":"2021-10-02"},{"lineNumber":62,"author":{"gitId":"-"},"content":"        System.out.println(\"\\tGot it. I\u0027ve added this task:\");","lastModifiedDate":"2021-10-02"},{"lineNumber":63,"author":{"gitId":"-"},"content":"        System.out.println(\"\\t\" + input.toString());","lastModifiedDate":"2021-10-02"},{"lineNumber":64,"author":{"gitId":"-"},"content":"        UI.line();","lastModifiedDate":"2021-10-02"},{"lineNumber":65,"author":{"gitId":"-"},"content":"    }","lastModifiedDate":"2021-10-02"},{"lineNumber":66,"author":{"gitId":"-"},"content":"","lastModifiedDate":"2021-10-02"},{"lineNumber":67,"author":{"gitId":"-"},"content":"    public static void listTasks(boolean b) {","lastModifiedDate":"2021-10-02"},{"lineNumber":68,"author":{"gitId":"-"},"content":"        UI.line();","lastModifiedDate":"2021-10-02"},{"lineNumber":69,"author":{"gitId":"-"},"content":"        int count \u003d 0;","lastModifiedDate":"2021-10-02"},{"lineNumber":70,"author":{"gitId":"-"},"content":"        if (Tasks.size() \u003e 0) {","lastModifiedDate":"2021-10-02"},{"lineNumber":71,"author":{"gitId":"-"},"content":"            if (b){","lastModifiedDate":"2021-10-02"},{"lineNumber":72,"author":{"gitId":"-"},"content":"                System.out.println(\"\\tAdded these Tasks into your List:\");","lastModifiedDate":"2021-10-02"},{"lineNumber":73,"author":{"gitId":"-"},"content":"","lastModifiedDate":"2021-10-02"},{"lineNumber":74,"author":{"gitId":"-"},"content":"            } else {","lastModifiedDate":"2021-10-02"},{"lineNumber":75,"author":{"gitId":"-"},"content":"                System.out.println(\"\\tHere are the Tasks in your List:\");","lastModifiedDate":"2021-10-02"},{"lineNumber":76,"author":{"gitId":"-"},"content":"            }","lastModifiedDate":"2021-10-02"},{"lineNumber":77,"author":{"gitId":"-"},"content":"","lastModifiedDate":"2021-10-02"},{"lineNumber":78,"author":{"gitId":"-"},"content":"            for (Object input : Tasks) {","lastModifiedDate":"2021-10-02"},{"lineNumber":79,"author":{"gitId":"-"},"content":"                System.out.println(\"\\t\" + (count + 1) + \". \" +","lastModifiedDate":"2021-10-02"},{"lineNumber":80,"author":{"gitId":"-"},"content":"                        input.toString());","lastModifiedDate":"2021-10-02"},{"lineNumber":81,"author":{"gitId":"-"},"content":"                count++;","lastModifiedDate":"2021-10-02"},{"lineNumber":82,"author":{"gitId":"-"},"content":"            }","lastModifiedDate":"2021-10-02"},{"lineNumber":83,"author":{"gitId":"-"},"content":"            System.out.println(\"\\tNow you have \" + count + \" tasks in the list.\");","lastModifiedDate":"2021-10-02"},{"lineNumber":84,"author":{"gitId":"-"},"content":"        } else {","lastModifiedDate":"2021-10-02"},{"lineNumber":85,"author":{"gitId":"-"},"content":"            System.out.println(\"\\tOh, you don\u0027t seem to be very busy huh?\");","lastModifiedDate":"2021-10-02"},{"lineNumber":86,"author":{"gitId":"-"},"content":"        }","lastModifiedDate":"2021-10-02"},{"lineNumber":87,"author":{"gitId":"-"},"content":"","lastModifiedDate":"2021-10-02"},{"lineNumber":88,"author":{"gitId":"-"},"content":"        UI.line();","lastModifiedDate":"2021-10-02"},{"lineNumber":89,"author":{"gitId":"-"},"content":"    }","lastModifiedDate":"2021-10-02"},{"lineNumber":90,"author":{"gitId":"-"},"content":"","lastModifiedDate":"2021-10-02"},{"lineNumber":91,"author":{"gitId":"-"},"content":"    public static void listTasks(Set\u003cTask\u003e seached_set) {","lastModifiedDate":"2021-10-02"},{"lineNumber":92,"author":{"gitId":"-"},"content":"        UI.line();","lastModifiedDate":"2021-10-02"},{"lineNumber":93,"author":{"gitId":"-"},"content":"        if (seached_set.size() \u003e 0) {","lastModifiedDate":"2021-10-02"},{"lineNumber":94,"author":{"gitId":"-"},"content":"            System.out.println(\"\\tHere are the matching tasks in your list:\");","lastModifiedDate":"2021-10-02"},{"lineNumber":95,"author":{"gitId":"-"},"content":"            int count \u003d 0;","lastModifiedDate":"2021-10-02"},{"lineNumber":96,"author":{"gitId":"-"},"content":"            for (Task element : seached_set) {","lastModifiedDate":"2021-10-02"},{"lineNumber":97,"author":{"gitId":"-"},"content":"                System.out.println(\"\\t\" + (count + 1) + \". \" +","lastModifiedDate":"2021-10-02"},{"lineNumber":98,"author":{"gitId":"-"},"content":"                        element.toString());","lastModifiedDate":"2021-10-02"},{"lineNumber":99,"author":{"gitId":"-"},"content":"                count++;","lastModifiedDate":"2021-10-02"},{"lineNumber":100,"author":{"gitId":"-"},"content":"            }","lastModifiedDate":"2021-10-02"},{"lineNumber":101,"author":{"gitId":"-"},"content":"        } else {","lastModifiedDate":"2021-10-02"},{"lineNumber":102,"author":{"gitId":"-"},"content":"            System.out.println(\"\\tOh, Nothing matches that description.\");","lastModifiedDate":"2021-10-02"},{"lineNumber":103,"author":{"gitId":"-"},"content":"        }","lastModifiedDate":"2021-10-02"},{"lineNumber":104,"author":{"gitId":"-"},"content":"","lastModifiedDate":"2021-10-02"},{"lineNumber":105,"author":{"gitId":"-"},"content":"        UI.line();","lastModifiedDate":"2021-10-02"},{"lineNumber":106,"author":{"gitId":"-"},"content":"    }","lastModifiedDate":"2021-10-02"},{"lineNumber":107,"author":{"gitId":"-"},"content":"","lastModifiedDate":"2021-10-02"},{"lineNumber":108,"author":{"gitId":"-"},"content":"    public static void clear() {","lastModifiedDate":"2021-10-02"},{"lineNumber":109,"author":{"gitId":"-"},"content":"        UI.line();","lastModifiedDate":"2021-10-02"},{"lineNumber":110,"author":{"gitId":"-"},"content":"        System.out.println(\"\\tI\u0027ve cleared all your tasks!\");","lastModifiedDate":"2021-10-02"},{"lineNumber":111,"author":{"gitId":"-"},"content":"        UI.line();","lastModifiedDate":"2021-10-02"},{"lineNumber":112,"author":{"gitId":"-"},"content":"    }","lastModifiedDate":"2021-10-02"},{"lineNumber":113,"author":{"gitId":"-"},"content":"","lastModifiedDate":"2021-10-02"},{"lineNumber":114,"author":{"gitId":"-"},"content":"    public static void archived(String s) {","lastModifiedDate":"2021-10-02"},{"lineNumber":115,"author":{"gitId":"-"},"content":"        UI.line();","lastModifiedDate":"2021-10-02"},{"lineNumber":116,"author":{"gitId":"-"},"content":"        System.out.println(\"\\tCurrent Tasks have been saved to \u0027\" + s + \"\u0027\");","lastModifiedDate":"2021-10-02"},{"lineNumber":117,"author":{"gitId":"-"},"content":"        UI.line();","lastModifiedDate":"2021-10-02"},{"lineNumber":118,"author":{"gitId":"-"},"content":"    }","lastModifiedDate":"2021-10-02"},{"lineNumber":119,"author":{"gitId":"-"},"content":"","lastModifiedDate":"2021-10-02"},{"lineNumber":120,"author":{"gitId":"-"},"content":"    /**","lastModifiedDate":"2021-10-02"},{"lineNumber":121,"author":{"gitId":"-"},"content":"     * Prints the Welcome Logo of Duke","lastModifiedDate":"2021-10-02"},{"lineNumber":122,"author":{"gitId":"-"},"content":"     */","lastModifiedDate":"2021-10-02"},{"lineNumber":123,"author":{"gitId":"-"},"content":"    public static void welcome(Boolean t) {","lastModifiedDate":"2021-10-02"},{"lineNumber":124,"author":{"gitId":"-"},"content":"        String logo \u003d \" ____        _        \\n\"","lastModifiedDate":"2021-10-02"},{"lineNumber":125,"author":{"gitId":"-"},"content":"                + \"|  _ \\\\ _   _| | _____ \\n\"","lastModifiedDate":"2021-10-02"},{"lineNumber":126,"author":{"gitId":"-"},"content":"                + \"| | | | | | | |/ / _ \\\\\\n\"","lastModifiedDate":"2021-10-02"},{"lineNumber":127,"author":{"gitId":"-"},"content":"                + \"| |_| | |_| |   \u003c  __/\\n\"","lastModifiedDate":"2021-10-02"},{"lineNumber":128,"author":{"gitId":"-"},"content":"                + \"|____/ \\\\__,_|_|\\\\_\\\\___|\\n\";","lastModifiedDate":"2021-10-02"},{"lineNumber":129,"author":{"gitId":"-"},"content":"        System.out.println(\"Hello from\\n\" + logo);","lastModifiedDate":"2021-10-02"},{"lineNumber":130,"author":{"gitId":"-"},"content":"        System.out.println(\"\\t____________________________________________________________\");","lastModifiedDate":"2021-10-02"},{"lineNumber":131,"author":{"gitId":"-"},"content":"        System.out.println(\"\\tHello! I\u0027m Duke\\n\\tWhat can I do for you?\");","lastModifiedDate":"2021-10-02"},{"lineNumber":132,"author":{"gitId":"-"},"content":"","lastModifiedDate":"2021-10-02"},{"lineNumber":133,"author":{"gitId":"-"},"content":"        if (!t) {","lastModifiedDate":"2021-10-02"},{"lineNumber":134,"author":{"gitId":"-"},"content":"            System.out.println(\"\\tYou have existing tasks to do!\\n\\tType \u0027load\u0027 to view existing tasks!\");","lastModifiedDate":"2021-10-02"},{"lineNumber":135,"author":{"gitId":"-"},"content":"        }","lastModifiedDate":"2021-10-02"},{"lineNumber":136,"author":{"gitId":"-"},"content":"","lastModifiedDate":"2021-10-02"},{"lineNumber":137,"author":{"gitId":"-"},"content":"        System.out.println(\"\\t____________________________________________________________\");","lastModifiedDate":"2021-10-02"},{"lineNumber":138,"author":{"gitId":"-"},"content":"    }","lastModifiedDate":"2021-10-02"},{"lineNumber":139,"author":{"gitId":"Mr-YaRou"},"content":"","lastModifiedDate":"2022-02-23"},{"lineNumber":140,"author":{"gitId":"Mr-YaRou"},"content":"    public static String welcome() {","lastModifiedDate":"2022-02-23"},{"lineNumber":141,"author":{"gitId":"Mr-YaRou"},"content":"        String message \u003d \"\";","lastModifiedDate":"2022-02-23"},{"lineNumber":142,"author":{"gitId":"Mr-YaRou"},"content":"        String logo \u003d \" ____        _        \\n\"","lastModifiedDate":"2022-02-23"},{"lineNumber":143,"author":{"gitId":"Mr-YaRou"},"content":"                + \"|  _ \\\\ _   _| | _____ \\n\"","lastModifiedDate":"2022-02-23"},{"lineNumber":144,"author":{"gitId":"Mr-YaRou"},"content":"                + \"| | | | | | | |/ / _ \\\\\\n\"","lastModifiedDate":"2022-02-23"},{"lineNumber":145,"author":{"gitId":"Mr-YaRou"},"content":"                + \"| |_| | |_| |   \u003c  __/\\n\"","lastModifiedDate":"2022-02-23"},{"lineNumber":146,"author":{"gitId":"Mr-YaRou"},"content":"                + \"|____/ \\\\__,_|_|\\\\_\\\\___|\\n\";","lastModifiedDate":"2022-02-23"},{"lineNumber":147,"author":{"gitId":"Mr-YaRou"},"content":"        message +\u003d \"Hello from\\n\" + logo;","lastModifiedDate":"2022-02-23"},{"lineNumber":148,"author":{"gitId":"Mr-YaRou"},"content":"        message +\u003d\"Hello! I\u0027m Duke\\n\" + \"What can I do for you?\\n\";","lastModifiedDate":"2022-02-23"},{"lineNumber":149,"author":{"gitId":"Mr-YaRou"},"content":"        return message;","lastModifiedDate":"2022-02-23"},{"lineNumber":150,"author":{"gitId":"Mr-YaRou"},"content":"    }","lastModifiedDate":"2022-02-23"},{"lineNumber":151,"author":{"gitId":"-"},"content":"}","lastModifiedDate":"2021-10-02"}],"authorContributionMap":{"-":138,"Mr-YaRou":13}},{"path":"src/main/resources/view/DialogBox.fxml","fileType":"fxml","lines":[{"lineNumber":1,"author":{"gitId":"Mr-YaRou"},"content":"\u003c?xml version\u003d\"1.0\" encoding\u003d\"UTF-8\"?\u003e","lastModifiedDate":"2022-02-23"},{"lineNumber":2,"author":{"gitId":"Mr-YaRou"},"content":"","lastModifiedDate":"2022-02-23"},{"lineNumber":3,"author":{"gitId":"Mr-YaRou"},"content":"\u003c?import javafx.geometry.Insets?\u003e","lastModifiedDate":"2022-02-23"},{"lineNumber":4,"author":{"gitId":"Mr-YaRou"},"content":"\u003c?import javafx.scene.control.Label?\u003e","lastModifiedDate":"2022-02-23"},{"lineNumber":5,"author":{"gitId":"Mr-YaRou"},"content":"\u003c?import javafx.scene.image.ImageView?\u003e","lastModifiedDate":"2022-02-23"},{"lineNumber":6,"author":{"gitId":"Mr-YaRou"},"content":"\u003c?import javafx.scene.layout.HBox?\u003e","lastModifiedDate":"2022-02-23"},{"lineNumber":7,"author":{"gitId":"Mr-YaRou"},"content":"","lastModifiedDate":"2022-02-23"},{"lineNumber":8,"author":{"gitId":"Mr-YaRou"},"content":"\u003cfx:root alignment\u003d\"TOP_RIGHT\" maxHeight\u003d\"1.7976931348623157E308\" maxWidth\u003d\"1.7976931348623157E308\" prefWidth\u003d\"400.0\" type\u003d\"javafx.scene.layout.HBox\" xmlns\u003d\"http://javafx.com/javafx/8.0.171\" xmlns:fx\u003d\"http://javafx.com/fxml/1\"\u003e","lastModifiedDate":"2022-02-23"},{"lineNumber":9,"author":{"gitId":"Mr-YaRou"},"content":"    \u003cchildren\u003e","lastModifiedDate":"2022-02-23"},{"lineNumber":10,"author":{"gitId":"Mr-YaRou"},"content":"        \u003cLabel fx:id\u003d\"dialog\" text\u003d\"Label\" wrapText\u003d\"true\" /\u003e","lastModifiedDate":"2022-02-23"},{"lineNumber":11,"author":{"gitId":"Mr-YaRou"},"content":"        \u003cImageView fx:id\u003d\"displayPicture\" fitHeight\u003d\"99.0\" fitWidth\u003d\"99.0\" pickOnBounds\u003d\"true\" preserveRatio\u003d\"true\" /\u003e","lastModifiedDate":"2022-02-23"},{"lineNumber":12,"author":{"gitId":"Mr-YaRou"},"content":"    \u003c/children\u003e","lastModifiedDate":"2022-02-23"},{"lineNumber":13,"author":{"gitId":"Mr-YaRou"},"content":"    \u003cpadding\u003e","lastModifiedDate":"2022-02-23"},{"lineNumber":14,"author":{"gitId":"Mr-YaRou"},"content":"        \u003cInsets bottom\u003d\"15.0\" left\u003d\"5.0\" right\u003d\"5.0\" top\u003d\"15.0\" /\u003e","lastModifiedDate":"2022-02-23"},{"lineNumber":15,"author":{"gitId":"Mr-YaRou"},"content":"    \u003c/padding\u003e","lastModifiedDate":"2022-02-23"},{"lineNumber":16,"author":{"gitId":"Mr-YaRou"},"content":"\u003c/fx:root\u003e","lastModifiedDate":"2022-02-23"}],"authorContributionMap":{"Mr-YaRou":16}},{"path":"src/main/resources/view/MainWindow.fxml","fileType":"fxml","lines":[{"lineNumber":1,"author":{"gitId":"Mr-YaRou"},"content":"\u003c?xml version\u003d\"1.0\" encoding\u003d\"UTF-8\"?\u003e","lastModifiedDate":"2022-02-23"},{"lineNumber":2,"author":{"gitId":"Mr-YaRou"},"content":"","lastModifiedDate":"2022-02-23"},{"lineNumber":3,"author":{"gitId":"Mr-YaRou"},"content":"\u003c?import javafx.scene.control.Button?\u003e","lastModifiedDate":"2022-02-23"},{"lineNumber":4,"author":{"gitId":"Mr-YaRou"},"content":"\u003c?import javafx.scene.control.ScrollPane?\u003e","lastModifiedDate":"2022-02-23"},{"lineNumber":5,"author":{"gitId":"Mr-YaRou"},"content":"\u003c?import javafx.scene.control.TextField?\u003e","lastModifiedDate":"2022-02-23"},{"lineNumber":6,"author":{"gitId":"Mr-YaRou"},"content":"\u003c?import javafx.scene.layout.AnchorPane?\u003e","lastModifiedDate":"2022-02-23"},{"lineNumber":7,"author":{"gitId":"Mr-YaRou"},"content":"\u003c?import javafx.scene.layout.VBox?\u003e","lastModifiedDate":"2022-02-23"},{"lineNumber":8,"author":{"gitId":"Mr-YaRou"},"content":"","lastModifiedDate":"2022-02-23"},{"lineNumber":9,"author":{"gitId":"Mr-YaRou"},"content":"\u003cAnchorPane maxHeight\u003d\"-Infinity\" maxWidth\u003d\"-Infinity\" minHeight\u003d\"-Infinity\" minWidth\u003d\"-Infinity\" prefHeight\u003d\"600.0\" prefWidth\u003d\"400.0\" xmlns\u003d\"http://javafx.com/javafx/8.0.171\" xmlns:fx\u003d\"http://javafx.com/fxml/1\" fx:controller\u003d\"MainWindow\"\u003e","lastModifiedDate":"2022-02-23"},{"lineNumber":10,"author":{"gitId":"Mr-YaRou"},"content":"    \u003cchildren\u003e","lastModifiedDate":"2022-02-23"},{"lineNumber":11,"author":{"gitId":"Mr-YaRou"},"content":"        \u003cTextField fx:id\u003d\"userInput\" layoutY\u003d\"558.0\" onAction\u003d\"#handleUserInput\" prefHeight\u003d\"41.0\" prefWidth\u003d\"324.0\" AnchorPane.bottomAnchor\u003d\"1.0\" /\u003e","lastModifiedDate":"2022-02-23"},{"lineNumber":12,"author":{"gitId":"Mr-YaRou"},"content":"        \u003cButton fx:id\u003d\"sendButton\" layoutX\u003d\"324.0\" layoutY\u003d\"558.0\" mnemonicParsing\u003d\"false\" onAction\u003d\"#handleUserInput\" prefHeight\u003d\"41.0\" prefWidth\u003d\"76.0\" text\u003d\"Send\" /\u003e","lastModifiedDate":"2022-02-23"},{"lineNumber":13,"author":{"gitId":"Mr-YaRou"},"content":"        \u003cScrollPane fx:id\u003d\"scrollPane\" hbarPolicy\u003d\"NEVER\" hvalue\u003d\"1.0\" prefHeight\u003d\"557.0\" prefWidth\u003d\"400.0\" vvalue\u003d\"1.0\"\u003e","lastModifiedDate":"2022-02-23"},{"lineNumber":14,"author":{"gitId":"Mr-YaRou"},"content":"            \u003ccontent\u003e","lastModifiedDate":"2022-02-23"},{"lineNumber":15,"author":{"gitId":"Mr-YaRou"},"content":"                \u003cVBox fx:id\u003d\"dialogContainer\" prefHeight\u003d\"552.0\" prefWidth\u003d\"388.0\" /\u003e","lastModifiedDate":"2022-02-23"},{"lineNumber":16,"author":{"gitId":"Mr-YaRou"},"content":"            \u003c/content\u003e","lastModifiedDate":"2022-02-23"},{"lineNumber":17,"author":{"gitId":"Mr-YaRou"},"content":"        \u003c/ScrollPane\u003e","lastModifiedDate":"2022-02-23"},{"lineNumber":18,"author":{"gitId":"Mr-YaRou"},"content":"    \u003c/children\u003e","lastModifiedDate":"2022-02-23"},{"lineNumber":19,"author":{"gitId":"Mr-YaRou"},"content":"\u003c/AnchorPane\u003e","lastModifiedDate":"2022-02-23"}],"authorContributionMap":{"Mr-YaRou":19}}]
