[{"path":"src/main/java/main/Duke.java","fileType":"java","lines":[{"lineNumber":1,"author":{"gitId":"-"},"content":"package main;","lastModifiedDate":"2021-10-02"},{"lineNumber":2,"author":{"gitId":"-"},"content":"","lastModifiedDate":"2021-10-02"},{"lineNumber":3,"author":{"gitId":"-"},"content":"import main.parsers.ParserText;","lastModifiedDate":"2021-10-02"},{"lineNumber":4,"author":{"gitId":"-"},"content":"import main.taskLists.Task;","lastModifiedDate":"2021-10-02"},{"lineNumber":5,"author":{"gitId":"-"},"content":"","lastModifiedDate":"2021-10-02"},{"lineNumber":6,"author":{"gitId":"-"},"content":"import java.io.IOException;","lastModifiedDate":"2021-10-02"},{"lineNumber":7,"author":{"gitId":"-"},"content":"import java.util.ArrayList;","lastModifiedDate":"2021-10-02"},{"lineNumber":8,"author":{"gitId":"-"},"content":"import java.util.Scanner;","lastModifiedDate":"2021-10-02"},{"lineNumber":9,"author":{"gitId":"-"},"content":"","lastModifiedDate":"2021-10-02"},{"lineNumber":10,"author":{"gitId":"Mr-YaRou"},"content":"import javafx.application.Application;","lastModifiedDate":"2022-02-20"},{"lineNumber":11,"author":{"gitId":"Mr-YaRou"},"content":"import javafx.scene.Scene;","lastModifiedDate":"2022-02-20"},{"lineNumber":12,"author":{"gitId":"Mr-YaRou"},"content":"import javafx.scene.control.Button;","lastModifiedDate":"2022-02-20"},{"lineNumber":13,"author":{"gitId":"Mr-YaRou"},"content":"import javafx.scene.control.ScrollPane;","lastModifiedDate":"2022-02-20"},{"lineNumber":14,"author":{"gitId":"Mr-YaRou"},"content":"import javafx.scene.control.TextField;","lastModifiedDate":"2022-02-20"},{"lineNumber":15,"author":{"gitId":"Mr-YaRou"},"content":"import javafx.scene.layout.AnchorPane;","lastModifiedDate":"2022-02-20"},{"lineNumber":16,"author":{"gitId":"Mr-YaRou"},"content":"import javafx.scene.layout.VBox;","lastModifiedDate":"2022-02-20"},{"lineNumber":17,"author":{"gitId":"Mr-YaRou"},"content":"import javafx.stage.Stage;","lastModifiedDate":"2022-02-20"},{"lineNumber":18,"author":{"gitId":"Mr-YaRou"},"content":"import javafx.scene.layout.Region;","lastModifiedDate":"2022-02-20"},{"lineNumber":19,"author":{"gitId":"-"},"content":"","lastModifiedDate":"2022-02-20"},{"lineNumber":20,"author":{"gitId":"Mr-YaRou"},"content":"//*","lastModifiedDate":"2022-02-20"},{"lineNumber":21,"author":{"gitId":"Mr-YaRou"},"content":"// Individual Project for TIC4002 2022 Jan-May","lastModifiedDate":"2022-02-20"},{"lineNumber":22,"author":{"gitId":"Mr-YaRou"},"content":"//","lastModifiedDate":"2022-02-20"},{"lineNumber":23,"author":{"gitId":"Mr-YaRou"},"content":"// *//","lastModifiedDate":"2022-02-20"},{"lineNumber":24,"author":{"gitId":"Mr-YaRou"},"content":"public class Duke extends Application {","lastModifiedDate":"2022-02-20"},{"lineNumber":25,"author":{"gitId":"-"},"content":"","lastModifiedDate":"2021-10-02"},{"lineNumber":26,"author":{"gitId":"-"},"content":"    public static ArrayList\u003cTask\u003e Tasks \u003d new ArrayList\u003c\u003e();","lastModifiedDate":"2021-10-02"},{"lineNumber":27,"author":{"gitId":"-"},"content":"","lastModifiedDate":"2021-10-02"},{"lineNumber":28,"author":{"gitId":"Mr-YaRou"},"content":"    // JavaFX","lastModifiedDate":"2022-02-20"},{"lineNumber":29,"author":{"gitId":"Mr-YaRou"},"content":"    private ScrollPane scrollPane;","lastModifiedDate":"2022-02-20"},{"lineNumber":30,"author":{"gitId":"Mr-YaRou"},"content":"    private VBox dialogContainer;","lastModifiedDate":"2022-02-20"},{"lineNumber":31,"author":{"gitId":"Mr-YaRou"},"content":"    private TextField userInput;","lastModifiedDate":"2022-02-20"},{"lineNumber":32,"author":{"gitId":"Mr-YaRou"},"content":"    private Button sendButton;","lastModifiedDate":"2022-02-20"},{"lineNumber":33,"author":{"gitId":"Mr-YaRou"},"content":"    private Scene scene;","lastModifiedDate":"2022-02-20"},{"lineNumber":34,"author":{"gitId":"Mr-YaRou"},"content":"","lastModifiedDate":"2022-02-20"},{"lineNumber":35,"author":{"gitId":"-"},"content":"    public static void main(String[] args) throws DukeException, IOException {","lastModifiedDate":"2021-10-02"},{"lineNumber":36,"author":{"gitId":"-"},"content":"","lastModifiedDate":"2021-10-02"},{"lineNumber":37,"author":{"gitId":"-"},"content":"        Storage storage \u003d new Storage(\"C:\\\\Users\\\\yrall\\\\Documents\\\\duke\\\\src\\\\data\\\\current_tasks.txt\");","lastModifiedDate":"2021-10-02"},{"lineNumber":38,"author":{"gitId":"-"},"content":"        ParserText response \u003d new ParserText();","lastModifiedDate":"2021-10-02"},{"lineNumber":39,"author":{"gitId":"-"},"content":"","lastModifiedDate":"2021-10-02"},{"lineNumber":40,"author":{"gitId":"-"},"content":"","lastModifiedDate":"2021-10-02"},{"lineNumber":41,"author":{"gitId":"-"},"content":"        UI interaction \u003d new UI();","lastModifiedDate":"2021-10-02"},{"lineNumber":42,"author":{"gitId":"-"},"content":"","lastModifiedDate":"2021-10-02"},{"lineNumber":43,"author":{"gitId":"-"},"content":"        interaction.welcome(storage.start());","lastModifiedDate":"2021-10-02"},{"lineNumber":44,"author":{"gitId":"-"},"content":"","lastModifiedDate":"2021-10-02"},{"lineNumber":45,"author":{"gitId":"-"},"content":"","lastModifiedDate":"2021-10-02"},{"lineNumber":46,"author":{"gitId":"-"},"content":"        while (response.isTrue) {","lastModifiedDate":"2021-10-02"},{"lineNumber":47,"author":{"gitId":"-"},"content":"            Scanner in \u003d new Scanner(System.in);","lastModifiedDate":"2021-10-02"},{"lineNumber":48,"author":{"gitId":"-"},"content":"            String input \u003d in.nextLine();","lastModifiedDate":"2021-10-02"},{"lineNumber":49,"author":{"gitId":"-"},"content":"            response.parsetext(input);","lastModifiedDate":"2021-10-02"},{"lineNumber":50,"author":{"gitId":"-"},"content":"        }","lastModifiedDate":"2021-10-02"},{"lineNumber":51,"author":{"gitId":"-"},"content":"","lastModifiedDate":"2021-10-02"},{"lineNumber":52,"author":{"gitId":"-"},"content":"        storage.save();","lastModifiedDate":"2021-10-02"},{"lineNumber":53,"author":{"gitId":"-"},"content":"","lastModifiedDate":"2021-10-02"},{"lineNumber":54,"author":{"gitId":"-"},"content":"    }","lastModifiedDate":"2021-10-02"},{"lineNumber":55,"author":{"gitId":"Mr-YaRou"},"content":"","lastModifiedDate":"2022-02-20"},{"lineNumber":56,"author":{"gitId":"Mr-YaRou"},"content":"    // Writing First Program JavaFX","lastModifiedDate":"2022-02-20"},{"lineNumber":57,"author":{"gitId":"Mr-YaRou"},"content":"","lastModifiedDate":"2022-02-20"},{"lineNumber":58,"author":{"gitId":"Mr-YaRou"},"content":"    @Override","lastModifiedDate":"2022-02-20"},{"lineNumber":59,"author":{"gitId":"Mr-YaRou"},"content":"    public void start(Stage stage) {","lastModifiedDate":"2022-02-20"},{"lineNumber":60,"author":{"gitId":"Mr-YaRou"},"content":"        //Step 1. Setting up required components","lastModifiedDate":"2022-02-20"},{"lineNumber":61,"author":{"gitId":"Mr-YaRou"},"content":"","lastModifiedDate":"2022-02-20"},{"lineNumber":62,"author":{"gitId":"Mr-YaRou"},"content":"        //The container for the content of the chat to scroll.","lastModifiedDate":"2022-02-20"},{"lineNumber":63,"author":{"gitId":"Mr-YaRou"},"content":"        scrollPane \u003d new ScrollPane();","lastModifiedDate":"2022-02-20"},{"lineNumber":64,"author":{"gitId":"Mr-YaRou"},"content":"        dialogContainer \u003d new VBox();","lastModifiedDate":"2022-02-20"},{"lineNumber":65,"author":{"gitId":"Mr-YaRou"},"content":"        scrollPane.setContent(dialogContainer);","lastModifiedDate":"2022-02-20"},{"lineNumber":66,"author":{"gitId":"Mr-YaRou"},"content":"","lastModifiedDate":"2022-02-20"},{"lineNumber":67,"author":{"gitId":"Mr-YaRou"},"content":"        userInput \u003d new TextField();","lastModifiedDate":"2022-02-20"},{"lineNumber":68,"author":{"gitId":"Mr-YaRou"},"content":"        sendButton \u003d new Button(\"Send\");","lastModifiedDate":"2022-02-20"},{"lineNumber":69,"author":{"gitId":"Mr-YaRou"},"content":"","lastModifiedDate":"2022-02-20"},{"lineNumber":70,"author":{"gitId":"Mr-YaRou"},"content":"        AnchorPane mainLayout \u003d new AnchorPane();","lastModifiedDate":"2022-02-20"},{"lineNumber":71,"author":{"gitId":"Mr-YaRou"},"content":"        mainLayout.getChildren().addAll(scrollPane, userInput, sendButton);","lastModifiedDate":"2022-02-20"},{"lineNumber":72,"author":{"gitId":"Mr-YaRou"},"content":"","lastModifiedDate":"2022-02-20"},{"lineNumber":73,"author":{"gitId":"Mr-YaRou"},"content":"        scene \u003d new Scene(mainLayout);","lastModifiedDate":"2022-02-20"},{"lineNumber":74,"author":{"gitId":"Mr-YaRou"},"content":"","lastModifiedDate":"2022-02-20"},{"lineNumber":75,"author":{"gitId":"Mr-YaRou"},"content":"        stage.setScene(scene);","lastModifiedDate":"2022-02-20"},{"lineNumber":76,"author":{"gitId":"Mr-YaRou"},"content":"        stage.show();","lastModifiedDate":"2022-02-20"},{"lineNumber":77,"author":{"gitId":"Mr-YaRou"},"content":"","lastModifiedDate":"2022-02-20"},{"lineNumber":78,"author":{"gitId":"Mr-YaRou"},"content":"        //Step 2. Formatting the window to look as expected","lastModifiedDate":"2022-02-20"},{"lineNumber":79,"author":{"gitId":"Mr-YaRou"},"content":"        stage.setTitle(\"Duke\");","lastModifiedDate":"2022-02-20"},{"lineNumber":80,"author":{"gitId":"Mr-YaRou"},"content":"        stage.setResizable(false);","lastModifiedDate":"2022-02-20"},{"lineNumber":81,"author":{"gitId":"Mr-YaRou"},"content":"        stage.setMinHeight(600.0);","lastModifiedDate":"2022-02-20"},{"lineNumber":82,"author":{"gitId":"Mr-YaRou"},"content":"        stage.setMinWidth(400.0);","lastModifiedDate":"2022-02-20"},{"lineNumber":83,"author":{"gitId":"Mr-YaRou"},"content":"","lastModifiedDate":"2022-02-20"},{"lineNumber":84,"author":{"gitId":"Mr-YaRou"},"content":"        mainLayout.setPrefSize(400.0, 600.0);","lastModifiedDate":"2022-02-20"},{"lineNumber":85,"author":{"gitId":"Mr-YaRou"},"content":"","lastModifiedDate":"2022-02-20"},{"lineNumber":86,"author":{"gitId":"Mr-YaRou"},"content":"        scrollPane.setPrefSize(385, 535);","lastModifiedDate":"2022-02-20"},{"lineNumber":87,"author":{"gitId":"Mr-YaRou"},"content":"        scrollPane.setHbarPolicy(ScrollPane.ScrollBarPolicy.NEVER);","lastModifiedDate":"2022-02-20"},{"lineNumber":88,"author":{"gitId":"Mr-YaRou"},"content":"        scrollPane.setVbarPolicy(ScrollPane.ScrollBarPolicy.ALWAYS);","lastModifiedDate":"2022-02-20"},{"lineNumber":89,"author":{"gitId":"Mr-YaRou"},"content":"","lastModifiedDate":"2022-02-20"},{"lineNumber":90,"author":{"gitId":"Mr-YaRou"},"content":"        scrollPane.setVvalue(1.0);","lastModifiedDate":"2022-02-20"},{"lineNumber":91,"author":{"gitId":"Mr-YaRou"},"content":"        scrollPane.setFitToWidth(true);","lastModifiedDate":"2022-02-20"},{"lineNumber":92,"author":{"gitId":"Mr-YaRou"},"content":"","lastModifiedDate":"2022-02-20"},{"lineNumber":93,"author":{"gitId":"Mr-YaRou"},"content":"        // You will need to import `javafx.scene.layout.Region` for this.","lastModifiedDate":"2022-02-20"},{"lineNumber":94,"author":{"gitId":"Mr-YaRou"},"content":"        dialogContainer.setPrefHeight(Region.USE_COMPUTED_SIZE);","lastModifiedDate":"2022-02-20"},{"lineNumber":95,"author":{"gitId":"Mr-YaRou"},"content":"","lastModifiedDate":"2022-02-20"},{"lineNumber":96,"author":{"gitId":"Mr-YaRou"},"content":"        userInput.setPrefWidth(325.0);","lastModifiedDate":"2022-02-20"},{"lineNumber":97,"author":{"gitId":"Mr-YaRou"},"content":"","lastModifiedDate":"2022-02-20"},{"lineNumber":98,"author":{"gitId":"Mr-YaRou"},"content":"        sendButton.setPrefWidth(55.0);","lastModifiedDate":"2022-02-20"},{"lineNumber":99,"author":{"gitId":"Mr-YaRou"},"content":"","lastModifiedDate":"2022-02-20"},{"lineNumber":100,"author":{"gitId":"Mr-YaRou"},"content":"        AnchorPane.setTopAnchor(scrollPane, 1.0);","lastModifiedDate":"2022-02-20"},{"lineNumber":101,"author":{"gitId":"Mr-YaRou"},"content":"","lastModifiedDate":"2022-02-20"},{"lineNumber":102,"author":{"gitId":"Mr-YaRou"},"content":"        AnchorPane.setBottomAnchor(sendButton, 1.0);","lastModifiedDate":"2022-02-20"},{"lineNumber":103,"author":{"gitId":"Mr-YaRou"},"content":"        AnchorPane.setRightAnchor(sendButton, 1.0);","lastModifiedDate":"2022-02-20"},{"lineNumber":104,"author":{"gitId":"Mr-YaRou"},"content":"","lastModifiedDate":"2022-02-20"},{"lineNumber":105,"author":{"gitId":"Mr-YaRou"},"content":"        AnchorPane.setLeftAnchor(userInput , 1.0);","lastModifiedDate":"2022-02-20"},{"lineNumber":106,"author":{"gitId":"Mr-YaRou"},"content":"        AnchorPane.setBottomAnchor(userInput, 1.0);","lastModifiedDate":"2022-02-20"},{"lineNumber":107,"author":{"gitId":"Mr-YaRou"},"content":"","lastModifiedDate":"2022-02-20"},{"lineNumber":108,"author":{"gitId":"Mr-YaRou"},"content":"    }","lastModifiedDate":"2022-02-20"},{"lineNumber":109,"author":{"gitId":"-"},"content":"}","lastModifiedDate":"2021-10-02"}],"authorContributionMap":{"-":34,"Mr-YaRou":75}},{"path":"src/main/java/main/Launcher.java","fileType":"java","lines":[{"lineNumber":1,"author":{"gitId":"Mr-YaRou"},"content":"package main;","lastModifiedDate":"2022-02-20"},{"lineNumber":2,"author":{"gitId":"Mr-YaRou"},"content":"","lastModifiedDate":"2022-02-20"},{"lineNumber":3,"author":{"gitId":"Mr-YaRou"},"content":"import javafx.application.Application;","lastModifiedDate":"2022-02-20"},{"lineNumber":4,"author":{"gitId":"Mr-YaRou"},"content":"import main.Duke;","lastModifiedDate":"2022-02-20"},{"lineNumber":5,"author":{"gitId":"Mr-YaRou"},"content":"","lastModifiedDate":"2022-02-20"},{"lineNumber":6,"author":{"gitId":"Mr-YaRou"},"content":"/**","lastModifiedDate":"2022-02-20"},{"lineNumber":7,"author":{"gitId":"Mr-YaRou"},"content":" * A launcher class to workaround classpath issues.","lastModifiedDate":"2022-02-20"},{"lineNumber":8,"author":{"gitId":"Mr-YaRou"},"content":" */","lastModifiedDate":"2022-02-20"},{"lineNumber":9,"author":{"gitId":"Mr-YaRou"},"content":"public class Launcher {","lastModifiedDate":"2022-02-20"},{"lineNumber":10,"author":{"gitId":"Mr-YaRou"},"content":"    public static void main(String[] args) {","lastModifiedDate":"2022-02-20"},{"lineNumber":11,"author":{"gitId":"Mr-YaRou"},"content":"        Application.launch(Duke.class, args);","lastModifiedDate":"2022-02-20"},{"lineNumber":12,"author":{"gitId":"Mr-YaRou"},"content":"    }","lastModifiedDate":"2022-02-20"},{"lineNumber":13,"author":{"gitId":"Mr-YaRou"},"content":"}","lastModifiedDate":"2022-02-20"}],"authorContributionMap":{"Mr-YaRou":13}}]
