{"authorDailyContributionsMap":{"Mr-YaRou":[{"date":"2022-02-20","commitResults":[{"hash":"dfe654fbb01dda7fdcd50c916adfb903ea4ddf61","messageTitle":"Test Commit","messageBody":"","fileTypesAndContributionMap":{"java":{"insertions":4,"deletions":24}}},{"hash":"59bf9a77114dd3d90257d63d9470c154a1a1d123","messageTitle":"Add JavaFX Library","messageBody":"","fileTypesAndContributionMap":{"java":{"insertions":33,"deletions":1}}},{"hash":"565bf7c8e4d6887e591d5fb3d9dd70c018a94745","messageTitle":"JavaFx Practice","messageBody":"","fileTypesAndContributionMap":{"java":{"insertions":60,"deletions":8}}}]},{"date":"2022-02-22","commitResults":[{"hash":"f391b65da388c75fe675bc3353ab775bf1c092e7","messageTitle":"Practice JavaFx","messageBody":"","fileTypesAndContributionMap":{"java":{"insertions":67,"deletions":1}}}]},{"date":"2022-02-23","commitResults":[{"hash":"2b1d656e2710ded7d96e107a5822a66e17ef1c57","messageTitle":"JavaFx Practice","messageBody":"","fileTypesAndContributionMap":{"fxml":{"insertions":35,"deletions":0},"java":{"insertions":77,"deletions":30}}},{"hash":"640a86a1eaf3ce8d84f818686ec5bede7a98dc52","messageTitle":"Level 10","messageBody":"","fileTypesAndContributionMap":{"java":{"insertions":158,"deletions":156}}}]}]},"authorFileTypeContributionMap":{"Mr-YaRou":{"java":203,"md":0,"fxml":35,"sh":0,"bat":0,"gradle":0,"txt":0}},"authorContributionVariance":{"Mr-YaRou":4887.8936},"authorDisplayNameMap":{"Mr-YaRou":"TIC4002-F18-6 GIMP..ADAY"}}
