{"authorDailyContributionsMap":{"Mr-YaRou":[{"date":"2022-02-20","commitResults":[{"hash":"dfe654fbb01dda7fdcd50c916adfb903ea4ddf61","messageTitle":"Test Commit","messageBody":"","fileTypesAndContributionMap":{"java":{"insertions":4,"deletions":24}}},{"hash":"59bf9a77114dd3d90257d63d9470c154a1a1d123","messageTitle":"Add JavaFX Library","messageBody":"","fileTypesAndContributionMap":{"java":{"insertions":33,"deletions":1}}},{"hash":"565bf7c8e4d6887e591d5fb3d9dd70c018a94745","messageTitle":"JavaFx Practice","messageBody":"","fileTypesAndContributionMap":{"java":{"insertions":60,"deletions":8}}}]},{"date":"2022-02-22","commitResults":[{"hash":"f391b65da388c75fe675bc3353ab775bf1c092e7","messageTitle":"Practice JavaFx","messageBody":"","fileTypesAndContributionMap":{"java":{"insertions":67,"deletions":1}}}]},{"date":"2022-02-23","commitResults":[{"hash":"2b1d656e2710ded7d96e107a5822a66e17ef1c57","messageTitle":"JavaFx Practice","messageBody":"","fileTypesAndContributionMap":{"fxml":{"insertions":35,"deletions":0},"java":{"insertions":77,"deletions":30}}},{"hash":"640a86a1eaf3ce8d84f818686ec5bede7a98dc52","messageTitle":"Level 10","messageBody":"","tags":["Level-10"],"fileTypesAndContributionMap":{"java":{"insertions":158,"deletions":156}}},{"hash":"37ff1c43c5e3d630f806507cacf1879ab1108807","messageTitle":"Code Improvements","messageBody":"","fileTypesAndContributionMap":{"fxml":{"insertions":1,"deletions":1},"java":{"insertions":3,"deletions":3}}},{"hash":"c93f83df002657cb49b5e420d5c82d7bf41c287f","messageTitle":"Code Improvements","messageBody":"","tags":["v1.01"],"fileTypesAndContributionMap":{"fxml":{"insertions":1,"deletions":1},"java":{"insertions":20,"deletions":5}}},{"hash":"3b13248a02834a81830f76b1e5ef4bfbbcf679e3","messageTitle":"C-MassOps","messageBody":"","tags":["C-MassOps"],"fileTypesAndContributionMap":{"java":{"insertions":25,"deletions":1}}},{"hash":"7deb94a84455707929502c8a0bdc6744c644eb45","messageTitle":"Improve Package Name Styles","messageBody":"","tags":["A-HigherCodingQuality"],"fileTypesAndContributionMap":{"java":{"insertions":9,"deletions":9}}},{"hash":"adb0234aa2d47380159f158fbba1c70d6070db69","messageTitle":"Create UserGuide.md","messageBody":"","fileTypesAndContributionMap":{"md":{"insertions":1,"deletions":0}}},{"hash":"ff7223ca51a7a78d199be6789b0980bd4f4d1c46","messageTitle":"Create DeveloperGuide.md","messageBody":"","fileTypesAndContributionMap":{"md":{"insertions":1,"deletions":0}}},{"hash":"baf99de0822575d47187321c1e002f6f2657d9e4","messageTitle":"Update DeveloperGuide.md","messageBody":"","fileTypesAndContributionMap":{"md":{"insertions":54,"deletions":0}}},{"hash":"c4b5b6c9e25e5ef8949b256b3e4ee4c7ee20d055","messageTitle":"Update README.md","messageBody":"","fileTypesAndContributionMap":{"md":{"insertions":53,"deletions":18}}}]}]},"authorFileTypeContributionMap":{"Mr-YaRou":{"java":245,"md":108,"fxml":35,"sh":0,"bat":0,"gradle":0,"txt":0}},"authorContributionVariance":{"Mr-YaRou":9851.833},"authorDisplayNameMap":{"Mr-YaRou":"TIC4002-F18-6 GIMP..ADAY"}}
