{"authorDailyContributionsMap":{"Mr-YaRou":[{"date":"2022-02-20","commitResults":[{"hash":"dfe654fbb01dda7fdcd50c916adfb903ea4ddf61","messageTitle":"Test Commit","messageBody":"","fileTypesAndContributionMap":{"java":{"insertions":4,"deletions":24}}},{"hash":"59bf9a77114dd3d90257d63d9470c154a1a1d123","messageTitle":"Add JavaFX Library","messageBody":"","fileTypesAndContributionMap":{"java":{"insertions":33,"deletions":1}}}]}]},"authorFileTypeContributionMap":{"Mr-YaRou":{"java":36,"md":0,"fxml":0,"sh":0,"bat":0,"gradle":0,"txt":0}},"authorContributionVariance":{"Mr-YaRou":89.34467},"authorDisplayNameMap":{"Mr-YaRou":"TIC4002-F18-6 GIMP..ADAY"}}
