{"repoSenseVersion":"b12d3485d4","reportGeneratedTime":"Fri Apr 22 08:15:29 2022 UTC+08:00","reportGenerationTime":" 8.90 second(s)","zoneId":"UTC+08:00","reportTitle":"RepoSense Report","repos":[{"location":{"location":"https://github.com/l-shihao/ip.git","repoName":"ip","organization":"l-shihao","domainName":"github"},"branch":"master","displayName":"l-shihao/ip[master]","outputFolderName":"l-shihao_ip_master"},{"location":{"location":"https://github.com/yaololo/ip.git","repoName":"ip","organization":"yaololo","domainName":"github"},"branch":"master","displayName":"yaololo/ip[master]","outputFolderName":"yaololo_ip_master"},{"location":{"location":"https://github.com/hana-oxy/ip.git","repoName":"ip","organization":"hana-oxy","domainName":"github"},"branch":"master","displayName":"hana-oxy/ip[master]","outputFolderName":"hana-oxy_ip_master"},{"location":{"location":"https://github.com/TanChiaChun/ip.git","repoName":"ip","organization":"TanChiaChun","domainName":"github"},"branch":"master","displayName":"TanChiaChun/ip[master]","outputFolderName":"TanChiaChun_ip_master"},{"location":{"location":"https://github.com/e0262191/ip.git","repoName":"ip","organization":"e0262191","domainName":"github"},"branch":"master","displayName":"e0262191/ip[master]","outputFolderName":"e0262191_ip_master"},{"location":{"location":"https://github.com/gweeyc/ip.git","repoName":"ip","organization":"gweeyc","domainName":"github"},"branch":"master","displayName":"gweeyc/ip[master]","outputFolderName":"gweeyc_ip_master"},{"location":{"location":"https://github.com/yinyin377/ip.git","repoName":"ip","organization":"yinyin377","domainName":"github"},"branch":"master","displayName":"yinyin377/ip[master]","outputFolderName":"yinyin377_ip_master"},{"location":{"location":"https://github.com/KaydenKhor/ip.git","repoName":"ip","organization":"KaydenKhor","domainName":"github"},"branch":"master","displayName":"KaydenKhor/ip[master]","outputFolderName":"KaydenKhor_ip_master"},{"location":{"location":"https://github.com/chenghuiyuan/ip.git","repoName":"ip","organization":"chenghuiyuan","domainName":"github"},"branch":"master","displayName":"chenghuiyuan/ip[master]","outputFolderName":"chenghuiyuan_ip_master"},{"location":{"location":"https://github.com/e0373972/ip.git","repoName":"ip","organization":"e0373972","domainName":"github"},"branch":"master","displayName":"e0373972/ip[master]","outputFolderName":"e0373972_ip_master"},{"location":{"location":"https://github.com/YangShuogeng/ip.git","repoName":"ip","organization":"YangShuogeng","domainName":"github"},"branch":"master","displayName":"YangShuogeng/ip[master]","outputFolderName":"YangShuogeng_ip_master"},{"location":{"location":"https://github.com/zyjarvis/ip.git","repoName":"ip","organization":"zyjarvis","domainName":"github"},"branch":"master","displayName":"zyjarvis/ip[master]","outputFolderName":"zyjarvis_ip_master"},{"location":{"location":"https://github.com/badfr0g/ip.git","repoName":"ip","organization":"badfr0g","domainName":"github"},"branch":"master","displayName":"badfr0g/ip[master]","outputFolderName":"badfr0g_ip_master"},{"location":{"location":"https://github.com/jr-mojito/ip.git","repoName":"ip","organization":"jr-mojito","domainName":"github"},"branch":"master","displayName":"jr-mojito/ip[master]","outputFolderName":"jr-mojito_ip_master"},{"location":{"location":"https://github.com/ivanhlb/ip.git","repoName":"ip","organization":"ivanhlb","domainName":"github"},"branch":"master","displayName":"ivanhlb/ip[master]","outputFolderName":"ivanhlb_ip_master"},{"location":{"location":"https://github.com/Opkko/ip.git","repoName":"ip","organization":"Opkko","domainName":"github"},"branch":"master","displayName":"Opkko/ip[master]","outputFolderName":"Opkko_ip_master"},{"location":{"location":"https://github.com/thisisdax/ip.git","repoName":"ip","organization":"thisisdax","domainName":"github"},"branch":"master","displayName":"thisisdax/ip[master]","outputFolderName":"thisisdax_ip_master"},{"location":{"location":"https://github.com/Mr-YaRou/ip.git","repoName":"ip","organization":"Mr-YaRou","domainName":"github"},"branch":"master","displayName":"Mr-YaRou/ip[master]","outputFolderName":"Mr-YaRou_ip_master"},{"location":{"location":"https://github.com/Elxyng/ip.git","repoName":"ip","organization":"Elxyng","domainName":"github"},"branch":"master","displayName":"Elxyng/ip[master]","outputFolderName":"Elxyng_ip_master"},{"location":{"location":"https://github.com/Ruiting1/ip.git","repoName":"ip","organization":"Ruiting1","domainName":"github"},"branch":"master","displayName":"Ruiting1/ip[master]","outputFolderName":"Ruiting1_ip_master"},{"location":{"location":"https://github.com/lowyanshuang/ip.git","repoName":"ip","organization":"lowyanshuang","domainName":"github"},"branch":"master","displayName":"lowyanshuang/ip[master]","outputFolderName":"lowyanshuang_ip_master"},{"location":{"location":"https://github.com/zcnmashleu95/ip.git","repoName":"ip","organization":"zcnmashleu95","domainName":"github"},"branch":"master","displayName":"zcnmashleu95/ip[master]","outputFolderName":"zcnmashleu95_ip_master"},{"location":{"location":"https://github.com/spencernah/ip.git","repoName":"ip","organization":"spencernah","domainName":"github"},"branch":"master","displayName":"spencernah/ip[master]","outputFolderName":"spencernah_ip_master"},{"location":{"location":"https://github.com/IcyNoPeople/ip.git","repoName":"ip","organization":"IcyNoPeople","domainName":"github"},"branch":"master","displayName":"IcyNoPeople/ip[master]","outputFolderName":"IcyNoPeople_ip_master"},{"location":{"location":"https://github.com/sohwkjames/ip.git","repoName":"ip","organization":"sohwkjames","domainName":"github"},"branch":"master","displayName":"sohwkjames/ip[master]","outputFolderName":"sohwkjames_ip_master"}],"errorSet":[],"sinceDate":"2022-01-10","untilDate":"2022-04-22","isSinceDateProvided":true,"isUntilDateProvided":false,"supportedDomainUrlMap":{"NOT_RECOGNIZED":{"BRANCH":"","REPO_URL":"UNSUPPORTED","BASE_URL":"UNSUPPORTED","HISTORY_PATH":"","COMMIT_PATH":"","BLAME_PATH":""},"github":{"BRANCH":"tree/$BRANCH","REPO_URL":"https://github.com/$ORGANIZATION/$REPO_NAME/","BASE_URL":"https://github.com/","HISTORY_PATH":"commits/$BRANCH/$FILE_PATH","COMMIT_PATH":"commit/$COMMIT_HASH","BLAME_PATH":"blame/$BRANCH/$FILE_PATH"}}}
