[{"path":"src/main/java/Duke.java","fileType":"java","lines":[{"lineNumber":1,"author":{"gitId":"-"},"content":"import Duke.Task.Task;","lastModifiedDate":"2021-08-25"},{"lineNumber":2,"author":{"gitId":"-"},"content":"import Duke.Task.TaskList;","lastModifiedDate":"2021-08-25"},{"lineNumber":3,"author":{"gitId":"-"},"content":"import Duke.exceptions.DukeException;","lastModifiedDate":"2021-08-25"},{"lineNumber":4,"author":{"gitId":"-"},"content":"","lastModifiedDate":"2021-08-25"},{"lineNumber":5,"author":{"gitId":"-"},"content":"import java.util.ArrayList;","lastModifiedDate":"2021-08-17"},{"lineNumber":6,"author":{"gitId":"-"},"content":"","lastModifiedDate":"2021-08-17"},{"lineNumber":7,"author":{"gitId":"-"},"content":"public class Duke {","lastModifiedDate":"2019-07-29"},{"lineNumber":8,"author":{"gitId":"-"},"content":"    public static void main(String[] args) throws DukeException {","lastModifiedDate":"2021-08-25"},{"lineNumber":9,"author":{"gitId":"-"},"content":"","lastModifiedDate":"2021-08-17"},{"lineNumber":10,"author":{"gitId":"-"},"content":"        Operations operations \u003d new Operations();","lastModifiedDate":"2021-08-17"},{"lineNumber":11,"author":{"gitId":"-"},"content":"        Interactor interactor \u003d new Interactor();","lastModifiedDate":"2021-08-17"},{"lineNumber":12,"author":{"gitId":"-"},"content":"        TaskList taskList \u003d new TaskList(new ArrayList\u003cTask\u003e());","lastModifiedDate":"2021-08-17"},{"lineNumber":13,"author":{"gitId":"-"},"content":"","lastModifiedDate":"2021-08-17"},{"lineNumber":14,"author":{"gitId":"sohwkjames"},"content":"        console.log(\u0027Test\u0027);","lastModifiedDate":"2022-01-16"},{"lineNumber":15,"author":{"gitId":"sohwkjames"},"content":"        ","lastModifiedDate":"2022-01-16"},{"lineNumber":16,"author":{"gitId":"-"},"content":"        operations.setDatabase(taskList);","lastModifiedDate":"2021-08-17"},{"lineNumber":17,"author":{"gitId":"-"},"content":"        interactor.setOperations(operations);","lastModifiedDate":"2021-08-17"},{"lineNumber":18,"author":{"gitId":"-"},"content":"","lastModifiedDate":"2021-08-17"},{"lineNumber":19,"author":{"gitId":"-"},"content":"        interactor.setExitKeyword(\"bye\");","lastModifiedDate":"2021-08-17"},{"lineNumber":20,"author":{"gitId":"-"},"content":"        interactor.setDoneKeyword(\"done\");","lastModifiedDate":"2021-08-17"},{"lineNumber":21,"author":{"gitId":"-"},"content":"","lastModifiedDate":"2021-08-17"},{"lineNumber":22,"author":{"gitId":"-"},"content":"        interactor.start();","lastModifiedDate":"2021-08-17"},{"lineNumber":23,"author":{"gitId":"-"},"content":"    }","lastModifiedDate":"2019-07-29"},{"lineNumber":24,"author":{"gitId":"-"},"content":"}","lastModifiedDate":"2019-07-29"}],"authorContributionMap":{"sohwkjames":2,"-":22}}]
