{"authorDailyContributionsMap":{"KaydenKhor":[{"date":"2022-01-25","commitResults":[{"hash":"7d6fffc86836e4d9ac5a7766c066018b4efc1d41","messageTitle":"Added Gradle into porject","messageBody":"","tags":["A-StricterCodingStandard","A-Gradle"],"fileTypesAndContributionMap":{"gradle":{"insertions":18,"deletions":0},"txt":{"insertions":1,"deletions":0},"java":{"insertions":0,"deletions":1},"bat":{"insertions":89,"deletions":0},"md":{"insertions":929,"deletions":32}}}]},{"date":"2022-01-26","commitResults":[{"hash":"260bb7862506a8f96609e3fd0c6ea2d7acc2f041","messageTitle":"A-StricterCodingStandard","messageBody":"","fileTypesAndContributionMap":{"gradle":{"insertions":2,"deletions":1},"java":{"insertions":0,"deletions":0}}}]},{"date":"2022-02-20","commitResults":[{"hash":"3e7953dae2de750446a9872098d5abb064e716ef","messageTitle":"A-StricterCodingStandard","messageBody":"","tags":["A-CheckStyle"],"fileTypesAndContributionMap":{"java":{"insertions":2,"deletions":4}}}]},{"date":"2022-02-24","commitResults":[{"hash":"f040d6fbf19d899966c3166949107533fd8c9ec9","messageTitle":"Level-10: Completed GUI for duke","messageBody":"","fileTypesAndContributionMap":{"fxml":{"insertions":28,"deletions":0},"java":{"insertions":12,"deletions":0}}},{"hash":"102a0773dff44ac56678c7da10c3ab10ad7fac96","messageTitle":"Level-10: Completed GUI for duke part 2","messageBody":"","fileTypesAndContributionMap":{"gradle":{"insertions":16,"deletions":0},"fxml":{"insertions":29,"deletions":22},"java":{"insertions":169,"deletions":2}}},{"hash":"f38498493a3c63a7f6476d0d3e1b5477de9ec003","messageTitle":"Level-10: Added GUI to duke completed!","messageBody":"","tags":["Level-10"],"fileTypesAndContributionMap":{"txt":{"insertions":1,"deletions":1},"java":{"insertions":155,"deletions":41}}},{"hash":"cf161adb529e39d1efdca1dfd80c6c0cd520a5b6","messageTitle":"Created first JAR file with GUI for duke","messageBody":"","fileTypesAndContributionMap":{"gradle":{"insertions":10,"deletions":2}}}]},{"date":"2022-02-26","commitResults":[{"hash":"875a4ef97408d09aea706761642ed403b50940de","messageTitle":"Fixed GUI functionality","messageBody":"","fileTypesAndContributionMap":{"txt":{"insertions":0,"deletions":1},"java":{"insertions":15,"deletions":10}}}]},{"date":"2022-02-27","commitResults":[{"hash":"c8563502f7c2b2380b3eb55dcb9cba8b4081db4d","messageTitle":"Fix Jar without text file issue.","messageBody":"","fileTypesAndContributionMap":{"java":{"insertions":12,"deletions":7}}}]}]},"authorFileTypeContributionMap":{"KaydenKhor":{"java":345,"md":901,"fxml":35,"sh":0,"bat":89,"gradle":43,"txt":0}},"authorContributionVariance":{"KaydenKhor":27165.178},"authorDisplayNameMap":{"KaydenKhor":"TIC4002-F18-6 KHOR..YONG"}}
