{"authorDailyContributionsMap":{"KaydenKhor":[{"date":"2022-01-25","commitResults":[{"hash":"7d6fffc86836e4d9ac5a7766c066018b4efc1d41","messageTitle":"Added Gradle into porject","messageBody":"","tags":["A-StricterCodingStandard","A-Gradle"],"fileTypesAndContributionMap":{"gradle":{"insertions":18,"deletions":0},"txt":{"insertions":1,"deletions":0},"java":{"insertions":0,"deletions":1},"bat":{"insertions":89,"deletions":0},"md":{"insertions":929,"deletions":32}}}]},{"date":"2022-01-26","commitResults":[{"hash":"260bb7862506a8f96609e3fd0c6ea2d7acc2f041","messageTitle":"A-StricterCodingStandard","messageBody":"","fileTypesAndContributionMap":{"gradle":{"insertions":2,"deletions":1},"java":{"insertions":0,"deletions":0}}}]},{"date":"2022-02-20","commitResults":[{"hash":"3e7953dae2de750446a9872098d5abb064e716ef","messageTitle":"A-StricterCodingStandard","messageBody":"","tags":["A-CheckStyle"],"fileTypesAndContributionMap":{"java":{"insertions":2,"deletions":4}}}]},{"date":"2022-02-24","commitResults":[{"hash":"f040d6fbf19d899966c3166949107533fd8c9ec9","messageTitle":"Level-10: Completed GUI for duke","messageBody":"","fileTypesAndContributionMap":{"fxml":{"insertions":28,"deletions":0},"java":{"insertions":12,"deletions":0}}},{"hash":"102a0773dff44ac56678c7da10c3ab10ad7fac96","messageTitle":"Level-10: Completed GUI for duke part 2","messageBody":"","fileTypesAndContributionMap":{"gradle":{"insertions":16,"deletions":0},"fxml":{"insertions":29,"deletions":22},"java":{"insertions":169,"deletions":2}}},{"hash":"f38498493a3c63a7f6476d0d3e1b5477de9ec003","messageTitle":"Level-10: Added GUI to duke completed!","messageBody":"","tags":["Level-10"],"fileTypesAndContributionMap":{"txt":{"insertions":1,"deletions":1},"java":{"insertions":155,"deletions":41}}},{"hash":"cf161adb529e39d1efdca1dfd80c6c0cd520a5b6","messageTitle":"Created first JAR file with GUI for duke","messageBody":"","fileTypesAndContributionMap":{"gradle":{"insertions":10,"deletions":2}}}]},{"date":"2022-02-26","commitResults":[{"hash":"875a4ef97408d09aea706761642ed403b50940de","messageTitle":"Fixed GUI functionality","messageBody":"","fileTypesAndContributionMap":{"txt":{"insertions":0,"deletions":1},"java":{"insertions":15,"deletions":10}}}]},{"date":"2022-02-27","commitResults":[{"hash":"c8563502f7c2b2380b3eb55dcb9cba8b4081db4d","messageTitle":"Fix Jar without text file issue.","messageBody":"","fileTypesAndContributionMap":{"java":{"insertions":12,"deletions":7}}},{"hash":"825b776c0ff5ee330df610e4248235dc159e2b41","messageTitle":"Implemented C-Tagging Extension","messageBody":"","tags":["BCD-Extension"],"fileTypesAndContributionMap":{"txt":{"insertions":2,"deletions":0},"java":{"insertions":99,"deletions":20}}},{"hash":"e7dce41aba363b2dbc1773b91f0203cf2aa8c71d","messageTitle":"Apply A-HigherCodingQuality","messageBody":"","tags":["A-HigherCodingQuality"],"fileTypesAndContributionMap":{"txt":{"insertions":3,"deletions":2},"java":{"insertions":19,"deletions":127}}},{"hash":"b35178028ee639e9f652b863b500e5722229af42","messageTitle":"Create UserGuide.md","messageBody":"Created \u0026 Finalized UserGuide","fileTypesAndContributionMap":{"md":{"insertions":241,"deletions":0}}},{"hash":"a9ee7d4f013ab5809f24b5896fe86319b18a513d","messageTitle":"Update UserGuide.md","messageBody":"","fileTypesAndContributionMap":{"md":{"insertions":0,"deletions":21}}},{"hash":"f0b4f3b38eec0d4d94778cf4fbd18b13ce9ea225","messageTitle":"Update README.md","messageBody":"","fileTypesAndContributionMap":{"md":{"insertions":37,"deletions":8}}},{"hash":"5f8777466249bbc6ed4768c08ca549725f93642f","messageTitle":"Create DeveloperGuide.md","messageBody":"","fileTypesAndContributionMap":{"md":{"insertions":79,"deletions":0}}},{"hash":"20a4de4759261f5a8ef630a8fcedcb91979d7fe0","messageTitle":"Update DeveloperGuide.md","messageBody":"","fileTypesAndContributionMap":{"md":{"insertions":1,"deletions":1}}},{"hash":"f28705ff4baf65346254cee1e977aae9cbd16ea8","messageTitle":"Update DeveloperGuide.md","messageBody":"","fileTypesAndContributionMap":{"md":{"insertions":1,"deletions":1}}},{"hash":"809de24774e7bd0a876069874e9dad38c9428bfc","messageTitle":"Update DeveloperGuide.md","messageBody":"","fileTypesAndContributionMap":{"md":{"insertions":1,"deletions":1}}},{"hash":"09c3d9fe615d80d019183e064c41fe864684ac2d","messageTitle":"Upload Ui.png","messageBody":"","fileTypesAndContributionMap":{"txt":{"insertions":3,"deletions":0}}},{"hash":"a56d8b95df27d6784a417e02cc7773418a0e7b5d","messageTitle":"Update README.md","messageBody":"","fileTypesAndContributionMap":{"md":{"insertions":3,"deletions":1}}},{"hash":"c2310fccbf8d9929e0dccb70af622f5367f5fe22","messageTitle":"Update README.md","messageBody":"","fileTypesAndContributionMap":{"md":{"insertions":1,"deletions":1}}},{"hash":"b97a2995482947fe6f3406aa4fc7c6496448e355","messageTitle":"Update UserGuide.md","messageBody":"","fileTypesAndContributionMap":{"md":{"insertions":3,"deletions":1}}}]}]},"authorFileTypeContributionMap":{"KaydenKhor":{"java":424,"md":1240,"fxml":35,"sh":0,"bat":89,"gradle":43,"txt":6}},"authorContributionVariance":{"KaydenKhor":35943.934},"authorDisplayNameMap":{"KaydenKhor":"TIC4002-F18-6 KHOR..YONG"}}
