{"authorDailyContributionsMap":{"KaydenKhor":[{"date":"2022-01-25","commitResults":[{"hash":"7d6fffc86836e4d9ac5a7766c066018b4efc1d41","messageTitle":"Added Gradle into porject","messageBody":"","tags":["A-Gradle"],"fileTypesAndContributionMap":{"gradle":{"insertions":18,"deletions":0},"txt":{"insertions":1,"deletions":0},"java":{"insertions":0,"deletions":1},"bat":{"insertions":89,"deletions":0},"md":{"insertions":929,"deletions":32}}}]}]},"authorFileTypeContributionMap":{"KaydenKhor":{"java":0,"md":901,"fxml":0,"sh":0,"bat":89,"gradle":18,"txt":1}},"authorContributionVariance":{"KaydenKhor":67083.984},"authorDisplayNameMap":{"KaydenKhor":"TIC4002-F18-6 KHOR..YONG"}}
