{"authorDailyContributionsMap":{"KaydenKhor":[{"date":"2022-01-25","commitResults":[{"hash":"7d6fffc86836e4d9ac5a7766c066018b4efc1d41","messageTitle":"Added Gradle into porject","messageBody":"","tags":["A-StricterCodingStandard","A-Gradle"],"fileTypesAndContributionMap":{"gradle":{"insertions":18,"deletions":0},"txt":{"insertions":1,"deletions":0},"java":{"insertions":0,"deletions":1},"bat":{"insertions":89,"deletions":0},"md":{"insertions":929,"deletions":32}}}]},{"date":"2022-01-26","commitResults":[{"hash":"260bb7862506a8f96609e3fd0c6ea2d7acc2f041","messageTitle":"A-StricterCodingStandard","messageBody":"","fileTypesAndContributionMap":{"gradle":{"insertions":2,"deletions":1},"java":{"insertions":0,"deletions":0}}}]}]},"authorFileTypeContributionMap":{"KaydenKhor":{"java":0,"md":901,"fxml":0,"sh":0,"bat":89,"gradle":19,"txt":1}},"authorContributionVariance":{"KaydenKhor":63363.75},"authorDisplayNameMap":{"KaydenKhor":"TIC4002-F18-6 KHOR..YONG"}}
