{"authorDailyContributionsMap":{"IcyNoPeople":[{"date":"2022-01-24","commitResults":[{"hash":"838752fb801bc1f34150dbb5e24aaaf7a364e257","messageTitle":"Gradle added","messageBody":"","fileTypesAndContributionMap":{"gradle":{"insertions":44,"deletions":0},"bat":{"insertions":89,"deletions":0}}}]},{"date":"2022-01-27","commitResults":[{"hash":"c1c3c79ac4773b064ab7b26ec9ea1e3fafed75a1","messageTitle":"A-StricterCodingStandard","messageBody":"","tags":["A-StricterCodingStandard"],"fileTypesAndContributionMap":{"gradle":{"insertions":4,"deletions":0},"java":{"insertions":420,"deletions":354}}}]},{"date":"2022-02-03","commitResults":[{"hash":"c6e1aa78b8285330346cf98915c0824600955e06","messageTitle":"Gui part1","messageBody":"","fileTypesAndContributionMap":{"gradle":{"insertions":15,"deletions":0},"fxml":{"insertions":35,"deletions":0},"java":{"insertions":257,"deletions":2}}}]}]},"authorFileTypeContributionMap":{"IcyNoPeople":{"java":491,"md":0,"fxml":35,"sh":0,"bat":89,"gradle":63,"txt":0}},"authorContributionVariance":{"IcyNoPeople":26356.72},"authorDisplayNameMap":{"IcyNoPeople":"TIC4002-F18-1 LEOW.. HUI"}}
