{"authorDailyContributionsMap":{"IcyNoPeople":[{"date":"2022-01-24","commitResults":[{"hash":"838752fb801bc1f34150dbb5e24aaaf7a364e257","messageTitle":"Gradle added","messageBody":"","fileTypesAndContributionMap":{"gradle":{"insertions":44,"deletions":0},"bat":{"insertions":89,"deletions":0}}}]}]},"authorFileTypeContributionMap":{"IcyNoPeople":{"java":0,"md":0,"fxml":0,"sh":0,"bat":89,"gradle":44,"txt":0}},"authorContributionVariance":{"IcyNoPeople":1100.6488},"authorDisplayNameMap":{"IcyNoPeople":"TIC4002-F18-1 LEOW.. HUI"}}
