{"authorDailyContributionsMap":{"IcyNoPeople":[{"date":"2022-01-24","commitResults":[{"hash":"838752fb801bc1f34150dbb5e24aaaf7a364e257","messageTitle":"Gradle added","messageBody":"","fileTypesAndContributionMap":{"gradle":{"insertions":44,"deletions":0},"bat":{"insertions":89,"deletions":0}}}]},{"date":"2022-01-27","commitResults":[{"hash":"c1c3c79ac4773b064ab7b26ec9ea1e3fafed75a1","messageTitle":"A-StricterCodingStandard","messageBody":"","tags":["A-StricterCodingStandard","A-CheckStyle"],"fileTypesAndContributionMap":{"gradle":{"insertions":4,"deletions":0},"java":{"insertions":420,"deletions":354}}}]},{"date":"2022-02-03","commitResults":[{"hash":"c6e1aa78b8285330346cf98915c0824600955e06","messageTitle":"Gui part1","messageBody":"","fileTypesAndContributionMap":{"gradle":{"insertions":15,"deletions":0},"fxml":{"insertions":35,"deletions":0},"java":{"insertions":257,"deletions":2}}}]},{"date":"2022-02-10","commitResults":[{"hash":"1410b0c0907fdfd730ec4d1917caa15448de4b03","messageTitle":"Gui part 2","messageBody":"","fileTypesAndContributionMap":{"java":{"insertions":65,"deletions":50}}}]},{"date":"2022-02-18","commitResults":[{"hash":"b49f5a6431f2e151d59a19c5be22dc7d8b29e35b","messageTitle":"gui done","messageBody":"","tags":["v0.3","Level-10"],"fileTypesAndContributionMap":{"java":{"insertions":194,"deletions":204}}},{"hash":"a64e4afb0b2d07a61bd80348305e777994c88dd4","messageTitle":"ci","messageBody":"","tags":["A-Ci"],"fileTypesAndContributionMap":{"gradle":{"insertions":1,"deletions":1}}}]},{"date":"2022-02-20","commitResults":[{"hash":"c51b7409b4e2d9882fc293b4485b046b517586c8","messageTitle":"C-DetectDuplicates","messageBody":"","tags":["BCD-Extension"],"fileTypesAndContributionMap":{"txt":{"insertions":7,"deletions":0},"fxml":{"insertions":17,"deletions":7},"java":{"insertions":178,"deletions":34}}},{"hash":"3b7f41a2c8d366d1f8aa5ccfa3cbb1e76c4ca965","messageTitle":"coding standard","messageBody":"","tags":["A-HigherCodingQuality"],"fileTypesAndContributionMap":{"java":{"insertions":117,"deletions":106}}},{"hash":"5aa827feb0ba41632220b3a5ccabe72ab2d43f91","messageTitle":"minor change","messageBody":"","fileTypesAndContributionMap":{"java":{"insertions":2,"deletions":2}}},{"hash":"5b1e873b2c91c5620708e2939b96569e85f30a1c","messageTitle":"minor change","messageBody":"","fileTypesAndContributionMap":{"java":{"insertions":2,"deletions":3}}},{"hash":"4b09ec3ab96a73c303fc83ca77d202ae2e64d066","messageTitle":"update ui","messageBody":"","fileTypesAndContributionMap":{"java":{"insertions":12,"deletions":5}}},{"hash":"f0c739f3aaa207d7a3ee2e9b0b7e3adaa97d0f3c","messageTitle":"re-upload Ui screenshot","messageBody":"","fileTypesAndContributionMap":{"txt":{"insertions":8,"deletions":10}}},{"hash":"67aa2073fed535e94ce7fce1e08b7150f1fdb177","messageTitle":"edit words","messageBody":"","fileTypesAndContributionMap":{"txt":{"insertions":1,"deletions":7}}},{"hash":"77ffe5b4da5e0b7a95e52e72a892db21e45cef52","messageTitle":"Update README.md","messageBody":"","fileTypesAndContributionMap":{"md":{"insertions":31,"deletions":234}}},{"hash":"892fab4bdf3183da14e8a5e544101db48d5c8b1d","messageTitle":"Update README.md","messageBody":"","fileTypesAndContributionMap":{"md":{"insertions":1,"deletions":2}}},{"hash":"c31b6c9dba3ba35a2d15c28799434ef1f4d851b5","messageTitle":"Update README.md","messageBody":"","fileTypesAndContributionMap":{"md":{"insertions":0,"deletions":1}}},{"hash":"3e9d5de0d52a112e789b3f78108515fd0f367c08","messageTitle":"Update README.md","messageBody":"","fileTypesAndContributionMap":{"md":{"insertions":2,"deletions":15}}}]}]},"authorFileTypeContributionMap":{"IcyNoPeople":{"java":727,"md":19,"fxml":45,"sh":0,"bat":89,"gradle":63,"txt":3}},"authorContributionVariance":{"IcyNoPeople":32966.82},"authorDisplayNameMap":{"IcyNoPeople":"TIC4002-F18-1 LEOW.. HUI"}}
