[{"path":"build.gradle","fileType":"gradle","lines":[{"lineNumber":1,"author":{"gitId":"zyjarvis"},"content":"plugins {","lastModifiedDate":"2022-01-21"},{"lineNumber":2,"author":{"gitId":"zyjarvis"},"content":"    id \u0027java\u0027","lastModifiedDate":"2022-01-21"},{"lineNumber":3,"author":{"gitId":"zyjarvis"},"content":"    id \u0027application\u0027","lastModifiedDate":"2022-01-21"},{"lineNumber":4,"author":{"gitId":"zyjarvis"},"content":"    id \u0027checkstyle\u0027","lastModifiedDate":"2022-01-21"},{"lineNumber":5,"author":{"gitId":"zyjarvis"},"content":"    id \u0027com.github.johnrengelman.shadow\u0027 version \u00275.1.0\u0027","lastModifiedDate":"2022-01-21"},{"lineNumber":6,"author":{"gitId":"zyjarvis"},"content":"}","lastModifiedDate":"2022-01-21"},{"lineNumber":7,"author":{"gitId":"zyjarvis"},"content":"","lastModifiedDate":"2022-01-21"},{"lineNumber":8,"author":{"gitId":"zyjarvis"},"content":"repositories {","lastModifiedDate":"2022-01-21"},{"lineNumber":9,"author":{"gitId":"zyjarvis"},"content":"    mavenCentral()","lastModifiedDate":"2022-01-21"},{"lineNumber":10,"author":{"gitId":"zyjarvis"},"content":"}","lastModifiedDate":"2022-01-21"},{"lineNumber":11,"author":{"gitId":"zyjarvis"},"content":"","lastModifiedDate":"2022-01-21"},{"lineNumber":12,"author":{"gitId":"zyjarvis"},"content":"dependencies {","lastModifiedDate":"2022-01-21"},{"lineNumber":13,"author":{"gitId":"zyjarvis"},"content":"    testImplementation group: \u0027org.junit.jupiter\u0027, name: \u0027junit-jupiter-api\u0027, version: \u00275.5.0\u0027","lastModifiedDate":"2022-01-21"},{"lineNumber":14,"author":{"gitId":"zyjarvis"},"content":"    testRuntimeOnly group: \u0027org.junit.jupiter\u0027, name: \u0027junit-jupiter-engine\u0027, version: \u00275.5.0\u0027","lastModifiedDate":"2022-01-21"},{"lineNumber":15,"author":{"gitId":"zyjarvis"},"content":"}","lastModifiedDate":"2022-01-21"},{"lineNumber":16,"author":{"gitId":"zyjarvis"},"content":"","lastModifiedDate":"2022-01-21"},{"lineNumber":17,"author":{"gitId":"zyjarvis"},"content":"test {","lastModifiedDate":"2022-01-21"},{"lineNumber":18,"author":{"gitId":"zyjarvis"},"content":"    useJUnitPlatform()","lastModifiedDate":"2022-01-21"},{"lineNumber":19,"author":{"gitId":"zyjarvis"},"content":"","lastModifiedDate":"2022-01-21"},{"lineNumber":20,"author":{"gitId":"zyjarvis"},"content":"    testLogging {","lastModifiedDate":"2022-01-21"},{"lineNumber":21,"author":{"gitId":"zyjarvis"},"content":"        events \"passed\", \"skipped\", \"failed\"","lastModifiedDate":"2022-01-21"},{"lineNumber":22,"author":{"gitId":"zyjarvis"},"content":"","lastModifiedDate":"2022-01-21"},{"lineNumber":23,"author":{"gitId":"zyjarvis"},"content":"        showExceptions true","lastModifiedDate":"2022-01-21"},{"lineNumber":24,"author":{"gitId":"zyjarvis"},"content":"        exceptionFormat \"full\"","lastModifiedDate":"2022-01-21"},{"lineNumber":25,"author":{"gitId":"zyjarvis"},"content":"        showCauses true","lastModifiedDate":"2022-01-21"},{"lineNumber":26,"author":{"gitId":"zyjarvis"},"content":"        showStackTraces true","lastModifiedDate":"2022-01-21"},{"lineNumber":27,"author":{"gitId":"zyjarvis"},"content":"        showStandardStreams \u003d false","lastModifiedDate":"2022-01-21"},{"lineNumber":28,"author":{"gitId":"zyjarvis"},"content":"    }","lastModifiedDate":"2022-01-21"},{"lineNumber":29,"author":{"gitId":"zyjarvis"},"content":"}","lastModifiedDate":"2022-01-21"},{"lineNumber":30,"author":{"gitId":"zyjarvis"},"content":"","lastModifiedDate":"2022-01-21"},{"lineNumber":31,"author":{"gitId":"zyjarvis"},"content":"application {","lastModifiedDate":"2022-01-21"},{"lineNumber":32,"author":{"gitId":"zyjarvis"},"content":"    mainClassName \u003d \"seedu.duke.Duke\"","lastModifiedDate":"2022-01-21"},{"lineNumber":33,"author":{"gitId":"zyjarvis"},"content":"}","lastModifiedDate":"2022-01-21"},{"lineNumber":34,"author":{"gitId":"zyjarvis"},"content":"","lastModifiedDate":"2022-01-21"},{"lineNumber":35,"author":{"gitId":"zyjarvis"},"content":"shadowJar {","lastModifiedDate":"2022-01-21"},{"lineNumber":36,"author":{"gitId":"zyjarvis"},"content":"    archiveBaseName \u003d \"duke\"","lastModifiedDate":"2022-01-21"},{"lineNumber":37,"author":{"gitId":"zyjarvis"},"content":"    archiveClassifier \u003d null","lastModifiedDate":"2022-01-21"},{"lineNumber":38,"author":{"gitId":"zyjarvis"},"content":"}","lastModifiedDate":"2022-01-21"},{"lineNumber":39,"author":{"gitId":"zyjarvis"},"content":"","lastModifiedDate":"2022-01-21"},{"lineNumber":40,"author":{"gitId":"zyjarvis"},"content":"checkstyle {","lastModifiedDate":"2022-01-21"},{"lineNumber":41,"author":{"gitId":"zyjarvis"},"content":"    toolVersion \u003d \u00278.23\u0027","lastModifiedDate":"2022-01-21"},{"lineNumber":42,"author":{"gitId":"zyjarvis"},"content":"}","lastModifiedDate":"2022-01-21"},{"lineNumber":43,"author":{"gitId":"zyjarvis"},"content":"","lastModifiedDate":"2022-01-21"},{"lineNumber":44,"author":{"gitId":"zyjarvis"},"content":"run{","lastModifiedDate":"2022-01-21"},{"lineNumber":45,"author":{"gitId":"zyjarvis"},"content":"    standardInput \u003d System.in","lastModifiedDate":"2022-01-21"},{"lineNumber":46,"author":{"gitId":"zyjarvis"},"content":"    enableAssertions \u003d true","lastModifiedDate":"2022-01-21"},{"lineNumber":47,"author":{"gitId":"zyjarvis"},"content":"}","lastModifiedDate":"2022-01-21"}],"authorContributionMap":{"zyjarvis":47}},{"path":"gradlew.bat","fileType":"bat","lines":[{"lineNumber":1,"author":{"gitId":"zyjarvis"},"content":"@rem","lastModifiedDate":"2022-01-21"},{"lineNumber":2,"author":{"gitId":"zyjarvis"},"content":"@rem Copyright 2015 the original author or authors.","lastModifiedDate":"2022-01-21"},{"lineNumber":3,"author":{"gitId":"zyjarvis"},"content":"@rem","lastModifiedDate":"2022-01-21"},{"lineNumber":4,"author":{"gitId":"zyjarvis"},"content":"@rem Licensed under the Apache License, Version 2.0 (the \"License\");","lastModifiedDate":"2022-01-21"},{"lineNumber":5,"author":{"gitId":"zyjarvis"},"content":"@rem you may not use this file except in compliance with the License.","lastModifiedDate":"2022-01-21"},{"lineNumber":6,"author":{"gitId":"zyjarvis"},"content":"@rem You may obtain a copy of the License at","lastModifiedDate":"2022-01-21"},{"lineNumber":7,"author":{"gitId":"zyjarvis"},"content":"@rem","lastModifiedDate":"2022-01-21"},{"lineNumber":8,"author":{"gitId":"zyjarvis"},"content":"@rem      https://www.apache.org/licenses/LICENSE-2.0","lastModifiedDate":"2022-01-21"},{"lineNumber":9,"author":{"gitId":"zyjarvis"},"content":"@rem","lastModifiedDate":"2022-01-21"},{"lineNumber":10,"author":{"gitId":"zyjarvis"},"content":"@rem Unless required by applicable law or agreed to in writing, software","lastModifiedDate":"2022-01-21"},{"lineNumber":11,"author":{"gitId":"zyjarvis"},"content":"@rem distributed under the License is distributed on an \"AS IS\" BASIS,","lastModifiedDate":"2022-01-21"},{"lineNumber":12,"author":{"gitId":"zyjarvis"},"content":"@rem WITHOUT WARRANTIES OR CONDITIONS OF ANY KIND, either express or implied.","lastModifiedDate":"2022-01-21"},{"lineNumber":13,"author":{"gitId":"zyjarvis"},"content":"@rem See the License for the specific language governing permissions and","lastModifiedDate":"2022-01-21"},{"lineNumber":14,"author":{"gitId":"zyjarvis"},"content":"@rem limitations under the License.","lastModifiedDate":"2022-01-21"},{"lineNumber":15,"author":{"gitId":"zyjarvis"},"content":"@rem","lastModifiedDate":"2022-01-21"},{"lineNumber":16,"author":{"gitId":"zyjarvis"},"content":"","lastModifiedDate":"2022-01-21"},{"lineNumber":17,"author":{"gitId":"zyjarvis"},"content":"@if \"%DEBUG%\" \u003d\u003d \"\" @echo off","lastModifiedDate":"2022-01-21"},{"lineNumber":18,"author":{"gitId":"zyjarvis"},"content":"@rem ##########################################################################","lastModifiedDate":"2022-01-21"},{"lineNumber":19,"author":{"gitId":"zyjarvis"},"content":"@rem","lastModifiedDate":"2022-01-21"},{"lineNumber":20,"author":{"gitId":"zyjarvis"},"content":"@rem  Gradle startup script for Windows","lastModifiedDate":"2022-01-21"},{"lineNumber":21,"author":{"gitId":"zyjarvis"},"content":"@rem","lastModifiedDate":"2022-01-21"},{"lineNumber":22,"author":{"gitId":"zyjarvis"},"content":"@rem ##########################################################################","lastModifiedDate":"2022-01-21"},{"lineNumber":23,"author":{"gitId":"zyjarvis"},"content":"","lastModifiedDate":"2022-01-21"},{"lineNumber":24,"author":{"gitId":"zyjarvis"},"content":"@rem Set local scope for the variables with windows NT shell","lastModifiedDate":"2022-01-21"},{"lineNumber":25,"author":{"gitId":"zyjarvis"},"content":"if \"%OS%\"\u003d\u003d\"Windows_NT\" setlocal","lastModifiedDate":"2022-01-21"},{"lineNumber":26,"author":{"gitId":"zyjarvis"},"content":"","lastModifiedDate":"2022-01-21"},{"lineNumber":27,"author":{"gitId":"zyjarvis"},"content":"set DIRNAME\u003d%~dp0","lastModifiedDate":"2022-01-21"},{"lineNumber":28,"author":{"gitId":"zyjarvis"},"content":"if \"%DIRNAME%\" \u003d\u003d \"\" set DIRNAME\u003d.","lastModifiedDate":"2022-01-21"},{"lineNumber":29,"author":{"gitId":"zyjarvis"},"content":"set APP_BASE_NAME\u003d%~n0","lastModifiedDate":"2022-01-21"},{"lineNumber":30,"author":{"gitId":"zyjarvis"},"content":"set APP_HOME\u003d%DIRNAME%","lastModifiedDate":"2022-01-21"},{"lineNumber":31,"author":{"gitId":"zyjarvis"},"content":"","lastModifiedDate":"2022-01-21"},{"lineNumber":32,"author":{"gitId":"zyjarvis"},"content":"@rem Resolve any \".\" and \"..\" in APP_HOME to make it shorter.","lastModifiedDate":"2022-01-21"},{"lineNumber":33,"author":{"gitId":"zyjarvis"},"content":"for %%i in (\"%APP_HOME%\") do set APP_HOME\u003d%%~fi","lastModifiedDate":"2022-01-21"},{"lineNumber":34,"author":{"gitId":"zyjarvis"},"content":"","lastModifiedDate":"2022-01-21"},{"lineNumber":35,"author":{"gitId":"zyjarvis"},"content":"@rem Add default JVM options here. You can also use JAVA_OPTS and GRADLE_OPTS to pass JVM options to this script.","lastModifiedDate":"2022-01-21"},{"lineNumber":36,"author":{"gitId":"zyjarvis"},"content":"set DEFAULT_JVM_OPTS\u003d\"-Xmx64m\" \"-Xms64m\"","lastModifiedDate":"2022-01-21"},{"lineNumber":37,"author":{"gitId":"zyjarvis"},"content":"","lastModifiedDate":"2022-01-21"},{"lineNumber":38,"author":{"gitId":"zyjarvis"},"content":"@rem Find java.exe","lastModifiedDate":"2022-01-21"},{"lineNumber":39,"author":{"gitId":"zyjarvis"},"content":"if defined JAVA_HOME goto findJavaFromJavaHome","lastModifiedDate":"2022-01-21"},{"lineNumber":40,"author":{"gitId":"zyjarvis"},"content":"","lastModifiedDate":"2022-01-21"},{"lineNumber":41,"author":{"gitId":"zyjarvis"},"content":"set JAVA_EXE\u003djava.exe","lastModifiedDate":"2022-01-21"},{"lineNumber":42,"author":{"gitId":"zyjarvis"},"content":"%JAVA_EXE% -version \u003eNUL 2\u003e\u00261","lastModifiedDate":"2022-01-21"},{"lineNumber":43,"author":{"gitId":"zyjarvis"},"content":"if \"%ERRORLEVEL%\" \u003d\u003d \"0\" goto init","lastModifiedDate":"2022-01-21"},{"lineNumber":44,"author":{"gitId":"zyjarvis"},"content":"","lastModifiedDate":"2022-01-21"},{"lineNumber":45,"author":{"gitId":"zyjarvis"},"content":"echo.","lastModifiedDate":"2022-01-21"},{"lineNumber":46,"author":{"gitId":"zyjarvis"},"content":"echo ERROR: JAVA_HOME is not set and no \u0027java\u0027 command could be found in your PATH.","lastModifiedDate":"2022-01-21"},{"lineNumber":47,"author":{"gitId":"zyjarvis"},"content":"echo.","lastModifiedDate":"2022-01-21"},{"lineNumber":48,"author":{"gitId":"zyjarvis"},"content":"echo Please set the JAVA_HOME variable in your environment to match the","lastModifiedDate":"2022-01-21"},{"lineNumber":49,"author":{"gitId":"zyjarvis"},"content":"echo location of your Java installation.","lastModifiedDate":"2022-01-21"},{"lineNumber":50,"author":{"gitId":"zyjarvis"},"content":"","lastModifiedDate":"2022-01-21"},{"lineNumber":51,"author":{"gitId":"zyjarvis"},"content":"goto fail","lastModifiedDate":"2022-01-21"},{"lineNumber":52,"author":{"gitId":"zyjarvis"},"content":"","lastModifiedDate":"2022-01-21"},{"lineNumber":53,"author":{"gitId":"zyjarvis"},"content":":findJavaFromJavaHome","lastModifiedDate":"2022-01-21"},{"lineNumber":54,"author":{"gitId":"zyjarvis"},"content":"set JAVA_HOME\u003d%JAVA_HOME:\"\u003d%","lastModifiedDate":"2022-01-21"},{"lineNumber":55,"author":{"gitId":"zyjarvis"},"content":"set JAVA_EXE\u003d%JAVA_HOME%/bin/java.exe","lastModifiedDate":"2022-01-21"},{"lineNumber":56,"author":{"gitId":"zyjarvis"},"content":"","lastModifiedDate":"2022-01-21"},{"lineNumber":57,"author":{"gitId":"zyjarvis"},"content":"if exist \"%JAVA_EXE%\" goto init","lastModifiedDate":"2022-01-21"},{"lineNumber":58,"author":{"gitId":"zyjarvis"},"content":"","lastModifiedDate":"2022-01-21"},{"lineNumber":59,"author":{"gitId":"zyjarvis"},"content":"echo.","lastModifiedDate":"2022-01-21"},{"lineNumber":60,"author":{"gitId":"zyjarvis"},"content":"echo ERROR: JAVA_HOME is set to an invalid directory: %JAVA_HOME%","lastModifiedDate":"2022-01-21"},{"lineNumber":61,"author":{"gitId":"zyjarvis"},"content":"echo.","lastModifiedDate":"2022-01-21"},{"lineNumber":62,"author":{"gitId":"zyjarvis"},"content":"echo Please set the JAVA_HOME variable in your environment to match the","lastModifiedDate":"2022-01-21"},{"lineNumber":63,"author":{"gitId":"zyjarvis"},"content":"echo location of your Java installation.","lastModifiedDate":"2022-01-21"},{"lineNumber":64,"author":{"gitId":"zyjarvis"},"content":"","lastModifiedDate":"2022-01-21"},{"lineNumber":65,"author":{"gitId":"zyjarvis"},"content":"goto fail","lastModifiedDate":"2022-01-21"},{"lineNumber":66,"author":{"gitId":"zyjarvis"},"content":"","lastModifiedDate":"2022-01-21"},{"lineNumber":67,"author":{"gitId":"zyjarvis"},"content":":init","lastModifiedDate":"2022-01-21"},{"lineNumber":68,"author":{"gitId":"zyjarvis"},"content":"@rem Get command-line arguments, handling Windows variants","lastModifiedDate":"2022-01-21"},{"lineNumber":69,"author":{"gitId":"zyjarvis"},"content":"","lastModifiedDate":"2022-01-21"},{"lineNumber":70,"author":{"gitId":"zyjarvis"},"content":"if not \"%OS%\" \u003d\u003d \"Windows_NT\" goto win9xME_args","lastModifiedDate":"2022-01-21"},{"lineNumber":71,"author":{"gitId":"zyjarvis"},"content":"","lastModifiedDate":"2022-01-21"},{"lineNumber":72,"author":{"gitId":"zyjarvis"},"content":":win9xME_args","lastModifiedDate":"2022-01-21"},{"lineNumber":73,"author":{"gitId":"zyjarvis"},"content":"@rem Slurp the command line arguments.","lastModifiedDate":"2022-01-21"},{"lineNumber":74,"author":{"gitId":"zyjarvis"},"content":"set CMD_LINE_ARGS\u003d","lastModifiedDate":"2022-01-21"},{"lineNumber":75,"author":{"gitId":"zyjarvis"},"content":"set _SKIP\u003d2","lastModifiedDate":"2022-01-21"},{"lineNumber":76,"author":{"gitId":"zyjarvis"},"content":"","lastModifiedDate":"2022-01-21"},{"lineNumber":77,"author":{"gitId":"zyjarvis"},"content":":win9xME_args_slurp","lastModifiedDate":"2022-01-21"},{"lineNumber":78,"author":{"gitId":"zyjarvis"},"content":"if \"x%~1\" \u003d\u003d \"x\" goto execute","lastModifiedDate":"2022-01-21"},{"lineNumber":79,"author":{"gitId":"zyjarvis"},"content":"","lastModifiedDate":"2022-01-21"},{"lineNumber":80,"author":{"gitId":"zyjarvis"},"content":"set CMD_LINE_ARGS\u003d%*","lastModifiedDate":"2022-01-21"},{"lineNumber":81,"author":{"gitId":"zyjarvis"},"content":"","lastModifiedDate":"2022-01-21"},{"lineNumber":82,"author":{"gitId":"zyjarvis"},"content":":execute","lastModifiedDate":"2022-01-21"},{"lineNumber":83,"author":{"gitId":"zyjarvis"},"content":"@rem Setup the command line","lastModifiedDate":"2022-01-21"},{"lineNumber":84,"author":{"gitId":"zyjarvis"},"content":"","lastModifiedDate":"2022-01-21"},{"lineNumber":85,"author":{"gitId":"zyjarvis"},"content":"set CLASSPATH\u003d%APP_HOME%\\gradle\\wrapper\\gradle-wrapper.jar","lastModifiedDate":"2022-01-21"},{"lineNumber":86,"author":{"gitId":"zyjarvis"},"content":"","lastModifiedDate":"2022-01-21"},{"lineNumber":87,"author":{"gitId":"zyjarvis"},"content":"@rem Execute Gradle","lastModifiedDate":"2022-01-21"},{"lineNumber":88,"author":{"gitId":"zyjarvis"},"content":"\"%JAVA_EXE%\" %DEFAULT_JVM_OPTS% %JAVA_OPTS% %GRADLE_OPTS% \"-Dorg.gradle.appname\u003d%APP_BASE_NAME%\" -classpath \"%CLASSPATH%\" org.gradle.wrapper.GradleWrapperMain %CMD_LINE_ARGS%","lastModifiedDate":"2022-01-21"},{"lineNumber":89,"author":{"gitId":"zyjarvis"},"content":"","lastModifiedDate":"2022-01-21"},{"lineNumber":90,"author":{"gitId":"zyjarvis"},"content":":end","lastModifiedDate":"2022-01-21"},{"lineNumber":91,"author":{"gitId":"zyjarvis"},"content":"@rem End local scope for the variables with windows NT shell","lastModifiedDate":"2022-01-21"},{"lineNumber":92,"author":{"gitId":"zyjarvis"},"content":"if \"%ERRORLEVEL%\"\u003d\u003d\"0\" goto mainEnd","lastModifiedDate":"2022-01-21"},{"lineNumber":93,"author":{"gitId":"zyjarvis"},"content":"","lastModifiedDate":"2022-01-21"},{"lineNumber":94,"author":{"gitId":"zyjarvis"},"content":":fail","lastModifiedDate":"2022-01-21"},{"lineNumber":95,"author":{"gitId":"zyjarvis"},"content":"rem Set variable GRADLE_EXIT_CONSOLE if you need the _script_ return code instead of","lastModifiedDate":"2022-01-21"},{"lineNumber":96,"author":{"gitId":"zyjarvis"},"content":"rem the _cmd.exe /c_ return code!","lastModifiedDate":"2022-01-21"},{"lineNumber":97,"author":{"gitId":"zyjarvis"},"content":"if  not \"\" \u003d\u003d \"%GRADLE_EXIT_CONSOLE%\" exit 1","lastModifiedDate":"2022-01-21"},{"lineNumber":98,"author":{"gitId":"zyjarvis"},"content":"exit /b 1","lastModifiedDate":"2022-01-21"},{"lineNumber":99,"author":{"gitId":"zyjarvis"},"content":"","lastModifiedDate":"2022-01-21"},{"lineNumber":100,"author":{"gitId":"zyjarvis"},"content":":mainEnd","lastModifiedDate":"2022-01-21"},{"lineNumber":101,"author":{"gitId":"zyjarvis"},"content":"if \"%OS%\"\u003d\u003d\"Windows_NT\" endlocal","lastModifiedDate":"2022-01-21"},{"lineNumber":102,"author":{"gitId":"zyjarvis"},"content":"","lastModifiedDate":"2022-01-21"},{"lineNumber":103,"author":{"gitId":"zyjarvis"},"content":":omega","lastModifiedDate":"2022-01-21"}],"authorContributionMap":{"zyjarvis":103}}]
