{"authorDailyContributionsMap":{"zyjarvis":[{"date":"2022-01-21","commitResults":[{"hash":"9e7e0f8a1cae6e116fe399fc29ff9d46f189c116","messageTitle":"A-Gradle","messageBody":"","fileTypesAndContributionMap":{"gradle":{"insertions":47,"deletions":0},"bat":{"insertions":103,"deletions":0}}}]},{"date":"2022-01-22","commitResults":[{"hash":"8365f956cfc48d453ddf8813adbbc00ac4cbfad3","messageTitle":"A-CheckStyle","messageBody":"","fileTypesAndContributionMap":{"gradle":{"insertions":47,"deletions":0},"java":{"insertions":987,"deletions":0}}}]},{"date":"2022-02-03","commitResults":[{"hash":"ba6ba81f3848e6f33c86f13d551188ae7152d3c3","messageTitle":"JavaFX","messageBody":"","fileTypesAndContributionMap":{"gradle":{"insertions":15,"deletions":0}}}]}]},"authorFileTypeContributionMap":{"zyjarvis":{"java":79,"md":0,"fxml":0,"sh":0,"bat":103,"gradle":62,"txt":0}},"authorContributionVariance":{"zyjarvis":41375.086},"authorDisplayNameMap":{"zyjarvis":"TIC4002-F18-2 ZHAN.. YUN"}}
