{"authorDailyContributionsMap":{"zyjarvis":[{"date":"2022-01-21","commitResults":[{"hash":"9e7e0f8a1cae6e116fe399fc29ff9d46f189c116","messageTitle":"A-Gradle","messageBody":"","fileTypesAndContributionMap":{"gradle":{"insertions":47,"deletions":0},"bat":{"insertions":103,"deletions":0}}}]},{"date":"2022-01-22","commitResults":[{"hash":"8365f956cfc48d453ddf8813adbbc00ac4cbfad3","messageTitle":"A-CheckStyle","messageBody":"","fileTypesAndContributionMap":{"gradle":{"insertions":47,"deletions":0},"java":{"insertions":987,"deletions":0}}}]},{"date":"2022-02-03","commitResults":[{"hash":"ba6ba81f3848e6f33c86f13d551188ae7152d3c3","messageTitle":"JavaFX","messageBody":"","fileTypesAndContributionMap":{"gradle":{"insertions":15,"deletions":0}}}]},{"date":"2022-02-10","commitResults":[{"hash":"e8cd21058e7a93e4adfbd0a26f98936d5e046b51","messageTitle":"add GUI","messageBody":"","tags":["Level-10"],"fileTypesAndContributionMap":{"gradle":{"insertions":1,"deletions":1},"java":{"insertions":81,"deletions":1}}}]},{"date":"2022-02-13","commitResults":[{"hash":"5985fc2aed251c655dbc15a6fa01aefd419a6bfc","messageTitle":"GUI update","messageBody":"","fileTypesAndContributionMap":{"fxml":{"insertions":35,"deletions":0},"java":{"insertions":155,"deletions":73}}}]},{"date":"2022-02-14","commitResults":[{"hash":"5942ca9ff1e3c9efa00ac15a8bd5c9583d4f1520","messageTitle":"Update Duke.java","messageBody":"","fileTypesAndContributionMap":{"java":{"insertions":1,"deletions":1}}},{"hash":"bc46be20cd65cffeb9b8279953222cf9dd5ae16f","messageTitle":"Improve code quality","messageBody":"","tags":["A-HigherCodingQuality"],"fileTypesAndContributionMap":{"txt":{"insertions":5,"deletions":5},"java":{"insertions":21,"deletions":11}}},{"hash":"128324592ab65bf482d6d66a664e0f72eb45b5a9","messageTitle":"Update test","messageBody":"","fileTypesAndContributionMap":{"java":{"insertions":12,"deletions":12}}},{"hash":"6325b20942b5bc251ffd5a52eba8510e3a7c1fa2","messageTitle":"Update test checkstyle","messageBody":"","fileTypesAndContributionMap":{"java":{"insertions":4,"deletions":4}}},{"hash":"0a9479d50ef9641e3b51f95b6579842c5d8d35a4","messageTitle":"Storage debug","messageBody":"","fileTypesAndContributionMap":{"java":{"insertions":8,"deletions":3}}},{"hash":"a17928216adde3d19d97a714a45f4a97c820c0b0","messageTitle":"edit command","messageBody":"","tags":["BCD-Extension"],"fileTypesAndContributionMap":{"java":{"insertions":54,"deletions":2}}}]},{"date":"2022-02-19","commitResults":[{"hash":"8ab193f55d8d7a297757e53b1cf0779626f5b2f0","messageTitle":"Modify GUI","messageBody":"","fileTypesAndContributionMap":{"java":{"insertions":103,"deletions":98}}},{"hash":"ba7383c620e38330b8e6f7cc5c098de48048b6dd","messageTitle":"debug GUI","messageBody":"","fileTypesAndContributionMap":{"fxml":{"insertions":1,"deletions":1},"java":{"insertions":20,"deletions":13}}},{"hash":"63085ab52861130915840a13a7eced9afee55236","messageTitle":"improve code quality","messageBody":"","fileTypesAndContributionMap":{"java":{"insertions":0,"deletions":1}}}]}]},"authorFileTypeContributionMap":{"zyjarvis":{"java":437,"md":0,"fxml":35,"sh":0,"bat":103,"gradle":62,"txt":5}},"authorContributionVariance":{"zyjarvis":28152.408},"authorDisplayNameMap":{"zyjarvis":"TIC4002-F18-2 ZHAN.. YUN"}}
