{"authorDailyContributionsMap":{"zyjarvis":[{"date":"2022-01-21","commitResults":[{"hash":"9e7e0f8a1cae6e116fe399fc29ff9d46f189c116","messageTitle":"A-Gradle","messageBody":"","fileTypesAndContributionMap":{"gradle":{"insertions":47,"deletions":0},"bat":{"insertions":103,"deletions":0}}}]}]},"authorFileTypeContributionMap":{"zyjarvis":{"java":0,"md":0,"fxml":0,"sh":0,"bat":103,"gradle":47,"txt":0}},"authorContributionVariance":{"zyjarvis":1718.75},"authorDisplayNameMap":{"zyjarvis":"TIC4002-F18-2 ZHAN.. YUN"}}
