[{"path":"src/main/java/seedu/duke/Deadline.java","fileType":"java","lines":[{"lineNumber":1,"author":{"gitId":"thisisdax"},"content":"package seedu.duke;","lastModifiedDate":"2022-02-23"},{"lineNumber":2,"author":{"gitId":"-"},"content":"","lastModifiedDate":"2021-09-27"},{"lineNumber":3,"author":{"gitId":"-"},"content":"public class Deadline extends Task {","lastModifiedDate":"2021-09-27"},{"lineNumber":4,"author":{"gitId":"-"},"content":"    protected String date;","lastModifiedDate":"2021-09-27"},{"lineNumber":5,"author":{"gitId":"-"},"content":"","lastModifiedDate":"2021-09-27"},{"lineNumber":6,"author":{"gitId":"-"},"content":"    public Deadline(String description, String date) throws DukeException {","lastModifiedDate":"2021-10-03"},{"lineNumber":7,"author":{"gitId":"-"},"content":"        super(description);","lastModifiedDate":"2021-09-27"},{"lineNumber":8,"author":{"gitId":"-"},"content":"        this.date \u003d date;","lastModifiedDate":"2021-09-27"},{"lineNumber":9,"author":{"gitId":"-"},"content":"    }","lastModifiedDate":"2021-09-27"},{"lineNumber":10,"author":{"gitId":"-"},"content":"","lastModifiedDate":"2021-09-27"},{"lineNumber":11,"author":{"gitId":"-"},"content":"    @Override","lastModifiedDate":"2021-09-27"},{"lineNumber":12,"author":{"gitId":"-"},"content":"    public String toString() {","lastModifiedDate":"2021-09-27"},{"lineNumber":13,"author":{"gitId":"-"},"content":"        return \"[D]\" + \"[\" + super.getStatusIcon() + \"] \" + super.description + \" (by: \" + date + \")\";","lastModifiedDate":"2021-09-27"},{"lineNumber":14,"author":{"gitId":"-"},"content":"    }","lastModifiedDate":"2021-09-27"},{"lineNumber":15,"author":{"gitId":"-"},"content":"","lastModifiedDate":"2021-10-04"},{"lineNumber":16,"author":{"gitId":"-"},"content":"    @Override","lastModifiedDate":"2021-10-04"},{"lineNumber":17,"author":{"gitId":"-"},"content":"    public String getType() {","lastModifiedDate":"2021-10-04"},{"lineNumber":18,"author":{"gitId":"-"},"content":"        return \"D\";","lastModifiedDate":"2021-10-04"},{"lineNumber":19,"author":{"gitId":"-"},"content":"    }","lastModifiedDate":"2021-10-04"},{"lineNumber":20,"author":{"gitId":"-"},"content":"","lastModifiedDate":"2021-10-04"},{"lineNumber":21,"author":{"gitId":"-"},"content":"    @Override","lastModifiedDate":"2021-10-04"},{"lineNumber":22,"author":{"gitId":"-"},"content":"    public String toSave() {","lastModifiedDate":"2021-10-04"},{"lineNumber":23,"author":{"gitId":"-"},"content":"        return getType() + \" | \" + (super.isDone ? \"1\" : \"0\") + \" | \" + super.description + \" | \" + date;","lastModifiedDate":"2021-10-04"},{"lineNumber":24,"author":{"gitId":"-"},"content":"    }","lastModifiedDate":"2021-10-04"},{"lineNumber":25,"author":{"gitId":"-"},"content":"}","lastModifiedDate":"2021-09-27"}],"authorContributionMap":{"thisisdax":1,"-":24}},{"path":"src/main/java/seedu/duke/Duke.java","fileType":"java","lines":[{"lineNumber":1,"author":{"gitId":"thisisdax"},"content":"package seedu.duke;","lastModifiedDate":"2022-02-23"},{"lineNumber":2,"author":{"gitId":"-"},"content":"","lastModifiedDate":"2021-08-30"},{"lineNumber":3,"author":{"gitId":"thisisdax"},"content":"import java.util.ArrayList;","lastModifiedDate":"2022-02-23"},{"lineNumber":4,"author":{"gitId":"-"},"content":"","lastModifiedDate":"2021-08-29"},{"lineNumber":5,"author":{"gitId":"-"},"content":"public class Duke {","lastModifiedDate":"2019-07-29"},{"lineNumber":6,"author":{"gitId":"-"},"content":"    private static ArrayList\u003cTask\u003e todoList \u003d TaskList.getInstance().getList();","lastModifiedDate":"2021-09-27"},{"lineNumber":7,"author":{"gitId":"thisisdax"},"content":"","lastModifiedDate":"2022-02-23"},{"lineNumber":8,"author":{"gitId":"-"},"content":"    private static void run() {","lastModifiedDate":"2021-08-30"},{"lineNumber":9,"author":{"gitId":"-"},"content":"        Storage.loadData();","lastModifiedDate":"2021-10-04"},{"lineNumber":10,"author":{"gitId":"-"},"content":"        Parser parser \u003d new Parser();","lastModifiedDate":"2021-09-27"},{"lineNumber":11,"author":{"gitId":"-"},"content":"        while (parser.isPending) {","lastModifiedDate":"2021-09-27"},{"lineNumber":12,"author":{"gitId":"-"},"content":"            try {","lastModifiedDate":"2021-10-03"},{"lineNumber":13,"author":{"gitId":"-"},"content":"                parser.scan();","lastModifiedDate":"2021-09-27"},{"lineNumber":14,"author":{"gitId":"-"},"content":"                if (parser.isTask) {","lastModifiedDate":"2021-09-27"},{"lineNumber":15,"author":{"gitId":"-"},"content":"                    System.out.println(\"\\t____________________________________________________________\");","lastModifiedDate":"2021-10-03"},{"lineNumber":16,"author":{"gitId":"-"},"content":"                    System.out.println(\"\\tGot it. I\u0027ve added this task: \");","lastModifiedDate":"2021-09-27"},{"lineNumber":17,"author":{"gitId":"-"},"content":"                    System.out.println(\"\\t\\t\" + parser.getTask().toString());","lastModifiedDate":"2021-09-27"},{"lineNumber":18,"author":{"gitId":"thisisdax"},"content":"                    System.out.println(\"\\tNow you have \" + todoList.size()","lastModifiedDate":"2022-02-23"},{"lineNumber":19,"author":{"gitId":"thisisdax"},"content":"                        + (todoList.size() \u003e 1 ? \" tasks\" : \" task\") + \" in the list.\");","lastModifiedDate":"2022-02-23"},{"lineNumber":20,"author":{"gitId":"-"},"content":"                    System.out.println(\"\\t____________________________________________________________\");","lastModifiedDate":"2021-10-03"},{"lineNumber":21,"author":{"gitId":"-"},"content":"                }","lastModifiedDate":"2021-10-03"},{"lineNumber":22,"author":{"gitId":"-"},"content":"            } catch (DukeException e) {","lastModifiedDate":"2021-10-03"},{"lineNumber":23,"author":{"gitId":"-"},"content":"                e.printErrorMessage();","lastModifiedDate":"2021-10-03"},{"lineNumber":24,"author":{"gitId":"-"},"content":"            }","lastModifiedDate":"2021-09-27"},{"lineNumber":25,"author":{"gitId":"-"},"content":"        }","lastModifiedDate":"2021-08-30"},{"lineNumber":26,"author":{"gitId":"-"},"content":"    }","lastModifiedDate":"2021-08-30"},{"lineNumber":27,"author":{"gitId":"thisisdax"},"content":"","lastModifiedDate":"2022-02-23"},{"lineNumber":28,"author":{"gitId":"-"},"content":"    public static void main(String[] args) {","lastModifiedDate":"2019-07-29"},{"lineNumber":29,"author":{"gitId":"-"},"content":"        String logo \u003d \" ____        _        \\n\"","lastModifiedDate":"2019-07-29"},{"lineNumber":30,"author":{"gitId":"-"},"content":"                + \"|  _ \\\\ _   _| | _____ \\n\"","lastModifiedDate":"2019-07-29"},{"lineNumber":31,"author":{"gitId":"-"},"content":"                + \"| | | | | | | |/ / _ \\\\\\n\"","lastModifiedDate":"2019-07-29"},{"lineNumber":32,"author":{"gitId":"-"},"content":"                + \"| |_| | |_| |   \u003c  __/\\n\"","lastModifiedDate":"2019-07-29"},{"lineNumber":33,"author":{"gitId":"-"},"content":"                + \"|____/ \\\\__,_|_|\\\\_\\\\___|\\n\";","lastModifiedDate":"2019-07-29"},{"lineNumber":34,"author":{"gitId":"-"},"content":"        System.out.println(\"Hello from\\n\" + logo);","lastModifiedDate":"2019-07-29"},{"lineNumber":35,"author":{"gitId":"-"},"content":"","lastModifiedDate":"2021-08-29"},{"lineNumber":36,"author":{"gitId":"-"},"content":"        System.out.println(\"\\t____________________________________________________________\");","lastModifiedDate":"2021-08-29"},{"lineNumber":37,"author":{"gitId":"-"},"content":"        System.out.println(\"\\tHello! I\u0027m Duke\");","lastModifiedDate":"2021-08-29"},{"lineNumber":38,"author":{"gitId":"-"},"content":"        System.out.println(\"\\tWhat can I do for you?\");","lastModifiedDate":"2021-08-29"},{"lineNumber":39,"author":{"gitId":"-"},"content":"        System.out.println(\"\\t____________________________________________________________\");","lastModifiedDate":"2021-08-29"},{"lineNumber":40,"author":{"gitId":"-"},"content":"        run();","lastModifiedDate":"2021-08-30"},{"lineNumber":41,"author":{"gitId":"-"},"content":"        Storage.saveData();","lastModifiedDate":"2021-10-04"},{"lineNumber":42,"author":{"gitId":"-"},"content":"        System.out.println(\"\\t____________________________________________________________\");","lastModifiedDate":"2021-10-04"},{"lineNumber":43,"author":{"gitId":"-"},"content":"        System.out.println(\"\\tBye. Hope to see you again soon!\");","lastModifiedDate":"2021-08-29"},{"lineNumber":44,"author":{"gitId":"-"},"content":"        System.out.println(\"\\t____________________________________________________________\");","lastModifiedDate":"2021-08-29"},{"lineNumber":45,"author":{"gitId":"-"},"content":"    }","lastModifiedDate":"2019-07-29"},{"lineNumber":46,"author":{"gitId":"-"},"content":"","lastModifiedDate":"2021-08-30"},{"lineNumber":47,"author":{"gitId":"-"},"content":"}","lastModifiedDate":"2019-07-29"}],"authorContributionMap":{"thisisdax":6,"-":41}},{"path":"src/main/java/seedu/duke/DukeException.java","fileType":"java","lines":[{"lineNumber":1,"author":{"gitId":"thisisdax"},"content":"package seedu.duke;","lastModifiedDate":"2022-02-23"},{"lineNumber":2,"author":{"gitId":"-"},"content":"","lastModifiedDate":"2021-10-03"},{"lineNumber":3,"author":{"gitId":"-"},"content":"public class DukeException extends Exception {","lastModifiedDate":"2021-10-03"},{"lineNumber":4,"author":{"gitId":"-"},"content":"    private String message;","lastModifiedDate":"2021-10-03"},{"lineNumber":5,"author":{"gitId":"-"},"content":"    public DukeException(String message) {","lastModifiedDate":"2021-10-03"},{"lineNumber":6,"author":{"gitId":"-"},"content":"        super(message);","lastModifiedDate":"2021-10-03"},{"lineNumber":7,"author":{"gitId":"-"},"content":"        this.message \u003d message;","lastModifiedDate":"2021-10-03"},{"lineNumber":8,"author":{"gitId":"-"},"content":"    }","lastModifiedDate":"2021-10-03"},{"lineNumber":9,"author":{"gitId":"-"},"content":"","lastModifiedDate":"2021-10-03"},{"lineNumber":10,"author":{"gitId":"-"},"content":"    public void printErrorMessage() {","lastModifiedDate":"2021-10-03"},{"lineNumber":11,"author":{"gitId":"-"},"content":"        System.out.println(\"\\t____________________________________________________________\");","lastModifiedDate":"2021-10-03"},{"lineNumber":12,"author":{"gitId":"-"},"content":"        System.out.println(message);","lastModifiedDate":"2021-10-03"},{"lineNumber":13,"author":{"gitId":"-"},"content":"        System.out.println(\"\\t____________________________________________________________\");","lastModifiedDate":"2021-10-03"},{"lineNumber":14,"author":{"gitId":"-"},"content":"    }","lastModifiedDate":"2021-10-03"},{"lineNumber":15,"author":{"gitId":"-"},"content":"}","lastModifiedDate":"2021-10-03"}],"authorContributionMap":{"thisisdax":1,"-":14}},{"path":"src/main/java/seedu/duke/Event.java","fileType":"java","lines":[{"lineNumber":1,"author":{"gitId":"thisisdax"},"content":"package seedu.duke;","lastModifiedDate":"2022-02-23"},{"lineNumber":2,"author":{"gitId":"-"},"content":"","lastModifiedDate":"2021-09-27"},{"lineNumber":3,"author":{"gitId":"-"},"content":"public class Event extends Task {","lastModifiedDate":"2021-09-27"},{"lineNumber":4,"author":{"gitId":"-"},"content":"    protected String date;","lastModifiedDate":"2021-09-27"},{"lineNumber":5,"author":{"gitId":"-"},"content":"    protected String time;","lastModifiedDate":"2021-09-27"},{"lineNumber":6,"author":{"gitId":"-"},"content":"","lastModifiedDate":"2021-09-27"},{"lineNumber":7,"author":{"gitId":"-"},"content":"    public Event(String description, String date, String time) throws DukeException {","lastModifiedDate":"2021-10-03"},{"lineNumber":8,"author":{"gitId":"-"},"content":"        super(description);","lastModifiedDate":"2021-09-27"},{"lineNumber":9,"author":{"gitId":"-"},"content":"        this.date \u003d date;","lastModifiedDate":"2021-09-27"},{"lineNumber":10,"author":{"gitId":"-"},"content":"        this.time \u003d time;","lastModifiedDate":"2021-09-27"},{"lineNumber":11,"author":{"gitId":"-"},"content":"    }","lastModifiedDate":"2021-09-27"},{"lineNumber":12,"author":{"gitId":"-"},"content":"","lastModifiedDate":"2021-09-27"},{"lineNumber":13,"author":{"gitId":"-"},"content":"    @Override","lastModifiedDate":"2021-09-27"},{"lineNumber":14,"author":{"gitId":"-"},"content":"    public String toString() {","lastModifiedDate":"2021-09-27"},{"lineNumber":15,"author":{"gitId":"-"},"content":"        return \"[E]\" + \"[\" + super.getStatusIcon() + \"] \" + super.description + \" (at: \" + date + \" \" + time + \")\";","lastModifiedDate":"2021-09-27"},{"lineNumber":16,"author":{"gitId":"-"},"content":"    }","lastModifiedDate":"2021-09-27"},{"lineNumber":17,"author":{"gitId":"-"},"content":"","lastModifiedDate":"2021-10-04"},{"lineNumber":18,"author":{"gitId":"-"},"content":"    @Override","lastModifiedDate":"2021-10-04"},{"lineNumber":19,"author":{"gitId":"-"},"content":"    public String getType() {","lastModifiedDate":"2021-10-04"},{"lineNumber":20,"author":{"gitId":"-"},"content":"        return \"E\";","lastModifiedDate":"2021-10-04"},{"lineNumber":21,"author":{"gitId":"-"},"content":"    }","lastModifiedDate":"2021-10-04"},{"lineNumber":22,"author":{"gitId":"-"},"content":"","lastModifiedDate":"2021-10-04"},{"lineNumber":23,"author":{"gitId":"-"},"content":"    @Override","lastModifiedDate":"2021-10-04"},{"lineNumber":24,"author":{"gitId":"-"},"content":"    public String toSave() {","lastModifiedDate":"2021-10-04"},{"lineNumber":25,"author":{"gitId":"-"},"content":"        return getType() + \" | \" + (super.isDone ? \"1\" : \"0\") + \" | \" + super.description + \" | \" + date + \" \" + time;","lastModifiedDate":"2021-10-04"},{"lineNumber":26,"author":{"gitId":"-"},"content":"    }","lastModifiedDate":"2021-10-04"},{"lineNumber":27,"author":{"gitId":"-"},"content":"}","lastModifiedDate":"2021-09-27"}],"authorContributionMap":{"thisisdax":1,"-":26}},{"path":"src/main/java/seedu/duke/Parser.java","fileType":"java","lines":[{"lineNumber":1,"author":{"gitId":"thisisdax"},"content":"package seedu.duke;","lastModifiedDate":"2022-02-23"},{"lineNumber":2,"author":{"gitId":"-"},"content":"","lastModifiedDate":"2021-09-27"},{"lineNumber":3,"author":{"gitId":"-"},"content":"import java.util.ArrayList;","lastModifiedDate":"2021-09-27"},{"lineNumber":4,"author":{"gitId":"-"},"content":"import java.util.Arrays;","lastModifiedDate":"2021-09-27"},{"lineNumber":5,"author":{"gitId":"-"},"content":"import java.util.Scanner;","lastModifiedDate":"2021-09-27"},{"lineNumber":6,"author":{"gitId":"-"},"content":"","lastModifiedDate":"2021-09-27"},{"lineNumber":7,"author":{"gitId":"-"},"content":"/**","lastModifiedDate":"2021-10-04"},{"lineNumber":8,"author":{"gitId":"-"},"content":" * Handles input from user entry","lastModifiedDate":"2021-10-04"},{"lineNumber":9,"author":{"gitId":"-"},"content":" */","lastModifiedDate":"2021-10-04"},{"lineNumber":10,"author":{"gitId":"-"},"content":"","lastModifiedDate":"2021-10-04"},{"lineNumber":11,"author":{"gitId":"-"},"content":"public class Parser {","lastModifiedDate":"2021-09-27"},{"lineNumber":12,"author":{"gitId":"thisisdax"},"content":"    private static ArrayList\u003cTask\u003e todoList \u003d TaskList.getInstance().getList();","lastModifiedDate":"2022-02-23"},{"lineNumber":13,"author":{"gitId":"-"},"content":"    protected String input;","lastModifiedDate":"2021-09-27"},{"lineNumber":14,"author":{"gitId":"-"},"content":"    protected String[] text;","lastModifiedDate":"2021-09-27"},{"lineNumber":15,"author":{"gitId":"-"},"content":"    protected String body;","lastModifiedDate":"2021-09-27"},{"lineNumber":16,"author":{"gitId":"-"},"content":"    protected boolean isPending;","lastModifiedDate":"2021-09-27"},{"lineNumber":17,"author":{"gitId":"-"},"content":"    protected boolean isTask;","lastModifiedDate":"2021-09-27"},{"lineNumber":18,"author":{"gitId":"-"},"content":"    protected Task task;","lastModifiedDate":"2021-09-27"},{"lineNumber":19,"author":{"gitId":"-"},"content":"    protected Scanner scan \u003d new Scanner(System.in);","lastModifiedDate":"2021-09-27"},{"lineNumber":20,"author":{"gitId":"-"},"content":"","lastModifiedDate":"2021-09-27"},{"lineNumber":21,"author":{"gitId":"-"},"content":"    public Parser() {","lastModifiedDate":"2021-09-27"},{"lineNumber":22,"author":{"gitId":"-"},"content":"        this.isPending \u003d true;","lastModifiedDate":"2021-09-27"},{"lineNumber":23,"author":{"gitId":"-"},"content":"    }","lastModifiedDate":"2021-09-27"},{"lineNumber":24,"author":{"gitId":"-"},"content":"","lastModifiedDate":"2021-09-27"},{"lineNumber":25,"author":{"gitId":"-"},"content":"    /**","lastModifiedDate":"2021-10-04"},{"lineNumber":26,"author":{"gitId":"-"},"content":"     * @param input String type input from user entry","lastModifiedDate":"2021-10-04"},{"lineNumber":27,"author":{"gitId":"-"},"content":"     * @throws DukeException Duke specific errors","lastModifiedDate":"2021-10-04"},{"lineNumber":28,"author":{"gitId":"-"},"content":"     */","lastModifiedDate":"2021-10-04"},{"lineNumber":29,"author":{"gitId":"-"},"content":"","lastModifiedDate":"2021-10-04"},{"lineNumber":30,"author":{"gitId":"-"},"content":"    public void parse(String input) throws DukeException {","lastModifiedDate":"2021-10-03"},{"lineNumber":31,"author":{"gitId":"-"},"content":"        this.text \u003d input.split(\" \");","lastModifiedDate":"2021-09-27"},{"lineNumber":32,"author":{"gitId":"-"},"content":"        String date \u003d \"\";","lastModifiedDate":"2021-10-04"},{"lineNumber":33,"author":{"gitId":"-"},"content":"        switch (text[0].toLowerCase()) {","lastModifiedDate":"2021-09-27"},{"lineNumber":34,"author":{"gitId":"-"},"content":"        case \"bye\":","lastModifiedDate":"2021-09-27"},{"lineNumber":35,"author":{"gitId":"-"},"content":"            this.setExit();","lastModifiedDate":"2021-09-27"},{"lineNumber":36,"author":{"gitId":"-"},"content":"            this.isTask \u003d false;","lastModifiedDate":"2021-09-27"},{"lineNumber":37,"author":{"gitId":"-"},"content":"            break;","lastModifiedDate":"2021-09-27"},{"lineNumber":38,"author":{"gitId":"-"},"content":"        case \"list\":","lastModifiedDate":"2021-09-27"},{"lineNumber":39,"author":{"gitId":"-"},"content":"            Ui.printList();","lastModifiedDate":"2021-10-04"},{"lineNumber":40,"author":{"gitId":"-"},"content":"            this.isTask \u003d false;","lastModifiedDate":"2021-09-27"},{"lineNumber":41,"author":{"gitId":"-"},"content":"            break;","lastModifiedDate":"2021-09-27"},{"lineNumber":42,"author":{"gitId":"-"},"content":"        case \"todo\":","lastModifiedDate":"2021-09-27"},{"lineNumber":43,"author":{"gitId":"-"},"content":"            this.body \u003d String.join(\" \", Arrays.copyOfRange(text, 1, text.length));","lastModifiedDate":"2021-09-27"},{"lineNumber":44,"author":{"gitId":"-"},"content":"            try {","lastModifiedDate":"2021-10-03"},{"lineNumber":45,"author":{"gitId":"-"},"content":"                this.addTodo(this.body);","lastModifiedDate":"2021-09-27"},{"lineNumber":46,"author":{"gitId":"-"},"content":"                this.isTask \u003d true;","lastModifiedDate":"2021-09-27"},{"lineNumber":47,"author":{"gitId":"-"},"content":"            } catch (DukeException e) {","lastModifiedDate":"2021-10-03"},{"lineNumber":48,"author":{"gitId":"-"},"content":"                e.printErrorMessage();","lastModifiedDate":"2021-10-03"},{"lineNumber":49,"author":{"gitId":"-"},"content":"                this.isTask \u003d false;","lastModifiedDate":"2021-10-03"},{"lineNumber":50,"author":{"gitId":"-"},"content":"            }","lastModifiedDate":"2021-10-03"},{"lineNumber":51,"author":{"gitId":"-"},"content":"            break;","lastModifiedDate":"2021-09-27"},{"lineNumber":52,"author":{"gitId":"-"},"content":"        case \"deadline\":","lastModifiedDate":"2021-09-27"},{"lineNumber":53,"author":{"gitId":"-"},"content":"            this.body \u003d String.join(\" \", Arrays.copyOfRange(text, 1, text.length - 2));","lastModifiedDate":"2021-09-27"},{"lineNumber":54,"author":{"gitId":"-"},"content":"            date \u003d String.join(\" \", Arrays.copyOfRange(text, text.length - 2, text.length));","lastModifiedDate":"2021-10-04"},{"lineNumber":55,"author":{"gitId":"-"},"content":"            try {","lastModifiedDate":"2021-10-03"},{"lineNumber":56,"author":{"gitId":"-"},"content":"                this.addDeadline(this.body, date);","lastModifiedDate":"2021-10-04"},{"lineNumber":57,"author":{"gitId":"-"},"content":"                this.isTask \u003d true;","lastModifiedDate":"2021-09-27"},{"lineNumber":58,"author":{"gitId":"-"},"content":"            } catch (DukeException e) {","lastModifiedDate":"2021-10-03"},{"lineNumber":59,"author":{"gitId":"-"},"content":"                e.printErrorMessage();","lastModifiedDate":"2021-10-03"},{"lineNumber":60,"author":{"gitId":"-"},"content":"                this.isTask \u003d false;","lastModifiedDate":"2021-10-03"},{"lineNumber":61,"author":{"gitId":"-"},"content":"            }","lastModifiedDate":"2021-10-03"},{"lineNumber":62,"author":{"gitId":"-"},"content":"            break;","lastModifiedDate":"2021-09-27"},{"lineNumber":63,"author":{"gitId":"-"},"content":"        case \"event\":","lastModifiedDate":"2021-09-27"},{"lineNumber":64,"author":{"gitId":"-"},"content":"            this.body \u003d String.join(\" \", Arrays.copyOfRange(text, 1, text.length - 3));","lastModifiedDate":"2021-10-04"},{"lineNumber":65,"author":{"gitId":"-"},"content":"            date \u003d String.join(\" \", Arrays.copyOfRange(text, text.length - 3, text.length - 1));","lastModifiedDate":"2021-10-04"},{"lineNumber":66,"author":{"gitId":"-"},"content":"            try {","lastModifiedDate":"2021-10-03"},{"lineNumber":67,"author":{"gitId":"-"},"content":"                this.addEvent(this.body, date, text[text.length - 1]);","lastModifiedDate":"2021-10-04"},{"lineNumber":68,"author":{"gitId":"-"},"content":"                this.isTask \u003d true;","lastModifiedDate":"2021-09-27"},{"lineNumber":69,"author":{"gitId":"-"},"content":"            } catch (DukeException e) {","lastModifiedDate":"2021-10-03"},{"lineNumber":70,"author":{"gitId":"-"},"content":"                e.printErrorMessage();","lastModifiedDate":"2021-10-03"},{"lineNumber":71,"author":{"gitId":"-"},"content":"                this.isTask \u003d false;","lastModifiedDate":"2021-10-03"},{"lineNumber":72,"author":{"gitId":"-"},"content":"            }","lastModifiedDate":"2021-10-03"},{"lineNumber":73,"author":{"gitId":"-"},"content":"            break;","lastModifiedDate":"2021-09-27"},{"lineNumber":74,"author":{"gitId":"-"},"content":"        case \"delete\":","lastModifiedDate":"2021-10-03"},{"lineNumber":75,"author":{"gitId":"-"},"content":"            if (text[1].isEmpty() || text[1].isBlank()) {","lastModifiedDate":"2021-10-03"},{"lineNumber":76,"author":{"gitId":"-"},"content":"                throw new DukeException(\"\\t☹ OOPS!!! Please specify a task to delete!\");","lastModifiedDate":"2021-10-03"},{"lineNumber":77,"author":{"gitId":"-"},"content":"            }","lastModifiedDate":"2021-10-03"},{"lineNumber":78,"author":{"gitId":"-"},"content":"            try {","lastModifiedDate":"2021-10-03"},{"lineNumber":79,"author":{"gitId":"-"},"content":"                int index \u003d Integer.parseInt(text[1]);","lastModifiedDate":"2021-10-03"},{"lineNumber":80,"author":{"gitId":"-"},"content":"                if (index \u003e todoList.size()) {","lastModifiedDate":"2021-10-04"},{"lineNumber":81,"author":{"gitId":"-"},"content":"                    Ui.specifyValidNumber();","lastModifiedDate":"2021-10-04"},{"lineNumber":82,"author":{"gitId":"-"},"content":"                    this.body \u003d \"\";","lastModifiedDate":"2021-10-04"},{"lineNumber":83,"author":{"gitId":"-"},"content":"                    this.isTask \u003d false;","lastModifiedDate":"2021-10-04"},{"lineNumber":84,"author":{"gitId":"-"},"content":"                    break;","lastModifiedDate":"2021-10-04"},{"lineNumber":85,"author":{"gitId":"-"},"content":"                }","lastModifiedDate":"2021-10-04"},{"lineNumber":86,"author":{"gitId":"-"},"content":"                if (index \u003e 0) {","lastModifiedDate":"2021-10-03"},{"lineNumber":87,"author":{"gitId":"-"},"content":"                    Ui.removedTask(todoList.remove(index - 1).toString());","lastModifiedDate":"2021-10-04"},{"lineNumber":88,"author":{"gitId":"-"},"content":"                    this.isTask \u003d false;","lastModifiedDate":"2021-10-03"},{"lineNumber":89,"author":{"gitId":"-"},"content":"                }","lastModifiedDate":"2021-10-03"},{"lineNumber":90,"author":{"gitId":"-"},"content":"            } catch (NumberFormatException e) {","lastModifiedDate":"2021-10-03"},{"lineNumber":91,"author":{"gitId":"-"},"content":"                throw new DukeException(\"\\t☹ OOPS!!! Please specify a valid number instead. E.g. \u0027delete 1\u0027\");","lastModifiedDate":"2021-10-03"},{"lineNumber":92,"author":{"gitId":"-"},"content":"            }","lastModifiedDate":"2021-10-03"},{"lineNumber":93,"author":{"gitId":"-"},"content":"            break;","lastModifiedDate":"2021-10-03"},{"lineNumber":94,"author":{"gitId":"-"},"content":"        case \"find\":","lastModifiedDate":"2021-10-04"},{"lineNumber":95,"author":{"gitId":"-"},"content":"            if (text[1].isEmpty() || text[1].isBlank()) {","lastModifiedDate":"2021-10-04"},{"lineNumber":96,"author":{"gitId":"-"},"content":"                throw new DukeException(\"\\t☹ OOPS!!! Please specify a word to find!\");","lastModifiedDate":"2021-10-04"},{"lineNumber":97,"author":{"gitId":"-"},"content":"            }","lastModifiedDate":"2021-10-04"},{"lineNumber":98,"author":{"gitId":"-"},"content":"            Ui.searchList(text[1]);","lastModifiedDate":"2021-10-04"},{"lineNumber":99,"author":{"gitId":"-"},"content":"            this.body \u003d \"\";","lastModifiedDate":"2021-10-04"},{"lineNumber":100,"author":{"gitId":"-"},"content":"            this.isTask \u003d false;","lastModifiedDate":"2021-10-04"},{"lineNumber":101,"author":{"gitId":"-"},"content":"            break;","lastModifiedDate":"2021-10-04"},{"lineNumber":102,"author":{"gitId":"-"},"content":"        case \"done\":","lastModifiedDate":"2021-10-04"},{"lineNumber":103,"author":{"gitId":"-"},"content":"            if (text[1].isEmpty() || text[1].isBlank()) {","lastModifiedDate":"2021-10-04"},{"lineNumber":104,"author":{"gitId":"-"},"content":"                throw new DukeException(\"\\t☹ OOPS!!! Please specify a task to be marked as done!\");","lastModifiedDate":"2021-10-04"},{"lineNumber":105,"author":{"gitId":"-"},"content":"            }","lastModifiedDate":"2021-10-04"},{"lineNumber":106,"author":{"gitId":"-"},"content":"            try {","lastModifiedDate":"2021-10-04"},{"lineNumber":107,"author":{"gitId":"-"},"content":"                int index \u003d Integer.parseInt(text[1]);","lastModifiedDate":"2021-10-04"},{"lineNumber":108,"author":{"gitId":"-"},"content":"                if (index \u003e todoList.size()) {","lastModifiedDate":"2021-10-04"},{"lineNumber":109,"author":{"gitId":"-"},"content":"                    Ui.specifyValidNumber();","lastModifiedDate":"2021-10-04"},{"lineNumber":110,"author":{"gitId":"-"},"content":"                    this.body \u003d \"\";","lastModifiedDate":"2021-10-04"},{"lineNumber":111,"author":{"gitId":"-"},"content":"                    this.isTask \u003d false;","lastModifiedDate":"2021-10-04"},{"lineNumber":112,"author":{"gitId":"-"},"content":"                    break;","lastModifiedDate":"2021-10-04"},{"lineNumber":113,"author":{"gitId":"-"},"content":"                }","lastModifiedDate":"2021-10-04"},{"lineNumber":114,"author":{"gitId":"-"},"content":"                if (index \u003e 0) {","lastModifiedDate":"2021-10-04"},{"lineNumber":115,"author":{"gitId":"-"},"content":"                    todoList.get(index - 1).markAsDone();","lastModifiedDate":"2021-10-04"},{"lineNumber":116,"author":{"gitId":"-"},"content":"                    Ui.markAsDone(todoList.get(index - 1).toString());","lastModifiedDate":"2021-10-04"},{"lineNumber":117,"author":{"gitId":"-"},"content":"                    this.isTask \u003d false;","lastModifiedDate":"2021-10-04"},{"lineNumber":118,"author":{"gitId":"-"},"content":"                }","lastModifiedDate":"2021-10-04"},{"lineNumber":119,"author":{"gitId":"-"},"content":"            } catch (NumberFormatException e) {","lastModifiedDate":"2021-10-04"},{"lineNumber":120,"author":{"gitId":"-"},"content":"                throw new DukeException(\"\\t☹ OOPS!!! Please specify a valid number instead. E.g. \u0027delete 1\u0027\");","lastModifiedDate":"2021-10-04"},{"lineNumber":121,"author":{"gitId":"-"},"content":"            }","lastModifiedDate":"2021-10-04"},{"lineNumber":122,"author":{"gitId":"-"},"content":"            break;","lastModifiedDate":"2021-10-04"},{"lineNumber":123,"author":{"gitId":"-"},"content":"        default:","lastModifiedDate":"2021-09-27"},{"lineNumber":124,"author":{"gitId":"-"},"content":"            this.body \u003d \"\";","lastModifiedDate":"2021-10-03"},{"lineNumber":125,"author":{"gitId":"-"},"content":"            this.isTask \u003d false;","lastModifiedDate":"2021-10-03"},{"lineNumber":126,"author":{"gitId":"-"},"content":"            throw new DukeException(\"\\t☹ OOPS!!! I\u0027m sorry, but I don\u0027t know what that means :-(\");","lastModifiedDate":"2021-10-03"},{"lineNumber":127,"author":{"gitId":"-"},"content":"        }","lastModifiedDate":"2021-09-27"},{"lineNumber":128,"author":{"gitId":"-"},"content":"    }","lastModifiedDate":"2021-09-27"},{"lineNumber":129,"author":{"gitId":"-"},"content":"","lastModifiedDate":"2021-09-27"},{"lineNumber":130,"author":{"gitId":"-"},"content":"    /**","lastModifiedDate":"2021-10-04"},{"lineNumber":131,"author":{"gitId":"-"},"content":"     * ends the parsing of user entry","lastModifiedDate":"2021-10-04"},{"lineNumber":132,"author":{"gitId":"-"},"content":"     */","lastModifiedDate":"2021-10-04"},{"lineNumber":133,"author":{"gitId":"-"},"content":"","lastModifiedDate":"2021-10-04"},{"lineNumber":134,"author":{"gitId":"-"},"content":"    public void setExit() {","lastModifiedDate":"2021-09-27"},{"lineNumber":135,"author":{"gitId":"-"},"content":"        this.isPending \u003d false;","lastModifiedDate":"2021-09-27"},{"lineNumber":136,"author":{"gitId":"-"},"content":"    }","lastModifiedDate":"2021-09-27"},{"lineNumber":137,"author":{"gitId":"-"},"content":"","lastModifiedDate":"2021-09-27"},{"lineNumber":138,"author":{"gitId":"-"},"content":"    /**","lastModifiedDate":"2021-10-04"},{"lineNumber":139,"author":{"gitId":"-"},"content":"     * @param todo is the description of the entry","lastModifiedDate":"2021-10-04"},{"lineNumber":140,"author":{"gitId":"-"},"content":"     * @throws DukeException Duke specific errors","lastModifiedDate":"2021-10-04"},{"lineNumber":141,"author":{"gitId":"-"},"content":"     */","lastModifiedDate":"2021-10-04"},{"lineNumber":142,"author":{"gitId":"-"},"content":"    public void addTodo(String todo) throws DukeException {","lastModifiedDate":"2021-10-03"},{"lineNumber":143,"author":{"gitId":"-"},"content":"        this.task \u003d new Todo(todo);","lastModifiedDate":"2021-09-27"},{"lineNumber":144,"author":{"gitId":"-"},"content":"        todoList.add(this.task);","lastModifiedDate":"2021-09-27"},{"lineNumber":145,"author":{"gitId":"-"},"content":"    }","lastModifiedDate":"2021-09-27"},{"lineNumber":146,"author":{"gitId":"-"},"content":"","lastModifiedDate":"2021-09-27"},{"lineNumber":147,"author":{"gitId":"-"},"content":"    /**","lastModifiedDate":"2021-10-04"},{"lineNumber":148,"author":{"gitId":"-"},"content":"     * @param deadline is the description of the entry","lastModifiedDate":"2021-10-04"},{"lineNumber":149,"author":{"gitId":"-"},"content":"     * @param date     is the date of the entry","lastModifiedDate":"2021-10-04"},{"lineNumber":150,"author":{"gitId":"-"},"content":"     * @throws DukeException Duke specific errors","lastModifiedDate":"2021-10-04"},{"lineNumber":151,"author":{"gitId":"-"},"content":"     */","lastModifiedDate":"2021-10-04"},{"lineNumber":152,"author":{"gitId":"-"},"content":"    public void addDeadline(String deadline, String date) throws DukeException {","lastModifiedDate":"2021-10-03"},{"lineNumber":153,"author":{"gitId":"-"},"content":"        this.task \u003d new Deadline(deadline, date);","lastModifiedDate":"2021-09-27"},{"lineNumber":154,"author":{"gitId":"-"},"content":"        todoList.add(this.task);","lastModifiedDate":"2021-09-27"},{"lineNumber":155,"author":{"gitId":"-"},"content":"    }","lastModifiedDate":"2021-09-27"},{"lineNumber":156,"author":{"gitId":"-"},"content":"","lastModifiedDate":"2021-09-27"},{"lineNumber":157,"author":{"gitId":"-"},"content":"    /**","lastModifiedDate":"2021-10-04"},{"lineNumber":158,"author":{"gitId":"thisisdax"},"content":"     * @param event is the description of the entry","lastModifiedDate":"2022-02-23"},{"lineNumber":159,"author":{"gitId":"-"},"content":"     * @param date     is the date of the entry","lastModifiedDate":"2021-10-04"},{"lineNumber":160,"author":{"gitId":"-"},"content":"     * @param time     is the time of the entry","lastModifiedDate":"2021-10-04"},{"lineNumber":161,"author":{"gitId":"-"},"content":"     * @throws DukeException Duke specific errors","lastModifiedDate":"2021-10-04"},{"lineNumber":162,"author":{"gitId":"-"},"content":"     */","lastModifiedDate":"2021-10-04"},{"lineNumber":163,"author":{"gitId":"-"},"content":"    public void addEvent(String event, String date, String time) throws DukeException {","lastModifiedDate":"2021-10-03"},{"lineNumber":164,"author":{"gitId":"-"},"content":"        this.task \u003d new Event(event, date, time);","lastModifiedDate":"2021-09-27"},{"lineNumber":165,"author":{"gitId":"-"},"content":"        todoList.add(this.task);","lastModifiedDate":"2021-09-27"},{"lineNumber":166,"author":{"gitId":"-"},"content":"    }","lastModifiedDate":"2021-09-27"},{"lineNumber":167,"author":{"gitId":"-"},"content":"","lastModifiedDate":"2021-09-27"},{"lineNumber":168,"author":{"gitId":"-"},"content":"    public Task getTask() {","lastModifiedDate":"2021-09-27"},{"lineNumber":169,"author":{"gitId":"-"},"content":"        return this.task;","lastModifiedDate":"2021-09-27"},{"lineNumber":170,"author":{"gitId":"-"},"content":"    }","lastModifiedDate":"2021-09-27"},{"lineNumber":171,"author":{"gitId":"-"},"content":"","lastModifiedDate":"2021-09-27"},{"lineNumber":172,"author":{"gitId":"-"},"content":"    public void scan() throws DukeException {","lastModifiedDate":"2021-10-03"},{"lineNumber":173,"author":{"gitId":"-"},"content":"        this.input \u003d this.scan.nextLine();","lastModifiedDate":"2021-09-27"},{"lineNumber":174,"author":{"gitId":"-"},"content":"        this.parse(input);","lastModifiedDate":"2021-09-27"},{"lineNumber":175,"author":{"gitId":"-"},"content":"    }","lastModifiedDate":"2021-09-27"},{"lineNumber":176,"author":{"gitId":"-"},"content":"}","lastModifiedDate":"2021-09-27"}],"authorContributionMap":{"thisisdax":3,"-":173}},{"path":"src/main/java/seedu/duke/Storage.java","fileType":"java","lines":[{"lineNumber":1,"author":{"gitId":"thisisdax"},"content":"package seedu.duke;","lastModifiedDate":"2022-02-23"},{"lineNumber":2,"author":{"gitId":"-"},"content":"","lastModifiedDate":"2021-10-04"},{"lineNumber":3,"author":{"gitId":"-"},"content":"import java.io.File;","lastModifiedDate":"2021-10-04"},{"lineNumber":4,"author":{"gitId":"-"},"content":"import java.io.FileWriter;","lastModifiedDate":"2021-10-04"},{"lineNumber":5,"author":{"gitId":"-"},"content":"import java.io.IOException;","lastModifiedDate":"2021-10-04"},{"lineNumber":6,"author":{"gitId":"-"},"content":"import java.util.ArrayList;","lastModifiedDate":"2021-10-04"},{"lineNumber":7,"author":{"gitId":"thisisdax"},"content":"import java.util.Scanner;","lastModifiedDate":"2022-02-23"},{"lineNumber":8,"author":{"gitId":"-"},"content":"","lastModifiedDate":"2021-10-04"},{"lineNumber":9,"author":{"gitId":"-"},"content":"public class Storage {","lastModifiedDate":"2021-10-04"},{"lineNumber":10,"author":{"gitId":"-"},"content":"    private static String basePath \u003d new File(\"\").getAbsolutePath();","lastModifiedDate":"2021-10-04"},{"lineNumber":11,"author":{"gitId":"-"},"content":"    private static File file \u003d new File(basePath.concat(\"/data/duke.txt\"));","lastModifiedDate":"2021-10-04"},{"lineNumber":12,"author":{"gitId":"-"},"content":"    private static ArrayList\u003cTask\u003e todoList \u003d TaskList.getInstance().getList();","lastModifiedDate":"2021-10-04"},{"lineNumber":13,"author":{"gitId":"-"},"content":"","lastModifiedDate":"2021-10-04"},{"lineNumber":14,"author":{"gitId":"-"},"content":"    public static void loadData() {","lastModifiedDate":"2021-10-04"},{"lineNumber":15,"author":{"gitId":"-"},"content":"        try {","lastModifiedDate":"2021-10-04"},{"lineNumber":16,"author":{"gitId":"-"},"content":"            if (file.getParentFile() !\u003d null) {","lastModifiedDate":"2021-10-04"},{"lineNumber":17,"author":{"gitId":"-"},"content":"                file.getParentFile().mkdirs();","lastModifiedDate":"2021-10-04"},{"lineNumber":18,"author":{"gitId":"-"},"content":"            }","lastModifiedDate":"2021-10-04"},{"lineNumber":19,"author":{"gitId":"-"},"content":"            if (file.createNewFile()) {","lastModifiedDate":"2021-10-04"},{"lineNumber":20,"author":{"gitId":"-"},"content":"                System.out.println(\"Unable to find existing data, will create a new file storage.\");","lastModifiedDate":"2021-10-04"},{"lineNumber":21,"author":{"gitId":"-"},"content":"            } else {","lastModifiedDate":"2021-10-04"},{"lineNumber":22,"author":{"gitId":"-"},"content":"                Scanner scan \u003d new Scanner(file);","lastModifiedDate":"2021-10-04"},{"lineNumber":23,"author":{"gitId":"-"},"content":"                while (scan.hasNextLine()) {","lastModifiedDate":"2021-10-04"},{"lineNumber":24,"author":{"gitId":"-"},"content":"                    transformToLoadData(scan.nextLine());","lastModifiedDate":"2021-10-04"},{"lineNumber":25,"author":{"gitId":"-"},"content":"                }","lastModifiedDate":"2021-10-04"},{"lineNumber":26,"author":{"gitId":"-"},"content":"            }","lastModifiedDate":"2021-10-04"},{"lineNumber":27,"author":{"gitId":"-"},"content":"        } catch (IOException e) {","lastModifiedDate":"2021-10-04"},{"lineNumber":28,"author":{"gitId":"-"},"content":"            System.out.println(e.getMessage());","lastModifiedDate":"2021-10-04"},{"lineNumber":29,"author":{"gitId":"-"},"content":"        }","lastModifiedDate":"2021-10-04"},{"lineNumber":30,"author":{"gitId":"-"},"content":"    }","lastModifiedDate":"2021-10-04"},{"lineNumber":31,"author":{"gitId":"-"},"content":"","lastModifiedDate":"2021-10-04"},{"lineNumber":32,"author":{"gitId":"-"},"content":"    public static void transformToLoadData(String data) {","lastModifiedDate":"2021-10-04"},{"lineNumber":33,"author":{"gitId":"-"},"content":"        Parser parser \u003d new Parser();","lastModifiedDate":"2021-10-04"},{"lineNumber":34,"author":{"gitId":"-"},"content":"        String[] transformData \u003d data.split(\" \\\\| \");","lastModifiedDate":"2021-10-04"},{"lineNumber":35,"author":{"gitId":"-"},"content":"        switch (transformData[0]) {","lastModifiedDate":"2021-10-04"},{"lineNumber":36,"author":{"gitId":"-"},"content":"        case \"T\":","lastModifiedDate":"2021-10-04"},{"lineNumber":37,"author":{"gitId":"-"},"content":"            try {","lastModifiedDate":"2021-10-04"},{"lineNumber":38,"author":{"gitId":"-"},"content":"                parser.addTodo(transformData[2]);","lastModifiedDate":"2021-10-04"},{"lineNumber":39,"author":{"gitId":"-"},"content":"            } catch (DukeException e) {","lastModifiedDate":"2021-10-04"},{"lineNumber":40,"author":{"gitId":"-"},"content":"                e.printErrorMessage();","lastModifiedDate":"2021-10-04"},{"lineNumber":41,"author":{"gitId":"-"},"content":"            }","lastModifiedDate":"2021-10-04"},{"lineNumber":42,"author":{"gitId":"-"},"content":"            if (Integer.parseInt(transformData[1]) \u003e 0) {","lastModifiedDate":"2021-10-04"},{"lineNumber":43,"author":{"gitId":"-"},"content":"                todoList.get(todoList.size() - 1).markAsDone();","lastModifiedDate":"2021-10-04"},{"lineNumber":44,"author":{"gitId":"-"},"content":"            }","lastModifiedDate":"2021-10-04"},{"lineNumber":45,"author":{"gitId":"-"},"content":"            break;","lastModifiedDate":"2021-10-04"},{"lineNumber":46,"author":{"gitId":"-"},"content":"        case \"D\":","lastModifiedDate":"2021-10-04"},{"lineNumber":47,"author":{"gitId":"-"},"content":"            try {","lastModifiedDate":"2021-10-04"},{"lineNumber":48,"author":{"gitId":"-"},"content":"                parser.addDeadline(transformData[2], transformData[3]);","lastModifiedDate":"2021-10-04"},{"lineNumber":49,"author":{"gitId":"-"},"content":"            } catch (DukeException e) {","lastModifiedDate":"2021-10-04"},{"lineNumber":50,"author":{"gitId":"-"},"content":"                e.printErrorMessage();","lastModifiedDate":"2021-10-04"},{"lineNumber":51,"author":{"gitId":"-"},"content":"            }","lastModifiedDate":"2021-10-04"},{"lineNumber":52,"author":{"gitId":"-"},"content":"            if (Integer.parseInt(transformData[1]) \u003e 0) {","lastModifiedDate":"2021-10-04"},{"lineNumber":53,"author":{"gitId":"-"},"content":"                todoList.get(todoList.size() - 1).markAsDone();","lastModifiedDate":"2021-10-04"},{"lineNumber":54,"author":{"gitId":"-"},"content":"            }","lastModifiedDate":"2021-10-04"},{"lineNumber":55,"author":{"gitId":"-"},"content":"            break;","lastModifiedDate":"2021-10-04"},{"lineNumber":56,"author":{"gitId":"-"},"content":"        case \"E\":","lastModifiedDate":"2021-10-04"},{"lineNumber":57,"author":{"gitId":"-"},"content":"            String[] dateAndTime \u003d transformData[3].split(\" \");","lastModifiedDate":"2021-10-04"},{"lineNumber":58,"author":{"gitId":"-"},"content":"            try {","lastModifiedDate":"2021-10-04"},{"lineNumber":59,"author":{"gitId":"-"},"content":"                parser.addEvent(transformData[2], dateAndTime[0] + \" \" + dateAndTime[1], dateAndTime[2]);","lastModifiedDate":"2021-10-04"},{"lineNumber":60,"author":{"gitId":"-"},"content":"            } catch (DukeException e) {","lastModifiedDate":"2021-10-04"},{"lineNumber":61,"author":{"gitId":"-"},"content":"                e.printErrorMessage();","lastModifiedDate":"2021-10-04"},{"lineNumber":62,"author":{"gitId":"-"},"content":"            }","lastModifiedDate":"2021-10-04"},{"lineNumber":63,"author":{"gitId":"-"},"content":"            if (Integer.parseInt(transformData[1]) \u003e 0) {","lastModifiedDate":"2021-10-04"},{"lineNumber":64,"author":{"gitId":"-"},"content":"                todoList.get(todoList.size() - 1).markAsDone();","lastModifiedDate":"2021-10-04"},{"lineNumber":65,"author":{"gitId":"-"},"content":"            }","lastModifiedDate":"2021-10-04"},{"lineNumber":66,"author":{"gitId":"-"},"content":"            break;","lastModifiedDate":"2021-10-04"},{"lineNumber":67,"author":{"gitId":"thisisdax"},"content":"        default:","lastModifiedDate":"2022-02-23"},{"lineNumber":68,"author":{"gitId":"thisisdax"},"content":"            break;","lastModifiedDate":"2022-02-23"},{"lineNumber":69,"author":{"gitId":"-"},"content":"        }","lastModifiedDate":"2021-10-04"},{"lineNumber":70,"author":{"gitId":"-"},"content":"    }","lastModifiedDate":"2021-10-04"},{"lineNumber":71,"author":{"gitId":"-"},"content":"","lastModifiedDate":"2021-10-04"},{"lineNumber":72,"author":{"gitId":"-"},"content":"    public static String transformToSaveData(Task td) {","lastModifiedDate":"2021-10-04"},{"lineNumber":73,"author":{"gitId":"-"},"content":"        return td.toSave() + \"\\n\";","lastModifiedDate":"2021-10-04"},{"lineNumber":74,"author":{"gitId":"-"},"content":"    }","lastModifiedDate":"2021-10-04"},{"lineNumber":75,"author":{"gitId":"-"},"content":"","lastModifiedDate":"2021-10-04"},{"lineNumber":76,"author":{"gitId":"-"},"content":"    public static void saveData() {","lastModifiedDate":"2021-10-04"},{"lineNumber":77,"author":{"gitId":"-"},"content":"        try {","lastModifiedDate":"2021-10-04"},{"lineNumber":78,"author":{"gitId":"-"},"content":"            FileWriter fileWriter \u003d new FileWriter(file);","lastModifiedDate":"2021-10-04"},{"lineNumber":79,"author":{"gitId":"-"},"content":"            todoList.forEach((td) -\u003e {","lastModifiedDate":"2021-10-04"},{"lineNumber":80,"author":{"gitId":"-"},"content":"                try {","lastModifiedDate":"2021-10-04"},{"lineNumber":81,"author":{"gitId":"-"},"content":"                    fileWriter.write(transformToSaveData(td));","lastModifiedDate":"2021-10-04"},{"lineNumber":82,"author":{"gitId":"-"},"content":"                } catch (IOException e) {","lastModifiedDate":"2021-10-04"},{"lineNumber":83,"author":{"gitId":"-"},"content":"                    e.printStackTrace();","lastModifiedDate":"2021-10-04"},{"lineNumber":84,"author":{"gitId":"-"},"content":"                }","lastModifiedDate":"2021-10-04"},{"lineNumber":85,"author":{"gitId":"-"},"content":"            });","lastModifiedDate":"2021-10-04"},{"lineNumber":86,"author":{"gitId":"-"},"content":"            fileWriter.close();","lastModifiedDate":"2021-10-04"},{"lineNumber":87,"author":{"gitId":"-"},"content":"        } catch (IOException e) {","lastModifiedDate":"2021-10-04"},{"lineNumber":88,"author":{"gitId":"-"},"content":"            e.printStackTrace();","lastModifiedDate":"2021-10-04"},{"lineNumber":89,"author":{"gitId":"-"},"content":"        }","lastModifiedDate":"2021-10-04"},{"lineNumber":90,"author":{"gitId":"-"},"content":"    }","lastModifiedDate":"2021-10-04"},{"lineNumber":91,"author":{"gitId":"-"},"content":"}","lastModifiedDate":"2021-10-04"}],"authorContributionMap":{"thisisdax":4,"-":87}},{"path":"src/main/java/seedu/duke/Task.java","fileType":"java","lines":[{"lineNumber":1,"author":{"gitId":"thisisdax"},"content":"package seedu.duke;","lastModifiedDate":"2022-02-23"},{"lineNumber":2,"author":{"gitId":"-"},"content":"","lastModifiedDate":"2021-08-30"},{"lineNumber":3,"author":{"gitId":"-"},"content":"public abstract class Task {","lastModifiedDate":"2021-10-03"},{"lineNumber":4,"author":{"gitId":"-"},"content":"    protected String description;","lastModifiedDate":"2021-09-27"},{"lineNumber":5,"author":{"gitId":"-"},"content":"    protected boolean isDone;","lastModifiedDate":"2021-09-27"},{"lineNumber":6,"author":{"gitId":"-"},"content":"","lastModifiedDate":"2021-08-30"},{"lineNumber":7,"author":{"gitId":"-"},"content":"    public Task(String description) throws DukeException {","lastModifiedDate":"2021-10-03"},{"lineNumber":8,"author":{"gitId":"-"},"content":"        if (description.isEmpty() || description.isBlank()) {","lastModifiedDate":"2021-10-03"},{"lineNumber":9,"author":{"gitId":"-"},"content":"            throw new DukeException(\"\\t☹ OOPS!!! The description of a todo cannot be empty.\");","lastModifiedDate":"2021-10-03"},{"lineNumber":10,"author":{"gitId":"-"},"content":"        } else {","lastModifiedDate":"2021-10-03"},{"lineNumber":11,"author":{"gitId":"-"},"content":"            this.description \u003d description;","lastModifiedDate":"2021-09-27"},{"lineNumber":12,"author":{"gitId":"-"},"content":"            this.isDone \u003d false;","lastModifiedDate":"2021-09-27"},{"lineNumber":13,"author":{"gitId":"-"},"content":"        }","lastModifiedDate":"2021-08-30"},{"lineNumber":14,"author":{"gitId":"-"},"content":"    }","lastModifiedDate":"2021-10-03"},{"lineNumber":15,"author":{"gitId":"-"},"content":"","lastModifiedDate":"2021-08-30"},{"lineNumber":16,"author":{"gitId":"-"},"content":"    public String getStatusIcon() {","lastModifiedDate":"2021-09-27"},{"lineNumber":17,"author":{"gitId":"-"},"content":"        return (isDone ? \"X\" : \" \"); // mark done task with X","lastModifiedDate":"2021-09-27"},{"lineNumber":18,"author":{"gitId":"-"},"content":"    }","lastModifiedDate":"2021-08-30"},{"lineNumber":19,"author":{"gitId":"-"},"content":"","lastModifiedDate":"2021-08-30"},{"lineNumber":20,"author":{"gitId":"-"},"content":"    public void markAsDone() {","lastModifiedDate":"2021-09-27"},{"lineNumber":21,"author":{"gitId":"-"},"content":"        isDone \u003d true;","lastModifiedDate":"2021-09-27"},{"lineNumber":22,"author":{"gitId":"-"},"content":"    }","lastModifiedDate":"2021-08-30"},{"lineNumber":23,"author":{"gitId":"-"},"content":"","lastModifiedDate":"2021-10-03"},{"lineNumber":24,"author":{"gitId":"-"},"content":"    public abstract String toString();","lastModifiedDate":"2021-10-03"},{"lineNumber":25,"author":{"gitId":"-"},"content":"    public abstract String getType();","lastModifiedDate":"2021-10-04"},{"lineNumber":26,"author":{"gitId":"-"},"content":"    public abstract String toSave();","lastModifiedDate":"2021-10-04"},{"lineNumber":27,"author":{"gitId":"-"},"content":"}","lastModifiedDate":"2021-08-30"}],"authorContributionMap":{"thisisdax":1,"-":26}},{"path":"src/main/java/seedu/duke/TaskList.java","fileType":"java","lines":[{"lineNumber":1,"author":{"gitId":"thisisdax"},"content":"package seedu.duke;","lastModifiedDate":"2022-02-23"},{"lineNumber":2,"author":{"gitId":"-"},"content":"","lastModifiedDate":"2021-09-27"},{"lineNumber":3,"author":{"gitId":"-"},"content":"import java.util.ArrayList;","lastModifiedDate":"2021-09-27"},{"lineNumber":4,"author":{"gitId":"-"},"content":"","lastModifiedDate":"2021-09-27"},{"lineNumber":5,"author":{"gitId":"-"},"content":"public class TaskList {","lastModifiedDate":"2021-09-27"},{"lineNumber":6,"author":{"gitId":"-"},"content":"    private static TaskList taskList \u003d null;","lastModifiedDate":"2021-09-27"},{"lineNumber":7,"author":{"gitId":"-"},"content":"    private static ArrayList\u003cTask\u003e todoList \u003d new ArrayList\u003c\u003e();","lastModifiedDate":"2021-09-27"},{"lineNumber":8,"author":{"gitId":"-"},"content":"    private TaskList() {}","lastModifiedDate":"2021-09-27"},{"lineNumber":9,"author":{"gitId":"-"},"content":"","lastModifiedDate":"2021-09-27"},{"lineNumber":10,"author":{"gitId":"-"},"content":"    public static TaskList getInstance() {","lastModifiedDate":"2021-09-27"},{"lineNumber":11,"author":{"gitId":"-"},"content":"        if (taskList \u003d\u003d null) {","lastModifiedDate":"2021-09-27"},{"lineNumber":12,"author":{"gitId":"-"},"content":"            taskList \u003d new TaskList();","lastModifiedDate":"2021-09-27"},{"lineNumber":13,"author":{"gitId":"-"},"content":"        }","lastModifiedDate":"2021-09-27"},{"lineNumber":14,"author":{"gitId":"-"},"content":"        return taskList;","lastModifiedDate":"2021-09-27"},{"lineNumber":15,"author":{"gitId":"-"},"content":"    }","lastModifiedDate":"2021-09-27"},{"lineNumber":16,"author":{"gitId":"-"},"content":"","lastModifiedDate":"2021-09-27"},{"lineNumber":17,"author":{"gitId":"-"},"content":"    public ArrayList\u003cTask\u003e getList() {","lastModifiedDate":"2021-09-27"},{"lineNumber":18,"author":{"gitId":"-"},"content":"        return todoList;","lastModifiedDate":"2021-09-27"},{"lineNumber":19,"author":{"gitId":"-"},"content":"    }","lastModifiedDate":"2021-09-27"},{"lineNumber":20,"author":{"gitId":"-"},"content":"}","lastModifiedDate":"2021-09-27"}],"authorContributionMap":{"thisisdax":1,"-":19}},{"path":"src/main/java/seedu/duke/Todo.java","fileType":"java","lines":[{"lineNumber":1,"author":{"gitId":"thisisdax"},"content":"package seedu.duke;","lastModifiedDate":"2022-02-23"},{"lineNumber":2,"author":{"gitId":"-"},"content":"","lastModifiedDate":"2021-09-27"},{"lineNumber":3,"author":{"gitId":"-"},"content":"public class Todo extends Task {","lastModifiedDate":"2021-09-27"},{"lineNumber":4,"author":{"gitId":"-"},"content":"    public Todo(String description) throws DukeException {","lastModifiedDate":"2021-10-03"},{"lineNumber":5,"author":{"gitId":"-"},"content":"        super(description);","lastModifiedDate":"2021-09-27"},{"lineNumber":6,"author":{"gitId":"-"},"content":"    }","lastModifiedDate":"2021-09-27"},{"lineNumber":7,"author":{"gitId":"-"},"content":"","lastModifiedDate":"2021-09-27"},{"lineNumber":8,"author":{"gitId":"-"},"content":"    @Override","lastModifiedDate":"2021-09-27"},{"lineNumber":9,"author":{"gitId":"-"},"content":"    public String toString() {","lastModifiedDate":"2021-09-27"},{"lineNumber":10,"author":{"gitId":"-"},"content":"        return \"[T]\" + \"[\" + super.getStatusIcon() + \"] \" + super.description;","lastModifiedDate":"2021-09-27"},{"lineNumber":11,"author":{"gitId":"-"},"content":"    }","lastModifiedDate":"2021-09-27"},{"lineNumber":12,"author":{"gitId":"-"},"content":"","lastModifiedDate":"2021-10-04"},{"lineNumber":13,"author":{"gitId":"-"},"content":"    @Override","lastModifiedDate":"2021-10-04"},{"lineNumber":14,"author":{"gitId":"-"},"content":"    public String getType() {","lastModifiedDate":"2021-10-04"},{"lineNumber":15,"author":{"gitId":"-"},"content":"        return \"T\";","lastModifiedDate":"2021-10-04"},{"lineNumber":16,"author":{"gitId":"-"},"content":"    }","lastModifiedDate":"2021-10-04"},{"lineNumber":17,"author":{"gitId":"-"},"content":"","lastModifiedDate":"2021-10-04"},{"lineNumber":18,"author":{"gitId":"-"},"content":"    @Override","lastModifiedDate":"2021-10-04"},{"lineNumber":19,"author":{"gitId":"-"},"content":"    public String toSave() {","lastModifiedDate":"2021-10-04"},{"lineNumber":20,"author":{"gitId":"-"},"content":"        return getType() + \" | \" + (super.isDone ? \"1\" : \"0\") + \" | \" + super.description;","lastModifiedDate":"2021-10-04"},{"lineNumber":21,"author":{"gitId":"-"},"content":"    }","lastModifiedDate":"2021-10-04"},{"lineNumber":22,"author":{"gitId":"-"},"content":"}","lastModifiedDate":"2021-09-27"}],"authorContributionMap":{"thisisdax":1,"-":21}},{"path":"src/main/java/seedu/duke/Ui.java","fileType":"java","lines":[{"lineNumber":1,"author":{"gitId":"thisisdax"},"content":"package seedu.duke;","lastModifiedDate":"2022-02-23"},{"lineNumber":2,"author":{"gitId":"-"},"content":"","lastModifiedDate":"2021-10-04"},{"lineNumber":3,"author":{"gitId":"-"},"content":"import java.util.ArrayList;","lastModifiedDate":"2021-10-04"},{"lineNumber":4,"author":{"gitId":"-"},"content":"","lastModifiedDate":"2021-10-04"},{"lineNumber":5,"author":{"gitId":"-"},"content":"public class Ui {","lastModifiedDate":"2021-10-04"},{"lineNumber":6,"author":{"gitId":"-"},"content":"    private static ArrayList\u003cTask\u003e todoList \u003d TaskList.getInstance().getList();","lastModifiedDate":"2021-10-04"},{"lineNumber":7,"author":{"gitId":"-"},"content":"","lastModifiedDate":"2021-10-04"},{"lineNumber":8,"author":{"gitId":"-"},"content":"    public static void specifyValidNumber() {","lastModifiedDate":"2021-10-04"},{"lineNumber":9,"author":{"gitId":"-"},"content":"        System.out.println(\"\\t____________________________________________________________\");","lastModifiedDate":"2021-10-04"},{"lineNumber":10,"author":{"gitId":"-"},"content":"        System.out.println(\"\\t☹ OOPS!!! Please specify a valid number.\");","lastModifiedDate":"2021-10-04"},{"lineNumber":11,"author":{"gitId":"-"},"content":"        System.out.println(\"\\tNow you have \" + todoList.size() + \" tasks in the list.\");","lastModifiedDate":"2021-10-04"},{"lineNumber":12,"author":{"gitId":"-"},"content":"        System.out.println(\"\\t____________________________________________________________\");","lastModifiedDate":"2021-10-04"},{"lineNumber":13,"author":{"gitId":"-"},"content":"    }","lastModifiedDate":"2021-10-04"},{"lineNumber":14,"author":{"gitId":"-"},"content":"","lastModifiedDate":"2021-10-04"},{"lineNumber":15,"author":{"gitId":"-"},"content":"    public static void removedTask(String info) {","lastModifiedDate":"2021-10-04"},{"lineNumber":16,"author":{"gitId":"-"},"content":"        System.out.println(\"\\t____________________________________________________________\");","lastModifiedDate":"2021-10-04"},{"lineNumber":17,"author":{"gitId":"-"},"content":"        System.out.println(\"\\tNoted. I\u0027ve removed this task:\");","lastModifiedDate":"2021-10-04"},{"lineNumber":18,"author":{"gitId":"-"},"content":"        System.out.println(\"\\t\\t\" + info);","lastModifiedDate":"2021-10-04"},{"lineNumber":19,"author":{"gitId":"-"},"content":"        System.out.println(\"\\tNow you have \" + todoList.size() + \" tasks in the list.\");","lastModifiedDate":"2021-10-04"},{"lineNumber":20,"author":{"gitId":"-"},"content":"        System.out.println(\"\\t____________________________________________________________\");","lastModifiedDate":"2021-10-04"},{"lineNumber":21,"author":{"gitId":"-"},"content":"    }","lastModifiedDate":"2021-10-04"},{"lineNumber":22,"author":{"gitId":"-"},"content":"","lastModifiedDate":"2021-10-04"},{"lineNumber":23,"author":{"gitId":"-"},"content":"    public static void printList() {","lastModifiedDate":"2021-10-04"},{"lineNumber":24,"author":{"gitId":"-"},"content":"        int i \u003d 1;","lastModifiedDate":"2021-10-04"},{"lineNumber":25,"author":{"gitId":"-"},"content":"        System.out.println(\"\\t____________________________________________________________\");","lastModifiedDate":"2021-10-04"},{"lineNumber":26,"author":{"gitId":"-"},"content":"        System.out.println(\"\\tHere are the tasks in your list:\");","lastModifiedDate":"2021-10-04"},{"lineNumber":27,"author":{"gitId":"-"},"content":"        for (Task item : todoList) {","lastModifiedDate":"2021-10-04"},{"lineNumber":28,"author":{"gitId":"-"},"content":"            if (item !\u003d null) {","lastModifiedDate":"2021-10-04"},{"lineNumber":29,"author":{"gitId":"-"},"content":"                System.out.println(\"\\t\" + i + \".\" + item.toString());","lastModifiedDate":"2021-10-04"},{"lineNumber":30,"author":{"gitId":"-"},"content":"                i++;","lastModifiedDate":"2021-10-04"},{"lineNumber":31,"author":{"gitId":"-"},"content":"            }","lastModifiedDate":"2021-10-04"},{"lineNumber":32,"author":{"gitId":"-"},"content":"        }","lastModifiedDate":"2021-10-04"},{"lineNumber":33,"author":{"gitId":"-"},"content":"        System.out.println(\"\\t____________________________________________________________\");","lastModifiedDate":"2021-10-04"},{"lineNumber":34,"author":{"gitId":"-"},"content":"    }","lastModifiedDate":"2021-10-04"},{"lineNumber":35,"author":{"gitId":"-"},"content":"","lastModifiedDate":"2021-10-04"},{"lineNumber":36,"author":{"gitId":"-"},"content":"    public static void searchList(String word) {","lastModifiedDate":"2021-10-04"},{"lineNumber":37,"author":{"gitId":"-"},"content":"        int i \u003d 1;","lastModifiedDate":"2021-10-04"},{"lineNumber":38,"author":{"gitId":"-"},"content":"        System.out.println(\"\\t____________________________________________________________\");","lastModifiedDate":"2021-10-04"},{"lineNumber":39,"author":{"gitId":"-"},"content":"        System.out.println(\"\\tHere are the matching tasks in your list:\");","lastModifiedDate":"2021-10-04"},{"lineNumber":40,"author":{"gitId":"-"},"content":"        for (Task item : todoList) {","lastModifiedDate":"2021-10-04"},{"lineNumber":41,"author":{"gitId":"-"},"content":"            if (item.description.toLowerCase().contains(word.toLowerCase())) {","lastModifiedDate":"2021-10-04"},{"lineNumber":42,"author":{"gitId":"-"},"content":"                System.out.println(\"\\t\" + i + \".\" + item.toString());","lastModifiedDate":"2021-10-04"},{"lineNumber":43,"author":{"gitId":"-"},"content":"            }","lastModifiedDate":"2021-10-04"},{"lineNumber":44,"author":{"gitId":"-"},"content":"            i++;","lastModifiedDate":"2021-10-04"},{"lineNumber":45,"author":{"gitId":"-"},"content":"        }","lastModifiedDate":"2021-10-04"},{"lineNumber":46,"author":{"gitId":"-"},"content":"        System.out.println(\"\\t____________________________________________________________\");","lastModifiedDate":"2021-10-04"},{"lineNumber":47,"author":{"gitId":"-"},"content":"    }","lastModifiedDate":"2021-10-04"},{"lineNumber":48,"author":{"gitId":"-"},"content":"","lastModifiedDate":"2021-10-04"},{"lineNumber":49,"author":{"gitId":"-"},"content":"    public static void markAsDone(String info) {","lastModifiedDate":"2021-10-04"},{"lineNumber":50,"author":{"gitId":"-"},"content":"        System.out.println(\"\\t____________________________________________________________\");","lastModifiedDate":"2021-10-04"},{"lineNumber":51,"author":{"gitId":"-"},"content":"        System.out.println(\"\\tNoted. I\u0027ve marked the following task as done:\");","lastModifiedDate":"2021-10-04"},{"lineNumber":52,"author":{"gitId":"-"},"content":"        System.out.println(\"\\t\\t\" + info);","lastModifiedDate":"2021-10-04"},{"lineNumber":53,"author":{"gitId":"-"},"content":"        System.out.println(\"\\t____________________________________________________________\");","lastModifiedDate":"2021-10-04"},{"lineNumber":54,"author":{"gitId":"-"},"content":"    }","lastModifiedDate":"2021-10-04"},{"lineNumber":55,"author":{"gitId":"-"},"content":"}","lastModifiedDate":"2021-10-04"}],"authorContributionMap":{"thisisdax":1,"-":54}}]
