{"authorDailyContributionsMap":{"thisisdax":[{"date":"2022-02-23","commitResults":[{"hash":"837662d5a4336ec947bcf09afb5a55cd07b271ea","messageTitle":"A-Gradle","messageBody":"","fileTypesAndContributionMap":{"java":{"insertions":10,"deletions":10}}},{"hash":"731c238866ad61bad46965d309e4ee8478833134","messageTitle":"A-StricterCodingStandard","messageBody":"","fileTypesAndContributionMap":{"java":{"insertions":133,"deletions":129},"bat":{"insertions":103,"deletions":103}}},{"hash":"d8b1a577d56d10c8c39e89a5b4eff5123878621e","messageTitle":"level-10","messageBody":"","tags":["v0.3"],"fileTypesAndContributionMap":{"gradle":{"insertions":16,"deletions":1},"fxml":{"insertions":35,"deletions":0},"java":{"insertions":307,"deletions":1}}}]},{"date":"2022-02-24","commitResults":[{"hash":"24339d07ad7e69e15f9954067f973165ab019823","messageTitle":"C-Update","messageBody":"","tags":["BCD-Extension"],"fileTypesAndContributionMap":{"java":{"insertions":66,"deletions":0}}},{"hash":"cee18294abe827630e3601e590f375f416b63292","messageTitle":"code clean up","messageBody":"","fileTypesAndContributionMap":{"java":{"insertions":5,"deletions":142}}},{"hash":"a3df916a09b8d450625e7baa7d8ba3751c7d1890","messageTitle":"fixed checkstyle error","messageBody":"","fileTypesAndContributionMap":{"java":{"insertions":2,"deletions":2}}},{"hash":"cc5f5303104b1f3fcdd05f48c47e7ed15aeaa576","messageTitle":"A-HigherCodingQuality","messageBody":"","fileTypesAndContributionMap":{"java":{"insertions":2,"deletions":2}}}]}]},"authorFileTypeContributionMap":{"thisisdax":{"java":256,"md":0,"fxml":35,"sh":0,"bat":0,"gradle":16,"txt":0}},"authorContributionVariance":{"thisisdax":16154.399},"authorDisplayNameMap":{"thisisdax":"TIC4002-F18-5 TAN .. HUA"}}
