{"authorDailyContributionsMap":{"thisisdax":[{"date":"2022-02-23","commitResults":[{"hash":"837662d5a4336ec947bcf09afb5a55cd07b271ea","messageTitle":"A-Gradle","messageBody":"","fileTypesAndContributionMap":{"java":{"insertions":10,"deletions":10}}},{"hash":"731c238866ad61bad46965d309e4ee8478833134","messageTitle":"A-StricterCodingStandard","messageBody":"","fileTypesAndContributionMap":{"java":{"insertions":133,"deletions":129},"bat":{"insertions":103,"deletions":103}}}]}]},"authorFileTypeContributionMap":{"thisisdax":{"java":20,"md":0,"fxml":0,"sh":0,"bat":0,"gradle":0,"txt":0}},"authorContributionVariance":{"thisisdax":5174.487},"authorDisplayNameMap":{"thisisdax":"TIC4002-F18-5 TAN .. HUA"}}
