{"authorDailyContributionsMap":{"chenghuiyuan":[{"date":"2022-01-23","commitResults":[{"hash":"514c2367b360c1ab77ce8e598aab25aae661e284","messageTitle":"Add Gradle support","messageBody":"","fileTypesAndContributionMap":{"gradle":{"insertions":46,"deletions":0},"bat":{"insertions":103,"deletions":0}}},{"hash":"f7ebf04c5b96a9cef0ef7240533cd69bf891711e","messageTitle":"Set up gradle to run unit tests","messageBody":"","fileTypesAndContributionMap":{"bat":{"insertions":5,"deletions":19}}},{"hash":"987499cdaad59a1429d753dbada46439dc5c7636","messageTitle":"Apply a stricter coding standard","messageBody":"","fileTypesAndContributionMap":{"java":{"insertions":39,"deletions":10}}},{"hash":"de1bd4c74c1bdb3c16418e041ff366c5d68c54b4","messageTitle":"Apply checkstyle","messageBody":"","fileTypesAndContributionMap":{"java":{"insertions":87,"deletions":77}}}]}]},"authorFileTypeContributionMap":{"chenghuiyuan":{"java":110,"md":0,"fxml":0,"sh":0,"bat":89,"gradle":46,"txt":0}},"authorContributionVariance":{"chenghuiyuan":9882.388},"authorDisplayNameMap":{"chenghuiyuan":"TIC4002-F18-3 CHEN..YUAN"}}
