{"authorDailyContributionsMap":{"chenghuiyuan":[{"date":"2022-01-23","commitResults":[{"hash":"514c2367b360c1ab77ce8e598aab25aae661e284","messageTitle":"Add Gradle support","messageBody":"","fileTypesAndContributionMap":{"gradle":{"insertions":46,"deletions":0},"bat":{"insertions":103,"deletions":0}}},{"hash":"f7ebf04c5b96a9cef0ef7240533cd69bf891711e","messageTitle":"Set up gradle to run unit tests","messageBody":"","fileTypesAndContributionMap":{"bat":{"insertions":5,"deletions":19}}},{"hash":"987499cdaad59a1429d753dbada46439dc5c7636","messageTitle":"Apply a stricter coding standard","messageBody":"","fileTypesAndContributionMap":{"java":{"insertions":39,"deletions":10}}},{"hash":"de1bd4c74c1bdb3c16418e041ff366c5d68c54b4","messageTitle":"Apply checkstyle","messageBody":"","fileTypesAndContributionMap":{"java":{"insertions":87,"deletions":77}}}]},{"date":"2022-01-31","commitResults":[{"hash":"175fc4e5ffb384b69dd81457006be22f1f3da6cc","messageTitle":"Follows JavaFX tutorial @SE-EDU/guides","messageBody":"","fileTypesAndContributionMap":{"gradle":{"insertions":21,"deletions":3},"fxml":{"insertions":35,"deletions":0},"java":{"insertions":281,"deletions":2}}}]},{"date":"2022-02-02","commitResults":[{"hash":"1ce213692699f40d65811eaa8901f9f1195cf948","messageTitle":"Add a GUI","messageBody":"","fileTypesAndContributionMap":{"gradle":{"insertions":1,"deletions":1},"java":{"insertions":69,"deletions":191}}}]}]},"authorFileTypeContributionMap":{"chenghuiyuan":{"java":344,"md":0,"fxml":35,"sh":0,"bat":89,"gradle":64,"txt":0}},"authorContributionVariance":{"chenghuiyuan":12240.2705},"authorDisplayNameMap":{"chenghuiyuan":"TIC4002-F18-3 CHEN..YUAN"}}
