{"authorDailyContributionsMap":{"chenghuiyuan":[{"date":"2022-01-23","commitResults":[{"hash":"514c2367b360c1ab77ce8e598aab25aae661e284","messageTitle":"Add Gradle support","messageBody":"","fileTypesAndContributionMap":{"gradle":{"insertions":46,"deletions":0},"bat":{"insertions":103,"deletions":0}}},{"hash":"f7ebf04c5b96a9cef0ef7240533cd69bf891711e","messageTitle":"Set up gradle to run unit tests","messageBody":"","fileTypesAndContributionMap":{"bat":{"insertions":5,"deletions":19}}},{"hash":"987499cdaad59a1429d753dbada46439dc5c7636","messageTitle":"Apply a stricter coding standard","messageBody":"","fileTypesAndContributionMap":{"java":{"insertions":39,"deletions":10}}},{"hash":"de1bd4c74c1bdb3c16418e041ff366c5d68c54b4","messageTitle":"Apply checkstyle","messageBody":"","fileTypesAndContributionMap":{"java":{"insertions":87,"deletions":77}}}]},{"date":"2022-01-31","commitResults":[{"hash":"175fc4e5ffb384b69dd81457006be22f1f3da6cc","messageTitle":"Follows JavaFX tutorial @SE-EDU/guides","messageBody":"","fileTypesAndContributionMap":{"gradle":{"insertions":21,"deletions":3},"fxml":{"insertions":35,"deletions":0},"java":{"insertions":281,"deletions":2}}}]},{"date":"2022-02-02","commitResults":[{"hash":"1ce213692699f40d65811eaa8901f9f1195cf948","messageTitle":"Add a GUI","messageBody":"","fileTypesAndContributionMap":{"gradle":{"insertions":1,"deletions":1},"java":{"insertions":69,"deletions":191}}},{"hash":"aa775221192a0db66d365d275a3f35b15aabf034","messageTitle":"Remove unicode","messageBody":"","fileTypesAndContributionMap":{"java":{"insertions":4,"deletions":4}}},{"hash":"f7eb98139f787b6fa0607d0ec8d7862f340cd17b","messageTitle":"Fix unit test","messageBody":"","fileTypesAndContributionMap":{"gradle":{"insertions":2,"deletions":0},"java":{"insertions":3,"deletions":1}}},{"hash":"456a9623b0b6423a3804754f88de2ad9f3498f4b","messageTitle":"Fix assertion","messageBody":"","fileTypesAndContributionMap":{"java":{"insertions":2,"deletions":4}}},{"hash":"d8cdc72a450a8e2384c068ba45a7847367d2d1ba","messageTitle":"Fix TestToString","messageBody":"","fileTypesAndContributionMap":{"java":{"insertions":3,"deletions":3}}},{"hash":"03595bb100fdb0b53084fd1b1465c9a021d7b57a","messageTitle":"Fix ✗","messageBody":"","fileTypesAndContributionMap":{"java":{"insertions":3,"deletions":3}}},{"hash":"a5433ac4f81ee0c7c986c4c9dd52b7757ab936aa","messageTitle":"Fix git update-index --chmod\u003d+x","messageBody":"","fileTypesAndContributionMap":{"bat":{"insertions":0,"deletions":0},"sh":{"insertions":0,"deletions":0}}},{"hash":"985a4f2f9c4e5ad4940c4809fdab2114941fb9cf","messageTitle":"Fix ../src/main/java/*.java","messageBody":"","fileTypesAndContributionMap":{"sh":{"insertions":1,"deletions":1}}},{"hash":"0f1075f7e2c7f3ca82184ca77b9799b645137a18","messageTitle":"Update runtest.sh","messageBody":"","fileTypesAndContributionMap":{"sh":{"insertions":2,"deletions":2}}},{"hash":"f057ea2dd9e009cccdefbdf46ee87d977c3eeca0","messageTitle":"Update runtest.sh","messageBody":"","fileTypesAndContributionMap":{"sh":{"insertions":1,"deletions":1}}},{"hash":"11a6e508b184fceaf8ab722af0a53bac67c28f10","messageTitle":"Update runtest.sh","messageBody":"","fileTypesAndContributionMap":{"sh":{"insertions":1,"deletions":1}}},{"hash":"91469a5869bd7cf68221edbf33a7b39644b6b42e","messageTitle":"Update runtest.sh","messageBody":"","fileTypesAndContributionMap":{"sh":{"insertions":1,"deletions":1}}}]},{"date":"2022-02-06","commitResults":[{"hash":"fbe8165a81850ed6ca77b6ef66c4ac6c63e60c0a","messageTitle":"Update runtest.sh","messageBody":"","fileTypesAndContributionMap":{"sh":{"insertions":6,"deletions":6}}},{"hash":"d5f43bcc5e9a51b06d5b3fba05889df50e430eb9","messageTitle":"Update runtest.sh","messageBody":"","fileTypesAndContributionMap":{"sh":{"insertions":6,"deletions":6}}},{"hash":"71a26daa387c991d7d0c94d09f44d93d68faa3c9","messageTitle":"Try to fix dos2unix: command not found","messageBody":"","fileTypesAndContributionMap":{"txt":{"insertions":1,"deletions":0},"sh":{"insertions":0,"deletions":3}}},{"hash":"119df50f63231742153e743a823d790574771622","messageTitle":"Rename EXPECTED-UNIX.txt to EXPECTED-UNIX.TXT","messageBody":"","fileTypesAndContributionMap":{"txt":{"insertions":0,"deletions":1}}},{"hash":"7c5bab3fbac61d46a090062fa5a0f073b0fe43fc","messageTitle":"Update mainClassName","messageBody":"","fileTypesAndContributionMap":{"gradle":{"insertions":1,"deletions":1}}},{"hash":"bf30a11cdb397671aac83d0098205eebab8681f7","messageTitle":"Update test","messageBody":"","fileTypesAndContributionMap":{"java":{"insertions":3,"deletions":3}}},{"hash":"62887fbfded84e34a312f87d71387e68a8a2aeb0","messageTitle":"Revert commit","messageBody":"","fileTypesAndContributionMap":{"java":{"insertions":3,"deletions":3}}},{"hash":"9b38ee6030a9e6905c625eb793cbb3ac3c4a98c5","messageTitle":"Add undo command","messageBody":"","fileTypesAndContributionMap":{"txt":{"insertions":2,"deletions":0},"java":{"insertions":135,"deletions":28}}},{"hash":"0786892a861d579e866b3b4e4099838674e0fcca","messageTitle":"Run checkstyle","messageBody":"","fileTypesAndContributionMap":{"java":{"insertions":25,"deletions":13}}}]},{"date":"2022-02-16","commitResults":[{"hash":"49c005bf5c5f61b7eaa9b639a91e418c55fd9ca3","messageTitle":"Increase code quality","messageBody":"","fileTypesAndContributionMap":{"java":{"insertions":35,"deletions":13}}},{"hash":"7f3f8d01cc55a6ce39e6539699023dcdef9e076a","messageTitle":"Change ✗ to empty space","messageBody":"","fileTypesAndContributionMap":{"txt":{"insertions":1,"deletions":1},"java":{"insertions":5,"deletions":5}}},{"hash":"9e7acb92a8d4518fcb81c83b933d0b5171e5c05a","messageTitle":"Create UserGuide.md","messageBody":"","fileTypesAndContributionMap":{"md":{"insertions":108,"deletions":0}}},{"hash":"0743ede59d65725780c527604f7fc49a50e321b0","messageTitle":"Add Ui.png","messageBody":"","fileTypesAndContributionMap":{"java":{"insertions":1,"deletions":0}}},{"hash":"58f422e1acd43b583de869cc2a4a97b4b184e996","messageTitle":"Create DeveloperGuide.md","messageBody":"","fileTypesAndContributionMap":{"md":{"insertions":37,"deletions":0}}},{"hash":"f4861be5d32f4eb70ed8474919a164f9c280f20d","messageTitle":"Update README.md","messageBody":"","fileTypesAndContributionMap":{"md":{"insertions":5,"deletions":115}}},{"hash":"61b8649d2e012fdb2402e9d1692b8fc9da73f877","messageTitle":"Update DeveloperGuide.md","messageBody":"","fileTypesAndContributionMap":{"md":{"insertions":4,"deletions":3}}}]}]},"authorFileTypeContributionMap":{"chenghuiyuan":{"java":493,"md":151,"fxml":35,"sh":2,"bat":89,"gradle":66,"txt":2}},"authorContributionVariance":{"chenghuiyuan":12171.934},"authorDisplayNameMap":{"chenghuiyuan":"TIC4002-F18-3 CHEN..YUAN"}}
