[{"path":"build.gradle","fileType":"gradle","lines":[{"lineNumber":1,"author":{"gitId":"-"},"content":"plugins {","lastModifiedDate":"2020-05-25"},{"lineNumber":2,"author":{"gitId":"-"},"content":"    id \u0027java\u0027","lastModifiedDate":"2020-05-25"},{"lineNumber":3,"author":{"gitId":"-"},"content":"    id \u0027application\u0027","lastModifiedDate":"2020-05-25"},{"lineNumber":4,"author":{"gitId":"-"},"content":"    id \u0027checkstyle\u0027","lastModifiedDate":"2020-05-25"},{"lineNumber":5,"author":{"gitId":"-"},"content":"    id \u0027com.github.johnrengelman.shadow\u0027 version \u00275.1.0\u0027","lastModifiedDate":"2020-05-25"},{"lineNumber":6,"author":{"gitId":"-"},"content":"}","lastModifiedDate":"2020-05-25"},{"lineNumber":7,"author":{"gitId":"-"},"content":"","lastModifiedDate":"2020-05-25"},{"lineNumber":8,"author":{"gitId":"-"},"content":"repositories {","lastModifiedDate":"2020-05-25"},{"lineNumber":9,"author":{"gitId":"-"},"content":"    mavenCentral()","lastModifiedDate":"2020-05-25"},{"lineNumber":10,"author":{"gitId":"-"},"content":"}","lastModifiedDate":"2020-05-25"},{"lineNumber":11,"author":{"gitId":"-"},"content":"","lastModifiedDate":"2020-05-25"},{"lineNumber":12,"author":{"gitId":"-"},"content":"dependencies {","lastModifiedDate":"2020-05-25"},{"lineNumber":13,"author":{"gitId":"-"},"content":"    testImplementation group: \u0027org.junit.jupiter\u0027, name: \u0027junit-jupiter-api\u0027, version: \u00275.5.0\u0027","lastModifiedDate":"2020-05-25"},{"lineNumber":14,"author":{"gitId":"-"},"content":"    testRuntimeOnly group: \u0027org.junit.jupiter\u0027, name: \u0027junit-jupiter-engine\u0027, version: \u00275.5.0\u0027","lastModifiedDate":"2020-05-25"},{"lineNumber":15,"author":{"gitId":"jr-mojito"},"content":"","lastModifiedDate":"2022-02-10"},{"lineNumber":16,"author":{"gitId":"jr-mojito"},"content":"    String javaFxVersion \u003d \u002711\u0027","lastModifiedDate":"2022-02-10"},{"lineNumber":17,"author":{"gitId":"jr-mojito"},"content":"","lastModifiedDate":"2022-02-10"},{"lineNumber":18,"author":{"gitId":"jr-mojito"},"content":"    implementation group: \u0027org.openjfx\u0027, name: \u0027javafx-base\u0027, version: javaFxVersion, classifier: \u0027win\u0027","lastModifiedDate":"2022-02-10"},{"lineNumber":19,"author":{"gitId":"jr-mojito"},"content":"    implementation group: \u0027org.openjfx\u0027, name: \u0027javafx-base\u0027, version: javaFxVersion, classifier: \u0027mac\u0027","lastModifiedDate":"2022-02-10"},{"lineNumber":20,"author":{"gitId":"jr-mojito"},"content":"    implementation group: \u0027org.openjfx\u0027, name: \u0027javafx-base\u0027, version: javaFxVersion, classifier: \u0027linux\u0027","lastModifiedDate":"2022-02-10"},{"lineNumber":21,"author":{"gitId":"jr-mojito"},"content":"    implementation group: \u0027org.openjfx\u0027, name: \u0027javafx-controls\u0027, version: javaFxVersion, classifier: \u0027win\u0027","lastModifiedDate":"2022-02-10"},{"lineNumber":22,"author":{"gitId":"jr-mojito"},"content":"    implementation group: \u0027org.openjfx\u0027, name: \u0027javafx-controls\u0027, version: javaFxVersion, classifier: \u0027mac\u0027","lastModifiedDate":"2022-02-10"},{"lineNumber":23,"author":{"gitId":"jr-mojito"},"content":"    implementation group: \u0027org.openjfx\u0027, name: \u0027javafx-controls\u0027, version: javaFxVersion, classifier: \u0027linux\u0027","lastModifiedDate":"2022-02-10"},{"lineNumber":24,"author":{"gitId":"jr-mojito"},"content":"    implementation group: \u0027org.openjfx\u0027, name: \u0027javafx-fxml\u0027, version: javaFxVersion, classifier: \u0027win\u0027","lastModifiedDate":"2022-02-10"},{"lineNumber":25,"author":{"gitId":"jr-mojito"},"content":"    implementation group: \u0027org.openjfx\u0027, name: \u0027javafx-fxml\u0027, version: javaFxVersion, classifier: \u0027mac\u0027","lastModifiedDate":"2022-02-10"},{"lineNumber":26,"author":{"gitId":"jr-mojito"},"content":"    implementation group: \u0027org.openjfx\u0027, name: \u0027javafx-fxml\u0027, version: javaFxVersion, classifier: \u0027linux\u0027","lastModifiedDate":"2022-02-10"},{"lineNumber":27,"author":{"gitId":"jr-mojito"},"content":"    implementation group: \u0027org.openjfx\u0027, name: \u0027javafx-graphics\u0027, version: javaFxVersion, classifier: \u0027win\u0027","lastModifiedDate":"2022-02-10"},{"lineNumber":28,"author":{"gitId":"jr-mojito"},"content":"    implementation group: \u0027org.openjfx\u0027, name: \u0027javafx-graphics\u0027, version: javaFxVersion, classifier: \u0027mac\u0027","lastModifiedDate":"2022-02-10"},{"lineNumber":29,"author":{"gitId":"jr-mojito"},"content":"    implementation group: \u0027org.openjfx\u0027, name: \u0027javafx-graphics\u0027, version: javaFxVersion, classifier: \u0027linux\u0027","lastModifiedDate":"2022-02-10"},{"lineNumber":30,"author":{"gitId":"-"},"content":"}","lastModifiedDate":"2020-05-25"},{"lineNumber":31,"author":{"gitId":"-"},"content":"","lastModifiedDate":"2020-05-25"},{"lineNumber":32,"author":{"gitId":"-"},"content":"test {","lastModifiedDate":"2020-05-25"},{"lineNumber":33,"author":{"gitId":"-"},"content":"    useJUnitPlatform()","lastModifiedDate":"2020-05-25"},{"lineNumber":34,"author":{"gitId":"-"},"content":"","lastModifiedDate":"2020-05-25"},{"lineNumber":35,"author":{"gitId":"-"},"content":"    testLogging {","lastModifiedDate":"2020-05-25"},{"lineNumber":36,"author":{"gitId":"-"},"content":"        events \"passed\", \"skipped\", \"failed\"","lastModifiedDate":"2020-05-25"},{"lineNumber":37,"author":{"gitId":"-"},"content":"","lastModifiedDate":"2020-05-25"},{"lineNumber":38,"author":{"gitId":"-"},"content":"        showExceptions true","lastModifiedDate":"2020-05-25"},{"lineNumber":39,"author":{"gitId":"-"},"content":"        exceptionFormat \"full\"","lastModifiedDate":"2020-05-25"},{"lineNumber":40,"author":{"gitId":"-"},"content":"        showCauses true","lastModifiedDate":"2020-05-25"},{"lineNumber":41,"author":{"gitId":"-"},"content":"        showStackTraces true","lastModifiedDate":"2020-05-25"},{"lineNumber":42,"author":{"gitId":"-"},"content":"        showStandardStreams \u003d false","lastModifiedDate":"2020-05-25"},{"lineNumber":43,"author":{"gitId":"-"},"content":"    }","lastModifiedDate":"2020-05-25"},{"lineNumber":44,"author":{"gitId":"-"},"content":"}","lastModifiedDate":"2020-05-25"},{"lineNumber":45,"author":{"gitId":"-"},"content":"","lastModifiedDate":"2020-05-25"},{"lineNumber":46,"author":{"gitId":"-"},"content":"application {","lastModifiedDate":"2020-05-25"},{"lineNumber":47,"author":{"gitId":"-"},"content":"    mainClassName \u003d \"seedu.duke.Duke\"","lastModifiedDate":"2020-05-25"},{"lineNumber":48,"author":{"gitId":"-"},"content":"}","lastModifiedDate":"2020-05-25"},{"lineNumber":49,"author":{"gitId":"-"},"content":"","lastModifiedDate":"2020-05-25"},{"lineNumber":50,"author":{"gitId":"-"},"content":"shadowJar {","lastModifiedDate":"2020-05-25"},{"lineNumber":51,"author":{"gitId":"-"},"content":"    archiveBaseName \u003d \"duke\"","lastModifiedDate":"2020-05-25"},{"lineNumber":52,"author":{"gitId":"-"},"content":"    archiveClassifier \u003d null","lastModifiedDate":"2020-05-25"},{"lineNumber":53,"author":{"gitId":"-"},"content":"}","lastModifiedDate":"2020-05-25"},{"lineNumber":54,"author":{"gitId":"-"},"content":"","lastModifiedDate":"2020-05-25"},{"lineNumber":55,"author":{"gitId":"-"},"content":"checkstyle {","lastModifiedDate":"2020-05-25"},{"lineNumber":56,"author":{"gitId":"-"},"content":"    toolVersion \u003d \u00278.29\u0027","lastModifiedDate":"2020-05-25"},{"lineNumber":57,"author":{"gitId":"-"},"content":"}","lastModifiedDate":"2020-05-25"},{"lineNumber":58,"author":{"gitId":"-"},"content":"","lastModifiedDate":"2020-05-25"},{"lineNumber":59,"author":{"gitId":"-"},"content":"run{","lastModifiedDate":"2020-05-25"},{"lineNumber":60,"author":{"gitId":"-"},"content":"    standardInput \u003d System.in","lastModifiedDate":"2020-05-25"},{"lineNumber":61,"author":{"gitId":"-"},"content":"}","lastModifiedDate":"2020-05-25"}],"authorContributionMap":{"jr-mojito":15,"-":46}},{"path":"src/main/java/Duke.java","fileType":"java","lines":[{"lineNumber":1,"author":{"gitId":"-"},"content":"import Duke.Command.Deadline;","lastModifiedDate":"2021-10-04"},{"lineNumber":2,"author":{"gitId":"-"},"content":"import Duke.Command.Event;","lastModifiedDate":"2021-10-04"},{"lineNumber":3,"author":{"gitId":"-"},"content":"import Duke.Command.Todo;","lastModifiedDate":"2021-10-04"},{"lineNumber":4,"author":{"gitId":"-"},"content":"import Duke.Task.Task;","lastModifiedDate":"2021-10-04"},{"lineNumber":5,"author":{"gitId":"-"},"content":"import Duke.Task.Tasks;","lastModifiedDate":"2021-10-04"},{"lineNumber":6,"author":{"gitId":"-"},"content":"import Duke.Ui.Ui;","lastModifiedDate":"2021-10-09"},{"lineNumber":7,"author":{"gitId":"-"},"content":"","lastModifiedDate":"2021-09-22"},{"lineNumber":8,"author":{"gitId":"-"},"content":"import java.io.File;","lastModifiedDate":"2021-10-08"},{"lineNumber":9,"author":{"gitId":"-"},"content":"import java.io.FileNotFoundException;","lastModifiedDate":"2021-10-08"},{"lineNumber":10,"author":{"gitId":"-"},"content":"import java.io.FileWriter;","lastModifiedDate":"2021-10-08"},{"lineNumber":11,"author":{"gitId":"-"},"content":"import java.io.IOException;","lastModifiedDate":"2021-10-08"},{"lineNumber":12,"author":{"gitId":"-"},"content":"import java.util.ArrayList;","lastModifiedDate":"2021-08-26"},{"lineNumber":13,"author":{"gitId":"-"},"content":"import java.util.Iterator;","lastModifiedDate":"2021-10-08"},{"lineNumber":14,"author":{"gitId":"-"},"content":"import java.util.Scanner;","lastModifiedDate":"2021-08-20"},{"lineNumber":15,"author":{"gitId":"-"},"content":"import Duke.Parser;","lastModifiedDate":"2021-10-09"},{"lineNumber":16,"author":{"gitId":"-"},"content":"","lastModifiedDate":"2021-08-20"},{"lineNumber":17,"author":{"gitId":"jr-mojito"},"content":"import javafx.application.Application;","lastModifiedDate":"2022-02-10"},{"lineNumber":18,"author":{"gitId":"jr-mojito"},"content":"import javafx.scene.Scene;","lastModifiedDate":"2022-02-10"},{"lineNumber":19,"author":{"gitId":"jr-mojito"},"content":"import javafx.scene.control.Label;","lastModifiedDate":"2022-02-10"},{"lineNumber":20,"author":{"gitId":"jr-mojito"},"content":"import javafx.stage.Stage;","lastModifiedDate":"2022-02-10"},{"lineNumber":21,"author":{"gitId":"jr-mojito"},"content":"import javafx.scene.layout.Region;","lastModifiedDate":"2022-02-17"},{"lineNumber":22,"author":{"gitId":"jr-mojito"},"content":"","lastModifiedDate":"2022-02-17"},{"lineNumber":23,"author":{"gitId":"jr-mojito"},"content":"import javafx.scene.control.Button;","lastModifiedDate":"2022-02-17"},{"lineNumber":24,"author":{"gitId":"jr-mojito"},"content":"import javafx.scene.control.ScrollPane;","lastModifiedDate":"2022-02-17"},{"lineNumber":25,"author":{"gitId":"jr-mojito"},"content":"import javafx.scene.control.TextField;","lastModifiedDate":"2022-02-17"},{"lineNumber":26,"author":{"gitId":"jr-mojito"},"content":"import javafx.scene.layout.AnchorPane;","lastModifiedDate":"2022-02-17"},{"lineNumber":27,"author":{"gitId":"jr-mojito"},"content":"import javafx.scene.layout.VBox;","lastModifiedDate":"2022-02-17"},{"lineNumber":28,"author":{"gitId":"jr-mojito"},"content":"","lastModifiedDate":"2022-02-17"},{"lineNumber":29,"author":{"gitId":"jr-mojito"},"content":"import javafx.geometry.Pos;","lastModifiedDate":"2022-02-17"},{"lineNumber":30,"author":{"gitId":"jr-mojito"},"content":"import javafx.scene.image.ImageView;","lastModifiedDate":"2022-02-17"},{"lineNumber":31,"author":{"gitId":"jr-mojito"},"content":"import javafx.scene.layout.HBox;","lastModifiedDate":"2022-02-17"},{"lineNumber":32,"author":{"gitId":"jr-mojito"},"content":"","lastModifiedDate":"2022-02-17"},{"lineNumber":33,"author":{"gitId":"jr-mojito"},"content":"import javafx.scene.image.Image;","lastModifiedDate":"2022-02-17"},{"lineNumber":34,"author":{"gitId":"jr-mojito"},"content":"","lastModifiedDate":"2022-02-17"},{"lineNumber":35,"author":{"gitId":"jr-mojito"},"content":"import javafx.collections.FXCollections;","lastModifiedDate":"2022-02-17"},{"lineNumber":36,"author":{"gitId":"jr-mojito"},"content":"import javafx.collections.ObservableList;","lastModifiedDate":"2022-02-17"},{"lineNumber":37,"author":{"gitId":"jr-mojito"},"content":"import javafx.scene.Node;","lastModifiedDate":"2022-02-17"},{"lineNumber":38,"author":{"gitId":"jr-mojito"},"content":"","lastModifiedDate":"2022-02-17"},{"lineNumber":39,"author":{"gitId":"jr-mojito"},"content":"","lastModifiedDate":"2022-02-17"},{"lineNumber":40,"author":{"gitId":"-"},"content":"","lastModifiedDate":"2022-02-17"},{"lineNumber":41,"author":{"gitId":"-"},"content":"/**","lastModifiedDate":"2021-10-08"},{"lineNumber":42,"author":{"gitId":"-"},"content":" * The Duke program implements an application that","lastModifiedDate":"2021-10-08"},{"lineNumber":43,"author":{"gitId":"-"},"content":" * a personal Assistant Chatbot that helps to keep track various of daily items.","lastModifiedDate":"2021-10-08"},{"lineNumber":44,"author":{"gitId":"-"},"content":" *","lastModifiedDate":"2021-10-08"},{"lineNumber":45,"author":{"gitId":"-"},"content":" * @author  jr-mojito","lastModifiedDate":"2021-10-08"},{"lineNumber":46,"author":{"gitId":"-"},"content":" * @version 1.0","lastModifiedDate":"2021-10-08"},{"lineNumber":47,"author":{"gitId":"-"},"content":" * @since   2021-08-16","lastModifiedDate":"2021-10-08"},{"lineNumber":48,"author":{"gitId":"-"},"content":" */","lastModifiedDate":"2021-10-08"},{"lineNumber":49,"author":{"gitId":"jr-mojito"},"content":"public class Duke extends Application {","lastModifiedDate":"2022-02-10"},{"lineNumber":50,"author":{"gitId":"-"},"content":"","lastModifiedDate":"2021-10-09"},{"lineNumber":51,"author":{"gitId":"-"},"content":"    private static Ui ui;","lastModifiedDate":"2021-10-09"},{"lineNumber":52,"author":{"gitId":"-"},"content":"","lastModifiedDate":"2021-10-09"},{"lineNumber":53,"author":{"gitId":"jr-mojito"},"content":"    private ScrollPane scrollPane;","lastModifiedDate":"2022-02-17"},{"lineNumber":54,"author":{"gitId":"jr-mojito"},"content":"    private VBox dialogContainer;","lastModifiedDate":"2022-02-17"},{"lineNumber":55,"author":{"gitId":"jr-mojito"},"content":"    private TextField userInput;","lastModifiedDate":"2022-02-17"},{"lineNumber":56,"author":{"gitId":"jr-mojito"},"content":"    private Button sendButton;","lastModifiedDate":"2022-02-17"},{"lineNumber":57,"author":{"gitId":"jr-mojito"},"content":"    private Scene scene;","lastModifiedDate":"2022-02-17"},{"lineNumber":58,"author":{"gitId":"jr-mojito"},"content":"","lastModifiedDate":"2022-02-17"},{"lineNumber":59,"author":{"gitId":"jr-mojito"},"content":"    private Image user \u003d new Image(this.getClass().getResourceAsStream(\"/images/DaUser.png\"));","lastModifiedDate":"2022-02-17"},{"lineNumber":60,"author":{"gitId":"jr-mojito"},"content":"    private Image duke \u003d new Image(this.getClass().getResourceAsStream(\"/images/DaDuke.png\"));","lastModifiedDate":"2022-02-17"},{"lineNumber":61,"author":{"gitId":"jr-mojito"},"content":"","lastModifiedDate":"2022-02-17"},{"lineNumber":62,"author":{"gitId":"-"},"content":"    public void run(){","lastModifiedDate":"2021-10-09"},{"lineNumber":63,"author":{"gitId":"-"},"content":"        ui.showWelcome();","lastModifiedDate":"2021-10-09"},{"lineNumber":64,"author":{"gitId":"-"},"content":"    }","lastModifiedDate":"2021-10-09"},{"lineNumber":65,"author":{"gitId":"-"},"content":"","lastModifiedDate":"2021-10-09"},{"lineNumber":66,"author":{"gitId":"jr-mojito"},"content":"","lastModifiedDate":"2022-02-17"},{"lineNumber":67,"author":{"gitId":"jr-mojito"},"content":"    public static class DialogBox extends HBox {","lastModifiedDate":"2022-02-17"},{"lineNumber":68,"author":{"gitId":"jr-mojito"},"content":"","lastModifiedDate":"2022-02-17"},{"lineNumber":69,"author":{"gitId":"jr-mojito"},"content":"        private Label text;","lastModifiedDate":"2022-02-17"},{"lineNumber":70,"author":{"gitId":"jr-mojito"},"content":"        private ImageView displayPicture;","lastModifiedDate":"2022-02-17"},{"lineNumber":71,"author":{"gitId":"jr-mojito"},"content":"","lastModifiedDate":"2022-02-17"},{"lineNumber":72,"author":{"gitId":"jr-mojito"},"content":"        public DialogBox(Label l, ImageView iv) {","lastModifiedDate":"2022-02-17"},{"lineNumber":73,"author":{"gitId":"jr-mojito"},"content":"            text \u003d l;","lastModifiedDate":"2022-02-17"},{"lineNumber":74,"author":{"gitId":"jr-mojito"},"content":"            displayPicture \u003d iv;","lastModifiedDate":"2022-02-17"},{"lineNumber":75,"author":{"gitId":"jr-mojito"},"content":"","lastModifiedDate":"2022-02-17"},{"lineNumber":76,"author":{"gitId":"jr-mojito"},"content":"            text.setWrapText(true);","lastModifiedDate":"2022-02-17"},{"lineNumber":77,"author":{"gitId":"jr-mojito"},"content":"            displayPicture.setFitWidth(100.0);","lastModifiedDate":"2022-02-17"},{"lineNumber":78,"author":{"gitId":"jr-mojito"},"content":"            displayPicture.setFitHeight(100.0);","lastModifiedDate":"2022-02-17"},{"lineNumber":79,"author":{"gitId":"jr-mojito"},"content":"","lastModifiedDate":"2022-02-17"},{"lineNumber":80,"author":{"gitId":"jr-mojito"},"content":"            this.setAlignment(Pos.TOP_RIGHT);","lastModifiedDate":"2022-02-17"},{"lineNumber":81,"author":{"gitId":"jr-mojito"},"content":"            this.getChildren().addAll(text, displayPicture);","lastModifiedDate":"2022-02-17"},{"lineNumber":82,"author":{"gitId":"jr-mojito"},"content":"        }","lastModifiedDate":"2022-02-17"},{"lineNumber":83,"author":{"gitId":"jr-mojito"},"content":"        /**","lastModifiedDate":"2022-02-17"},{"lineNumber":84,"author":{"gitId":"jr-mojito"},"content":"         * Flips the dialog box such that the ImageView is on the left and text on the right.","lastModifiedDate":"2022-02-17"},{"lineNumber":85,"author":{"gitId":"jr-mojito"},"content":"         */","lastModifiedDate":"2022-02-17"},{"lineNumber":86,"author":{"gitId":"jr-mojito"},"content":"        private void flip() {","lastModifiedDate":"2022-02-17"},{"lineNumber":87,"author":{"gitId":"jr-mojito"},"content":"            this.setAlignment(Pos.TOP_LEFT);","lastModifiedDate":"2022-02-17"},{"lineNumber":88,"author":{"gitId":"jr-mojito"},"content":"            ObservableList\u003cNode\u003e tmp \u003d FXCollections.observableArrayList(this.getChildren());","lastModifiedDate":"2022-02-17"},{"lineNumber":89,"author":{"gitId":"jr-mojito"},"content":"            FXCollections.reverse(tmp);","lastModifiedDate":"2022-02-17"},{"lineNumber":90,"author":{"gitId":"jr-mojito"},"content":"            this.getChildren().setAll(tmp);","lastModifiedDate":"2022-02-17"},{"lineNumber":91,"author":{"gitId":"jr-mojito"},"content":"        }","lastModifiedDate":"2022-02-17"},{"lineNumber":92,"author":{"gitId":"jr-mojito"},"content":"","lastModifiedDate":"2022-02-17"},{"lineNumber":93,"author":{"gitId":"jr-mojito"},"content":"        public static DialogBox getUserDialog(Label l, ImageView iv) {","lastModifiedDate":"2022-02-17"},{"lineNumber":94,"author":{"gitId":"jr-mojito"},"content":"            return new DialogBox(l, iv);","lastModifiedDate":"2022-02-17"},{"lineNumber":95,"author":{"gitId":"jr-mojito"},"content":"        }","lastModifiedDate":"2022-02-17"},{"lineNumber":96,"author":{"gitId":"jr-mojito"},"content":"","lastModifiedDate":"2022-02-17"},{"lineNumber":97,"author":{"gitId":"jr-mojito"},"content":"        public static DialogBox getDukeDialog(Label l, ImageView iv) {","lastModifiedDate":"2022-02-17"},{"lineNumber":98,"author":{"gitId":"jr-mojito"},"content":"            var db \u003d new DialogBox(l, iv);","lastModifiedDate":"2022-02-17"},{"lineNumber":99,"author":{"gitId":"jr-mojito"},"content":"            db.flip();","lastModifiedDate":"2022-02-17"},{"lineNumber":100,"author":{"gitId":"jr-mojito"},"content":"            return db;","lastModifiedDate":"2022-02-17"},{"lineNumber":101,"author":{"gitId":"jr-mojito"},"content":"        }","lastModifiedDate":"2022-02-17"},{"lineNumber":102,"author":{"gitId":"jr-mojito"},"content":"    }","lastModifiedDate":"2022-02-17"},{"lineNumber":103,"author":{"gitId":"jr-mojito"},"content":"","lastModifiedDate":"2022-02-17"},{"lineNumber":104,"author":{"gitId":"jr-mojito"},"content":"","lastModifiedDate":"2022-02-17"},{"lineNumber":105,"author":{"gitId":"jr-mojito"},"content":"    @Override","lastModifiedDate":"2022-02-10"},{"lineNumber":106,"author":{"gitId":"jr-mojito"},"content":"    public void start(Stage stage) {","lastModifiedDate":"2022-02-10"},{"lineNumber":107,"author":{"gitId":"jr-mojito"},"content":"","lastModifiedDate":"2022-02-10"},{"lineNumber":108,"author":{"gitId":"jr-mojito"},"content":"//        Label helloWorld \u003d new Label(\"Hello World!\"); // Creating a new Label control","lastModifiedDate":"2022-02-17"},{"lineNumber":109,"author":{"gitId":"jr-mojito"},"content":"//        Scene scene \u003d new Scene(helloWorld); // Setting the scene to be our Label","lastModifiedDate":"2022-02-17"},{"lineNumber":110,"author":{"gitId":"jr-mojito"},"content":"//","lastModifiedDate":"2022-02-17"},{"lineNumber":111,"author":{"gitId":"jr-mojito"},"content":"//        stage.setScene(scene); // Setting the stage to show our screen","lastModifiedDate":"2022-02-17"},{"lineNumber":112,"author":{"gitId":"jr-mojito"},"content":"//        stage.show(); // Render the stage.","lastModifiedDate":"2022-02-17"},{"lineNumber":113,"author":{"gitId":"jr-mojito"},"content":"","lastModifiedDate":"2022-02-17"},{"lineNumber":114,"author":{"gitId":"jr-mojito"},"content":"        //Step 1. Setting up required components","lastModifiedDate":"2022-02-17"},{"lineNumber":115,"author":{"gitId":"jr-mojito"},"content":"","lastModifiedDate":"2022-02-17"},{"lineNumber":116,"author":{"gitId":"jr-mojito"},"content":"        //The container for the content of the chat to scroll.","lastModifiedDate":"2022-02-17"},{"lineNumber":117,"author":{"gitId":"jr-mojito"},"content":"        scrollPane \u003d new ScrollPane();","lastModifiedDate":"2022-02-17"},{"lineNumber":118,"author":{"gitId":"jr-mojito"},"content":"        dialogContainer \u003d new VBox();","lastModifiedDate":"2022-02-17"},{"lineNumber":119,"author":{"gitId":"jr-mojito"},"content":"        scrollPane.setContent(dialogContainer);","lastModifiedDate":"2022-02-17"},{"lineNumber":120,"author":{"gitId":"jr-mojito"},"content":"","lastModifiedDate":"2022-02-17"},{"lineNumber":121,"author":{"gitId":"jr-mojito"},"content":"        userInput \u003d new TextField();","lastModifiedDate":"2022-02-17"},{"lineNumber":122,"author":{"gitId":"jr-mojito"},"content":"        sendButton \u003d new Button(\"Send\");","lastModifiedDate":"2022-02-17"},{"lineNumber":123,"author":{"gitId":"jr-mojito"},"content":"","lastModifiedDate":"2022-02-17"},{"lineNumber":124,"author":{"gitId":"jr-mojito"},"content":"        AnchorPane mainLayout \u003d new AnchorPane();","lastModifiedDate":"2022-02-17"},{"lineNumber":125,"author":{"gitId":"jr-mojito"},"content":"        mainLayout.getChildren().addAll(scrollPane, userInput, sendButton);","lastModifiedDate":"2022-02-17"},{"lineNumber":126,"author":{"gitId":"jr-mojito"},"content":"","lastModifiedDate":"2022-02-17"},{"lineNumber":127,"author":{"gitId":"jr-mojito"},"content":"        scene \u003d new Scene(mainLayout);","lastModifiedDate":"2022-02-17"},{"lineNumber":128,"author":{"gitId":"jr-mojito"},"content":"","lastModifiedDate":"2022-02-17"},{"lineNumber":129,"author":{"gitId":"jr-mojito"},"content":"        stage.setScene(scene);","lastModifiedDate":"2022-02-17"},{"lineNumber":130,"author":{"gitId":"jr-mojito"},"content":"        stage.show();","lastModifiedDate":"2022-02-17"},{"lineNumber":131,"author":{"gitId":"jr-mojito"},"content":"","lastModifiedDate":"2022-02-17"},{"lineNumber":132,"author":{"gitId":"jr-mojito"},"content":"        //Step 2. Formatting the window to look as expected","lastModifiedDate":"2022-02-17"},{"lineNumber":133,"author":{"gitId":"jr-mojito"},"content":"        stage.setTitle(\"Duke\");","lastModifiedDate":"2022-02-17"},{"lineNumber":134,"author":{"gitId":"jr-mojito"},"content":"        stage.setResizable(false);","lastModifiedDate":"2022-02-17"},{"lineNumber":135,"author":{"gitId":"jr-mojito"},"content":"        stage.setMinHeight(600.0);","lastModifiedDate":"2022-02-17"},{"lineNumber":136,"author":{"gitId":"jr-mojito"},"content":"        stage.setMinWidth(400.0);","lastModifiedDate":"2022-02-17"},{"lineNumber":137,"author":{"gitId":"jr-mojito"},"content":"","lastModifiedDate":"2022-02-17"},{"lineNumber":138,"author":{"gitId":"jr-mojito"},"content":"        mainLayout.setPrefSize(400.0, 600.0);","lastModifiedDate":"2022-02-17"},{"lineNumber":139,"author":{"gitId":"jr-mojito"},"content":"","lastModifiedDate":"2022-02-17"},{"lineNumber":140,"author":{"gitId":"jr-mojito"},"content":"        scrollPane.setPrefSize(385, 535);","lastModifiedDate":"2022-02-17"},{"lineNumber":141,"author":{"gitId":"jr-mojito"},"content":"        scrollPane.setHbarPolicy(ScrollPane.ScrollBarPolicy.NEVER);","lastModifiedDate":"2022-02-17"},{"lineNumber":142,"author":{"gitId":"jr-mojito"},"content":"        scrollPane.setVbarPolicy(ScrollPane.ScrollBarPolicy.ALWAYS);","lastModifiedDate":"2022-02-17"},{"lineNumber":143,"author":{"gitId":"jr-mojito"},"content":"","lastModifiedDate":"2022-02-17"},{"lineNumber":144,"author":{"gitId":"jr-mojito"},"content":"        scrollPane.setVvalue(1.0);","lastModifiedDate":"2022-02-17"},{"lineNumber":145,"author":{"gitId":"jr-mojito"},"content":"        scrollPane.setFitToWidth(true);","lastModifiedDate":"2022-02-17"},{"lineNumber":146,"author":{"gitId":"jr-mojito"},"content":"","lastModifiedDate":"2022-02-17"},{"lineNumber":147,"author":{"gitId":"jr-mojito"},"content":"        // You will need to import `javafx.scene.layout.Region` for this.","lastModifiedDate":"2022-02-17"},{"lineNumber":148,"author":{"gitId":"jr-mojito"},"content":"        dialogContainer.setPrefHeight(Region.USE_COMPUTED_SIZE);","lastModifiedDate":"2022-02-17"},{"lineNumber":149,"author":{"gitId":"jr-mojito"},"content":"","lastModifiedDate":"2022-02-17"},{"lineNumber":150,"author":{"gitId":"jr-mojito"},"content":"        userInput.setPrefWidth(325.0);","lastModifiedDate":"2022-02-17"},{"lineNumber":151,"author":{"gitId":"jr-mojito"},"content":"","lastModifiedDate":"2022-02-17"},{"lineNumber":152,"author":{"gitId":"jr-mojito"},"content":"        sendButton.setPrefWidth(55.0);","lastModifiedDate":"2022-02-17"},{"lineNumber":153,"author":{"gitId":"jr-mojito"},"content":"","lastModifiedDate":"2022-02-17"},{"lineNumber":154,"author":{"gitId":"jr-mojito"},"content":"        AnchorPane.setTopAnchor(scrollPane, 1.0);","lastModifiedDate":"2022-02-17"},{"lineNumber":155,"author":{"gitId":"jr-mojito"},"content":"","lastModifiedDate":"2022-02-17"},{"lineNumber":156,"author":{"gitId":"jr-mojito"},"content":"        AnchorPane.setBottomAnchor(sendButton, 1.0);","lastModifiedDate":"2022-02-17"},{"lineNumber":157,"author":{"gitId":"jr-mojito"},"content":"        AnchorPane.setRightAnchor(sendButton, 1.0);","lastModifiedDate":"2022-02-17"},{"lineNumber":158,"author":{"gitId":"jr-mojito"},"content":"","lastModifiedDate":"2022-02-17"},{"lineNumber":159,"author":{"gitId":"jr-mojito"},"content":"        AnchorPane.setLeftAnchor(userInput , 1.0);","lastModifiedDate":"2022-02-17"},{"lineNumber":160,"author":{"gitId":"jr-mojito"},"content":"        AnchorPane.setBottomAnchor(userInput, 1.0);","lastModifiedDate":"2022-02-17"},{"lineNumber":161,"author":{"gitId":"jr-mojito"},"content":"","lastModifiedDate":"2022-02-17"},{"lineNumber":162,"author":{"gitId":"jr-mojito"},"content":"        //Step 3. Add functionality to handle user input.","lastModifiedDate":"2022-02-17"},{"lineNumber":163,"author":{"gitId":"jr-mojito"},"content":"        sendButton.setOnMouseClicked((event) -\u003e {","lastModifiedDate":"2022-02-17"},{"lineNumber":164,"author":{"gitId":"jr-mojito"},"content":"            dialogContainer.getChildren().add(getDialogLabel(userInput.getText()));","lastModifiedDate":"2022-02-17"},{"lineNumber":165,"author":{"gitId":"jr-mojito"},"content":"            userInput.clear();","lastModifiedDate":"2022-02-17"},{"lineNumber":166,"author":{"gitId":"jr-mojito"},"content":"        });","lastModifiedDate":"2022-02-17"},{"lineNumber":167,"author":{"gitId":"jr-mojito"},"content":"","lastModifiedDate":"2022-02-17"},{"lineNumber":168,"author":{"gitId":"jr-mojito"},"content":"        userInput.setOnAction((event) -\u003e {","lastModifiedDate":"2022-02-17"},{"lineNumber":169,"author":{"gitId":"jr-mojito"},"content":"            dialogContainer.getChildren().add(getDialogLabel(userInput.getText()));","lastModifiedDate":"2022-02-17"},{"lineNumber":170,"author":{"gitId":"jr-mojito"},"content":"            userInput.clear();","lastModifiedDate":"2022-02-17"},{"lineNumber":171,"author":{"gitId":"jr-mojito"},"content":"        });","lastModifiedDate":"2022-02-17"},{"lineNumber":172,"author":{"gitId":"jr-mojito"},"content":"","lastModifiedDate":"2022-02-17"},{"lineNumber":173,"author":{"gitId":"jr-mojito"},"content":"        //Scroll down to the end every time dialogContainer\u0027s height changes.","lastModifiedDate":"2022-02-17"},{"lineNumber":174,"author":{"gitId":"jr-mojito"},"content":"        dialogContainer.heightProperty().addListener((observable) -\u003e scrollPane.setVvalue(1.0));","lastModifiedDate":"2022-02-17"},{"lineNumber":175,"author":{"gitId":"jr-mojito"},"content":"","lastModifiedDate":"2022-02-17"},{"lineNumber":176,"author":{"gitId":"jr-mojito"},"content":"        //Part 3. Add functionality to handle user input.","lastModifiedDate":"2022-02-17"},{"lineNumber":177,"author":{"gitId":"jr-mojito"},"content":"        sendButton.setOnMouseClicked((event) -\u003e {","lastModifiedDate":"2022-02-17"},{"lineNumber":178,"author":{"gitId":"jr-mojito"},"content":"            handleUserInput();","lastModifiedDate":"2022-02-17"},{"lineNumber":179,"author":{"gitId":"jr-mojito"},"content":"        });","lastModifiedDate":"2022-02-17"},{"lineNumber":180,"author":{"gitId":"jr-mojito"},"content":"","lastModifiedDate":"2022-02-17"},{"lineNumber":181,"author":{"gitId":"jr-mojito"},"content":"        userInput.setOnAction((event) -\u003e {","lastModifiedDate":"2022-02-17"},{"lineNumber":182,"author":{"gitId":"jr-mojito"},"content":"            handleUserInput();","lastModifiedDate":"2022-02-17"},{"lineNumber":183,"author":{"gitId":"jr-mojito"},"content":"        });","lastModifiedDate":"2022-02-17"},{"lineNumber":184,"author":{"gitId":"jr-mojito"},"content":"    }","lastModifiedDate":"2022-02-10"},{"lineNumber":185,"author":{"gitId":"jr-mojito"},"content":"","lastModifiedDate":"2022-02-10"},{"lineNumber":186,"author":{"gitId":"jr-mojito"},"content":"    /**","lastModifiedDate":"2022-02-17"},{"lineNumber":187,"author":{"gitId":"jr-mojito"},"content":"     * Iteration 1:","lastModifiedDate":"2022-02-17"},{"lineNumber":188,"author":{"gitId":"jr-mojito"},"content":"     * Creates a label with the specified text and adds it to the dialog container.","lastModifiedDate":"2022-02-17"},{"lineNumber":189,"author":{"gitId":"jr-mojito"},"content":"     * @param text String containing text to add","lastModifiedDate":"2022-02-17"},{"lineNumber":190,"author":{"gitId":"jr-mojito"},"content":"     * @return a label with the specified text that has word wrap enabled.","lastModifiedDate":"2022-02-17"},{"lineNumber":191,"author":{"gitId":"jr-mojito"},"content":"     */","lastModifiedDate":"2022-02-17"},{"lineNumber":192,"author":{"gitId":"jr-mojito"},"content":"    private Label getDialogLabel(String text) {","lastModifiedDate":"2022-02-17"},{"lineNumber":193,"author":{"gitId":"jr-mojito"},"content":"        // You will need to import `javafx.scene.control.Label`.","lastModifiedDate":"2022-02-17"},{"lineNumber":194,"author":{"gitId":"jr-mojito"},"content":"        Label textToAdd \u003d new Label(text);","lastModifiedDate":"2022-02-17"},{"lineNumber":195,"author":{"gitId":"jr-mojito"},"content":"        textToAdd.setWrapText(true);","lastModifiedDate":"2022-02-17"},{"lineNumber":196,"author":{"gitId":"jr-mojito"},"content":"","lastModifiedDate":"2022-02-17"},{"lineNumber":197,"author":{"gitId":"jr-mojito"},"content":"        return textToAdd;","lastModifiedDate":"2022-02-17"},{"lineNumber":198,"author":{"gitId":"jr-mojito"},"content":"    }","lastModifiedDate":"2022-02-17"},{"lineNumber":199,"author":{"gitId":"jr-mojito"},"content":"","lastModifiedDate":"2022-02-17"},{"lineNumber":200,"author":{"gitId":"jr-mojito"},"content":"","lastModifiedDate":"2022-02-17"},{"lineNumber":201,"author":{"gitId":"jr-mojito"},"content":"    /**","lastModifiedDate":"2022-02-17"},{"lineNumber":202,"author":{"gitId":"jr-mojito"},"content":"     * Iteration 2:","lastModifiedDate":"2022-02-17"},{"lineNumber":203,"author":{"gitId":"jr-mojito"},"content":"     * Creates two dialog boxes, one echoing user input and the other containing Duke\u0027s reply and then appends them to","lastModifiedDate":"2022-02-17"},{"lineNumber":204,"author":{"gitId":"jr-mojito"},"content":"     * the dialog container. Clears the user input after processing.","lastModifiedDate":"2022-02-17"},{"lineNumber":205,"author":{"gitId":"jr-mojito"},"content":"     */","lastModifiedDate":"2022-02-17"},{"lineNumber":206,"author":{"gitId":"jr-mojito"},"content":"    private void handleUserInput() {","lastModifiedDate":"2022-02-17"},{"lineNumber":207,"author":{"gitId":"jr-mojito"},"content":"","lastModifiedDate":"2022-02-17"},{"lineNumber":208,"author":{"gitId":"jr-mojito"},"content":"        Label userText \u003d new Label(userInput.getText());","lastModifiedDate":"2022-02-17"},{"lineNumber":209,"author":{"gitId":"jr-mojito"},"content":"        Label dukeText \u003d new Label(getResponse(userInput.getText()));","lastModifiedDate":"2022-02-17"},{"lineNumber":210,"author":{"gitId":"jr-mojito"},"content":"        dialogContainer.getChildren().addAll(","lastModifiedDate":"2022-02-17"},{"lineNumber":211,"author":{"gitId":"jr-mojito"},"content":"                DialogBox.getUserDialog(userText, new ImageView(user)),","lastModifiedDate":"2022-02-17"},{"lineNumber":212,"author":{"gitId":"jr-mojito"},"content":"                DialogBox.getDukeDialog(dukeText, new ImageView(duke))","lastModifiedDate":"2022-02-17"},{"lineNumber":213,"author":{"gitId":"jr-mojito"},"content":"        );","lastModifiedDate":"2022-02-17"},{"lineNumber":214,"author":{"gitId":"jr-mojito"},"content":"        userInput.clear();","lastModifiedDate":"2022-02-17"},{"lineNumber":215,"author":{"gitId":"jr-mojito"},"content":"    }","lastModifiedDate":"2022-02-17"},{"lineNumber":216,"author":{"gitId":"jr-mojito"},"content":"","lastModifiedDate":"2022-02-17"},{"lineNumber":217,"author":{"gitId":"jr-mojito"},"content":"    /**","lastModifiedDate":"2022-02-17"},{"lineNumber":218,"author":{"gitId":"jr-mojito"},"content":"     * You should have your own function to generate a response to user input.","lastModifiedDate":"2022-02-17"},{"lineNumber":219,"author":{"gitId":"jr-mojito"},"content":"     * Replace this stub with your completed method.","lastModifiedDate":"2022-02-17"},{"lineNumber":220,"author":{"gitId":"jr-mojito"},"content":"     */","lastModifiedDate":"2022-02-17"},{"lineNumber":221,"author":{"gitId":"jr-mojito"},"content":"    private String getResponse(String input) {","lastModifiedDate":"2022-02-17"},{"lineNumber":222,"author":{"gitId":"jr-mojito"},"content":"        return \"Duke heard: \" + input;","lastModifiedDate":"2022-02-17"},{"lineNumber":223,"author":{"gitId":"jr-mojito"},"content":"    }","lastModifiedDate":"2022-02-17"},{"lineNumber":224,"author":{"gitId":"jr-mojito"},"content":"","lastModifiedDate":"2022-02-17"},{"lineNumber":225,"author":{"gitId":"jr-mojito"},"content":"","lastModifiedDate":"2022-02-17"},{"lineNumber":226,"author":{"gitId":"-"},"content":"    public static void main(String[] args){","lastModifiedDate":"2019-07-29"},{"lineNumber":227,"author":{"gitId":"jr-mojito"},"content":"","lastModifiedDate":"2022-02-17"},{"lineNumber":228,"author":{"gitId":"-"},"content":"        ui \u003d new Ui();","lastModifiedDate":"2021-10-09"},{"lineNumber":229,"author":{"gitId":"-"},"content":"        new Duke().run();","lastModifiedDate":"2021-10-09"},{"lineNumber":230,"author":{"gitId":"-"},"content":"","lastModifiedDate":"2021-10-09"},{"lineNumber":231,"author":{"gitId":"-"},"content":"        Scanner fullCommand \u003d ui.readCommand();","lastModifiedDate":"2021-10-09"},{"lineNumber":232,"author":{"gitId":"-"},"content":"","lastModifiedDate":"2021-08-20"},{"lineNumber":233,"author":{"gitId":"-"},"content":"        String echo \u003d \" \";","lastModifiedDate":"2021-08-20"},{"lineNumber":234,"author":{"gitId":"-"},"content":"        ArrayList\u003cTask\u003e addedList \u003d new ArrayList\u003c\u003e();","lastModifiedDate":"2021-09-22"},{"lineNumber":235,"author":{"gitId":"-"},"content":"        Tasks tasks\u003d new Tasks(\"\");","lastModifiedDate":"2021-10-01"},{"lineNumber":236,"author":{"gitId":"-"},"content":"","lastModifiedDate":"2021-09-05"},{"lineNumber":237,"author":{"gitId":"-"},"content":"        while (!echo.equals(\"bye\")) {","lastModifiedDate":"2021-08-20"},{"lineNumber":238,"author":{"gitId":"-"},"content":"","lastModifiedDate":"2021-10-04"},{"lineNumber":239,"author":{"gitId":"-"},"content":"            echo \u003d fullCommand.nextLine();","lastModifiedDate":"2021-10-09"},{"lineNumber":240,"author":{"gitId":"-"},"content":"            String[] cli \u003d Parser.parse(echo);","lastModifiedDate":"2021-10-09"},{"lineNumber":241,"author":{"gitId":"-"},"content":"","lastModifiedDate":"2021-10-09"},{"lineNumber":242,"author":{"gitId":"-"},"content":"            String firstCommand \u003d cli[0];","lastModifiedDate":"2021-10-08"},{"lineNumber":243,"author":{"gitId":"-"},"content":"","lastModifiedDate":"2021-09-05"},{"lineNumber":244,"author":{"gitId":"-"},"content":"            switch (firstCommand){","lastModifiedDate":"2021-10-08"},{"lineNumber":245,"author":{"gitId":"-"},"content":"                case(\"list\"):","lastModifiedDate":"2021-10-01"},{"lineNumber":246,"author":{"gitId":"-"},"content":"                    tasks.getList(addedList);","lastModifiedDate":"2021-10-01"},{"lineNumber":247,"author":{"gitId":"-"},"content":"                    break;","lastModifiedDate":"2021-10-01"},{"lineNumber":248,"author":{"gitId":"-"},"content":"","lastModifiedDate":"2021-09-05"},{"lineNumber":249,"author":{"gitId":"-"},"content":"                case(\"done\"):","lastModifiedDate":"2021-10-01"},{"lineNumber":250,"author":{"gitId":"-"},"content":"                    try{","lastModifiedDate":"2021-10-04"},{"lineNumber":251,"author":{"gitId":"-"},"content":"                        if(cli[1]!\u003d\"\"){","lastModifiedDate":"2021-10-08"},{"lineNumber":252,"author":{"gitId":"-"},"content":"                            String doneIndex \u003d echo.substring(5);","lastModifiedDate":"2021-09-05"},{"lineNumber":253,"author":{"gitId":"-"},"content":"                            tasks.addDone(Integer.parseInt(doneIndex));","lastModifiedDate":"2021-10-01"},{"lineNumber":254,"author":{"gitId":"-"},"content":"                            System.out.println(\"-------------------------------\");","lastModifiedDate":"2021-09-05"},{"lineNumber":255,"author":{"gitId":"-"},"content":"                            System.out.println(\"    \"+ \"Nice! I\u0027ve marked this task as done:\");","lastModifiedDate":"2021-09-05"},{"lineNumber":256,"author":{"gitId":"-"},"content":"                            System.out.println(\"    \"+ tasks.markAsDone(Integer.parseInt(doneIndex)));","lastModifiedDate":"2021-10-01"},{"lineNumber":257,"author":{"gitId":"-"},"content":"                            System.out.println(\"-------------------------------\");","lastModifiedDate":"2021-08-26"},{"lineNumber":258,"author":{"gitId":"-"},"content":"                        }","lastModifiedDate":"2021-10-04"},{"lineNumber":259,"author":{"gitId":"-"},"content":"                    } catch (IndexOutOfBoundsException e){","lastModifiedDate":"2021-10-04"},{"lineNumber":260,"author":{"gitId":"-"},"content":"                        System.out.println(\"☹ OOPS!!! The number of a done cannot be empty.\");","lastModifiedDate":"2021-10-04"},{"lineNumber":261,"author":{"gitId":"-"},"content":"                    }","lastModifiedDate":"2021-10-04"},{"lineNumber":262,"author":{"gitId":"-"},"content":"                    break;","lastModifiedDate":"2021-10-01"},{"lineNumber":263,"author":{"gitId":"-"},"content":"","lastModifiedDate":"2021-09-22"},{"lineNumber":264,"author":{"gitId":"-"},"content":"                case(\"todo\"):","lastModifiedDate":"2021-10-01"},{"lineNumber":265,"author":{"gitId":"-"},"content":"                    try{","lastModifiedDate":"2021-10-04"},{"lineNumber":266,"author":{"gitId":"-"},"content":"                        if(cli[1]!\u003d\"\"){","lastModifiedDate":"2021-10-08"},{"lineNumber":267,"author":{"gitId":"-"},"content":"                            String todoIndex \u003d echo.substring(5);","lastModifiedDate":"2021-09-22"},{"lineNumber":268,"author":{"gitId":"-"},"content":"","lastModifiedDate":"2021-09-22"},{"lineNumber":269,"author":{"gitId":"-"},"content":"                            Todo todo \u003d new Todo(echo.substring(5));","lastModifiedDate":"2021-09-22"},{"lineNumber":270,"author":{"gitId":"-"},"content":"                            Task task \u003d new Task(false, todo.toString());","lastModifiedDate":"2021-09-22"},{"lineNumber":271,"author":{"gitId":"-"},"content":"","lastModifiedDate":"2021-09-22"},{"lineNumber":272,"author":{"gitId":"-"},"content":"                            addedList.add(task);","lastModifiedDate":"2021-09-22"},{"lineNumber":273,"author":{"gitId":"-"},"content":"","lastModifiedDate":"2021-09-22"},{"lineNumber":274,"author":{"gitId":"-"},"content":"                            System.out.println(\"-------------------------------\");","lastModifiedDate":"2021-09-22"},{"lineNumber":275,"author":{"gitId":"-"},"content":"                            System.out.println(\"    \" + \"Got it. I\u0027ve added this task:\");","lastModifiedDate":"2021-09-22"},{"lineNumber":276,"author":{"gitId":"-"},"content":"                            System.out.println(\"    \" + echo.substring(5) );","lastModifiedDate":"2021-09-22"},{"lineNumber":277,"author":{"gitId":"-"},"content":"                            System.out.println(\"-------------------------------\");","lastModifiedDate":"2021-09-22"},{"lineNumber":278,"author":{"gitId":"-"},"content":"                            System.out.println(\"    \" + \"Now you have \" + tasks.getNumOfList() + \" tasks in the list.\");","lastModifiedDate":"2021-10-01"},{"lineNumber":279,"author":{"gitId":"-"},"content":"","lastModifiedDate":"2021-10-04"},{"lineNumber":280,"author":{"gitId":"-"},"content":"                        }","lastModifiedDate":"2021-10-04"},{"lineNumber":281,"author":{"gitId":"-"},"content":"                    } catch (ArrayIndexOutOfBoundsException e){","lastModifiedDate":"2021-10-04"},{"lineNumber":282,"author":{"gitId":"-"},"content":"                        System.out.println(\"☹ OOPS!!! The description of a todo cannot be empty.\");","lastModifiedDate":"2021-10-04"},{"lineNumber":283,"author":{"gitId":"-"},"content":"                    }","lastModifiedDate":"2021-10-04"},{"lineNumber":284,"author":{"gitId":"-"},"content":"                    break;","lastModifiedDate":"2021-10-01"},{"lineNumber":285,"author":{"gitId":"-"},"content":"","lastModifiedDate":"2021-09-22"},{"lineNumber":286,"author":{"gitId":"-"},"content":"                case(\"event\"):","lastModifiedDate":"2021-10-01"},{"lineNumber":287,"author":{"gitId":"-"},"content":"                    try {","lastModifiedDate":"2021-10-04"},{"lineNumber":288,"author":{"gitId":"-"},"content":"                        if (cli[1] !\u003d \"\") {","lastModifiedDate":"2021-10-08"},{"lineNumber":289,"author":{"gitId":"-"},"content":"                            int task_stringIndex_After_taskWord \u003d 0;","lastModifiedDate":"2021-09-22"},{"lineNumber":290,"author":{"gitId":"-"},"content":"                            String task_words \u003d\"\", by_words \u003d \" \";","lastModifiedDate":"2021-09-22"},{"lineNumber":291,"author":{"gitId":"-"},"content":"","lastModifiedDate":"2021-09-22"},{"lineNumber":292,"author":{"gitId":"-"},"content":"                            task_stringIndex_After_taskWord \u003d echo.indexOf(\" \");","lastModifiedDate":"2021-09-22"},{"lineNumber":293,"author":{"gitId":"-"},"content":"                            int by_string \u003d echo.indexOf(\"/\");","lastModifiedDate":"2021-09-22"},{"lineNumber":294,"author":{"gitId":"-"},"content":"                            by_words \u003d echo.substring(by_string + 3);","lastModifiedDate":"2021-09-22"},{"lineNumber":295,"author":{"gitId":"-"},"content":"","lastModifiedDate":"2021-09-22"},{"lineNumber":296,"author":{"gitId":"-"},"content":"                            if (echo.contains(\"/\")) {","lastModifiedDate":"2021-09-22"},{"lineNumber":297,"author":{"gitId":"-"},"content":"                                by_string \u003d echo.indexOf(\"/\");","lastModifiedDate":"2021-09-22"},{"lineNumber":298,"author":{"gitId":"-"},"content":"                                task_words \u003d echo.substring(task_stringIndex_After_taskWord, by_string);","lastModifiedDate":"2021-09-22"},{"lineNumber":299,"author":{"gitId":"-"},"content":"                            }","lastModifiedDate":"2021-09-22"},{"lineNumber":300,"author":{"gitId":"-"},"content":"                            else if(echo.contains(\"bye\")){","lastModifiedDate":"2021-09-22"},{"lineNumber":301,"author":{"gitId":"-"},"content":"                            }","lastModifiedDate":"2021-08-20"},{"lineNumber":302,"author":{"gitId":"-"},"content":"                            else{","lastModifiedDate":"2021-09-22"},{"lineNumber":303,"author":{"gitId":"-"},"content":"                                task_words \u003d echo.substring(task_stringIndex_After_taskWord);","lastModifiedDate":"2021-09-22"},{"lineNumber":304,"author":{"gitId":"-"},"content":"                            }","lastModifiedDate":"2021-09-22"},{"lineNumber":305,"author":{"gitId":"-"},"content":"","lastModifiedDate":"2021-09-22"},{"lineNumber":306,"author":{"gitId":"-"},"content":"                            Event event \u003d new Event(task_words, by_words );","lastModifiedDate":"2021-09-22"},{"lineNumber":307,"author":{"gitId":"-"},"content":"                            Task task \u003d new Task(false, event.toString());","lastModifiedDate":"2021-10-04"},{"lineNumber":308,"author":{"gitId":"-"},"content":"","lastModifiedDate":"2021-09-22"},{"lineNumber":309,"author":{"gitId":"-"},"content":"                            addedList.add(task);","lastModifiedDate":"2021-09-22"},{"lineNumber":310,"author":{"gitId":"-"},"content":"","lastModifiedDate":"2021-08-20"},{"lineNumber":311,"author":{"gitId":"-"},"content":"                            System.out.println(\"-------------------------------\");","lastModifiedDate":"2021-08-20"},{"lineNumber":312,"author":{"gitId":"-"},"content":"                            System.out.println(\"    \" + \"Got it. I\u0027ve added this task:\");","lastModifiedDate":"2021-09-22"},{"lineNumber":313,"author":{"gitId":"-"},"content":"                            System.out.println(\"    \" + echo.substring(6) );","lastModifiedDate":"2021-09-22"},{"lineNumber":314,"author":{"gitId":"-"},"content":"                            System.out.println(\"-------------------------------\");","lastModifiedDate":"2021-08-20"},{"lineNumber":315,"author":{"gitId":"-"},"content":"                            System.out.println(\"    \" + \"Now you have \" + tasks.getNumOfList() + \" tasks in the list.\");","lastModifiedDate":"2021-10-01"},{"lineNumber":316,"author":{"gitId":"-"},"content":"                        }","lastModifiedDate":"2021-10-04"},{"lineNumber":317,"author":{"gitId":"-"},"content":"                    } catch (IndexOutOfBoundsException e) {","lastModifiedDate":"2021-10-04"},{"lineNumber":318,"author":{"gitId":"-"},"content":"                        System.out.println(\"☹ OOPS!!! The event description cannot be empty.\");","lastModifiedDate":"2021-10-04"},{"lineNumber":319,"author":{"gitId":"-"},"content":"                    }","lastModifiedDate":"2021-10-04"},{"lineNumber":320,"author":{"gitId":"-"},"content":"                    break;","lastModifiedDate":"2021-10-01"},{"lineNumber":321,"author":{"gitId":"-"},"content":"","lastModifiedDate":"2021-09-22"},{"lineNumber":322,"author":{"gitId":"-"},"content":"                case(\"deadline\"):","lastModifiedDate":"2021-10-01"},{"lineNumber":323,"author":{"gitId":"-"},"content":"                    try {","lastModifiedDate":"2021-10-04"},{"lineNumber":324,"author":{"gitId":"-"},"content":"                        if (cli[1] !\u003d \"\") {","lastModifiedDate":"2021-10-08"},{"lineNumber":325,"author":{"gitId":"-"},"content":"                            String task_words \u003d\"\";","lastModifiedDate":"2021-10-04"},{"lineNumber":326,"author":{"gitId":"-"},"content":"                            String by_words \u003d \" \";","lastModifiedDate":"2021-10-04"},{"lineNumber":327,"author":{"gitId":"-"},"content":"","lastModifiedDate":"2021-09-22"},{"lineNumber":328,"author":{"gitId":"-"},"content":"                            int task_stringIndex_After_taskWord \u003d echo.indexOf(\" \");","lastModifiedDate":"2021-10-04"},{"lineNumber":329,"author":{"gitId":"-"},"content":"                            int by_string \u003d echo.indexOf(\"/\");","lastModifiedDate":"2021-10-04"},{"lineNumber":330,"author":{"gitId":"-"},"content":"                            by_words \u003d echo.substring(by_string + 3);","lastModifiedDate":"2021-09-22"},{"lineNumber":331,"author":{"gitId":"-"},"content":"","lastModifiedDate":"2021-09-22"},{"lineNumber":332,"author":{"gitId":"-"},"content":"                            if (echo.contains(\"/\")) {","lastModifiedDate":"2021-09-22"},{"lineNumber":333,"author":{"gitId":"-"},"content":"                                by_string \u003d echo.indexOf(\"/\");","lastModifiedDate":"2021-09-22"},{"lineNumber":334,"author":{"gitId":"-"},"content":"                                task_words \u003d echo.substring(task_stringIndex_After_taskWord, by_string);","lastModifiedDate":"2021-09-22"},{"lineNumber":335,"author":{"gitId":"-"},"content":"                            }","lastModifiedDate":"2019-07-29"},{"lineNumber":336,"author":{"gitId":"-"},"content":"                            else if(echo.contains(\"bye\")){","lastModifiedDate":"2021-09-22"},{"lineNumber":337,"author":{"gitId":"-"},"content":"                            }","lastModifiedDate":"2021-09-22"},{"lineNumber":338,"author":{"gitId":"-"},"content":"                            else{","lastModifiedDate":"2021-09-22"},{"lineNumber":339,"author":{"gitId":"-"},"content":"                                task_words \u003d echo.substring(task_stringIndex_After_taskWord);","lastModifiedDate":"2021-09-22"},{"lineNumber":340,"author":{"gitId":"-"},"content":"                            }","lastModifiedDate":"2021-09-22"},{"lineNumber":341,"author":{"gitId":"-"},"content":"","lastModifiedDate":"2021-09-22"},{"lineNumber":342,"author":{"gitId":"-"},"content":"                            Deadline deadline \u003d new Deadline(task_words, by_words );","lastModifiedDate":"2021-09-22"},{"lineNumber":343,"author":{"gitId":"-"},"content":"                            Task task \u003d new Task(false, deadline.toString());","lastModifiedDate":"2021-10-04"},{"lineNumber":344,"author":{"gitId":"-"},"content":"","lastModifiedDate":"2021-09-22"},{"lineNumber":345,"author":{"gitId":"-"},"content":"                            addedList.add(task);","lastModifiedDate":"2021-09-22"},{"lineNumber":346,"author":{"gitId":"-"},"content":"","lastModifiedDate":"2021-09-05"},{"lineNumber":347,"author":{"gitId":"-"},"content":"                            System.out.println(\"-------------------------------\");","lastModifiedDate":"2021-09-22"},{"lineNumber":348,"author":{"gitId":"-"},"content":"                            System.out.println(\"    \" + \"Got it. I\u0027ve added this task:\");","lastModifiedDate":"2021-09-22"},{"lineNumber":349,"author":{"gitId":"-"},"content":"                            System.out.println(\"    \" + echo.substring(9) );","lastModifiedDate":"2021-09-22"},{"lineNumber":350,"author":{"gitId":"-"},"content":"                            System.out.println(\"-------------------------------\");","lastModifiedDate":"2021-09-22"},{"lineNumber":351,"author":{"gitId":"-"},"content":"                            System.out.println(\"    \" + \"Now you have \" + tasks.getNumOfList() + \" tasks in the list.\");","lastModifiedDate":"2021-10-01"},{"lineNumber":352,"author":{"gitId":"-"},"content":"                        }","lastModifiedDate":"2021-10-04"},{"lineNumber":353,"author":{"gitId":"-"},"content":"                    } catch (IndexOutOfBoundsException e) {","lastModifiedDate":"2021-10-04"},{"lineNumber":354,"author":{"gitId":"-"},"content":"                        System.out.println(\"☹ OOPS!!! The deadline description cannot be empty.\");","lastModifiedDate":"2021-10-04"},{"lineNumber":355,"author":{"gitId":"-"},"content":"                    }","lastModifiedDate":"2021-10-04"},{"lineNumber":356,"author":{"gitId":"-"},"content":"                    break;","lastModifiedDate":"2021-10-01"},{"lineNumber":357,"author":{"gitId":"-"},"content":"","lastModifiedDate":"2021-09-22"},{"lineNumber":358,"author":{"gitId":"-"},"content":"                case(\"delete\"):","lastModifiedDate":"2021-10-08"},{"lineNumber":359,"author":{"gitId":"-"},"content":"                    tasks.removeTaskList(Integer.valueOf(cli[1]));","lastModifiedDate":"2021-10-08"},{"lineNumber":360,"author":{"gitId":"-"},"content":"                    break;","lastModifiedDate":"2021-10-08"},{"lineNumber":361,"author":{"gitId":"-"},"content":"","lastModifiedDate":"2021-10-08"},{"lineNumber":362,"author":{"gitId":"-"},"content":"                case (\"save\"):","lastModifiedDate":"2021-10-08"},{"lineNumber":363,"author":{"gitId":"-"},"content":"                    try {","lastModifiedDate":"2021-10-08"},{"lineNumber":364,"author":{"gitId":"-"},"content":"                        FileWriter fw \u003d new FileWriter(\"./dukesave.txt\");","lastModifiedDate":"2021-10-10"},{"lineNumber":365,"author":{"gitId":"-"},"content":"                        File f \u003d new File(\"dukesave.txt\");","lastModifiedDate":"2021-10-08"},{"lineNumber":366,"author":{"gitId":"-"},"content":"","lastModifiedDate":"2021-10-08"},{"lineNumber":367,"author":{"gitId":"-"},"content":"                        int index1 \u003d 0;","lastModifiedDate":"2021-10-08"},{"lineNumber":368,"author":{"gitId":"-"},"content":"                        System.out.println(\"-------------------------------\");","lastModifiedDate":"2021-10-08"},{"lineNumber":369,"author":{"gitId":"-"},"content":"                        Iterator itr \u003d addedList.iterator();","lastModifiedDate":"2021-10-08"},{"lineNumber":370,"author":{"gitId":"-"},"content":"                        while (itr.hasNext()){","lastModifiedDate":"2021-10-08"},{"lineNumber":371,"author":{"gitId":"-"},"content":"                            Task t \u003d (Task)itr.next();","lastModifiedDate":"2021-10-08"},{"lineNumber":372,"author":{"gitId":"-"},"content":"                            fw.write(\"  \" + ++index1 +\"[\" + (t.status ?\"\\u2713\": \"\\u2718\") +\"]\" + t.desc + System.lineSeparator());","lastModifiedDate":"2021-10-08"},{"lineNumber":373,"author":{"gitId":"-"},"content":"                        }","lastModifiedDate":"2021-10-08"},{"lineNumber":374,"author":{"gitId":"-"},"content":"","lastModifiedDate":"2021-10-08"},{"lineNumber":375,"author":{"gitId":"-"},"content":"                        System.out.println(\"File save successfully to dukesave.txt\");","lastModifiedDate":"2021-10-08"},{"lineNumber":376,"author":{"gitId":"-"},"content":"                        System.out.println(\"-------------------------------\");","lastModifiedDate":"2021-10-08"},{"lineNumber":377,"author":{"gitId":"-"},"content":"                        fw.close();","lastModifiedDate":"2021-10-08"},{"lineNumber":378,"author":{"gitId":"-"},"content":"                    } catch (FileNotFoundException e) {","lastModifiedDate":"2021-10-08"},{"lineNumber":379,"author":{"gitId":"-"},"content":"                        System.out.println(\"File not found\");","lastModifiedDate":"2021-10-08"},{"lineNumber":380,"author":{"gitId":"-"},"content":"                    } catch (IOException e) {","lastModifiedDate":"2021-10-08"},{"lineNumber":381,"author":{"gitId":"-"},"content":"                        System.out.println(\"Something went wrong\" + e.getMessage());","lastModifiedDate":"2021-10-08"},{"lineNumber":382,"author":{"gitId":"-"},"content":"                    }","lastModifiedDate":"2021-10-08"},{"lineNumber":383,"author":{"gitId":"-"},"content":"                    break;","lastModifiedDate":"2021-10-08"},{"lineNumber":384,"author":{"gitId":"-"},"content":"","lastModifiedDate":"2021-10-08"},{"lineNumber":385,"author":{"gitId":"-"},"content":"                case (\"find\"):","lastModifiedDate":"2021-10-10"},{"lineNumber":386,"author":{"gitId":"-"},"content":"","lastModifiedDate":"2021-10-10"},{"lineNumber":387,"author":{"gitId":"-"},"content":"                    if(cli[1]!\u003d\"\") {","lastModifiedDate":"2021-10-10"},{"lineNumber":388,"author":{"gitId":"-"},"content":"                        String searchWord \u003d echo.substring(5);","lastModifiedDate":"2021-10-10"},{"lineNumber":389,"author":{"gitId":"-"},"content":"                        int count_todo_find \u003d tasks.getNumOfList();","lastModifiedDate":"2021-10-10"},{"lineNumber":390,"author":{"gitId":"-"},"content":"                        System.out.println(Ui.seperatorLine2);","lastModifiedDate":"2021-10-10"},{"lineNumber":391,"author":{"gitId":"-"},"content":"                        System.out.println(\"Here are the matching task in your list\");","lastModifiedDate":"2021-10-10"},{"lineNumber":392,"author":{"gitId":"-"},"content":"","lastModifiedDate":"2021-10-10"},{"lineNumber":393,"author":{"gitId":"-"},"content":"                        int listPrintFind \u003d 0;","lastModifiedDate":"2021-10-10"},{"lineNumber":394,"author":{"gitId":"-"},"content":"                        int index1 \u003d 0;","lastModifiedDate":"2021-10-10"},{"lineNumber":395,"author":{"gitId":"-"},"content":"","lastModifiedDate":"2021-10-10"},{"lineNumber":396,"author":{"gitId":"-"},"content":"                        for (int i \u003d 0; i\u003caddedList.toArray().length; i++) {","lastModifiedDate":"2021-10-10"},{"lineNumber":397,"author":{"gitId":"-"},"content":"                            ++index1;","lastModifiedDate":"2021-10-10"},{"lineNumber":398,"author":{"gitId":"-"},"content":"                            if(addedList.get(i).desc.toString().contains(searchWord.trim())){","lastModifiedDate":"2021-10-10"},{"lineNumber":399,"author":{"gitId":"-"},"content":"                                System.out.println(\"        \" + index1 + \". \" + \"[\" + addedList.get(i).status+ \"]\" + addedList.get(i).desc);","lastModifiedDate":"2021-10-10"},{"lineNumber":400,"author":{"gitId":"-"},"content":"                                listPrintFind++;","lastModifiedDate":"2021-10-10"},{"lineNumber":401,"author":{"gitId":"-"},"content":"                            }","lastModifiedDate":"2021-10-10"},{"lineNumber":402,"author":{"gitId":"-"},"content":"                        }","lastModifiedDate":"2021-10-10"},{"lineNumber":403,"author":{"gitId":"-"},"content":"","lastModifiedDate":"2021-10-10"},{"lineNumber":404,"author":{"gitId":"-"},"content":"                        if(listPrintFind \u003d\u003d 0){","lastModifiedDate":"2021-10-10"},{"lineNumber":405,"author":{"gitId":"-"},"content":"                            System.out.println(\"Not matching found on the list\");","lastModifiedDate":"2021-10-10"},{"lineNumber":406,"author":{"gitId":"-"},"content":"                        }","lastModifiedDate":"2021-10-10"},{"lineNumber":407,"author":{"gitId":"-"},"content":"","lastModifiedDate":"2021-10-10"},{"lineNumber":408,"author":{"gitId":"-"},"content":"                        System.out.println(Ui.seperatorLine2);","lastModifiedDate":"2021-10-10"},{"lineNumber":409,"author":{"gitId":"-"},"content":"","lastModifiedDate":"2021-10-10"},{"lineNumber":410,"author":{"gitId":"-"},"content":"                        break;","lastModifiedDate":"2021-10-10"},{"lineNumber":411,"author":{"gitId":"-"},"content":"                    }","lastModifiedDate":"2021-10-10"},{"lineNumber":412,"author":{"gitId":"-"},"content":"                    default:","lastModifiedDate":"2021-10-01"},{"lineNumber":413,"author":{"gitId":"-"},"content":"            }","lastModifiedDate":"2021-10-01"},{"lineNumber":414,"author":{"gitId":"-"},"content":"        }","lastModifiedDate":"2021-09-22"},{"lineNumber":415,"author":{"gitId":"-"},"content":"","lastModifiedDate":"2021-09-22"},{"lineNumber":416,"author":{"gitId":"-"},"content":"        System.out.println(\"-------------------------------\");","lastModifiedDate":"2021-09-22"},{"lineNumber":417,"author":{"gitId":"-"},"content":"        System.out.println(\"Bye. Hope to see you again soon!\");","lastModifiedDate":"2021-09-22"},{"lineNumber":418,"author":{"gitId":"-"},"content":"        System.out.println(\"-------------------------------\");","lastModifiedDate":"2021-09-22"},{"lineNumber":419,"author":{"gitId":"-"},"content":"    }","lastModifiedDate":"2021-09-22"},{"lineNumber":420,"author":{"gitId":"-"},"content":"}","lastModifiedDate":"2019-07-29"}],"authorContributionMap":{"jr-mojito":194,"-":226}},{"path":"src/main/java/Launcher.java","fileType":"java","lines":[{"lineNumber":1,"author":{"gitId":"jr-mojito"},"content":"import javafx.application.Application;","lastModifiedDate":"2022-02-10"},{"lineNumber":2,"author":{"gitId":"jr-mojito"},"content":"","lastModifiedDate":"2022-02-10"},{"lineNumber":3,"author":{"gitId":"jr-mojito"},"content":"/**","lastModifiedDate":"2022-02-10"},{"lineNumber":4,"author":{"gitId":"jr-mojito"},"content":" * A launcher class to workaround classpath issues.","lastModifiedDate":"2022-02-10"},{"lineNumber":5,"author":{"gitId":"jr-mojito"},"content":" */","lastModifiedDate":"2022-02-10"},{"lineNumber":6,"author":{"gitId":"jr-mojito"},"content":"public class Launcher {","lastModifiedDate":"2022-02-10"},{"lineNumber":7,"author":{"gitId":"jr-mojito"},"content":"    public static void main(String[] args) {","lastModifiedDate":"2022-02-10"},{"lineNumber":8,"author":{"gitId":"jr-mojito"},"content":"        Application.launch(Duke.class, args);","lastModifiedDate":"2022-02-10"},{"lineNumber":9,"author":{"gitId":"jr-mojito"},"content":"    }","lastModifiedDate":"2022-02-10"},{"lineNumber":10,"author":{"gitId":"jr-mojito"},"content":"}","lastModifiedDate":"2022-02-10"}],"authorContributionMap":{"jr-mojito":10}}]
