[{"path":"build.gradle","fileType":"gradle","lines":[{"lineNumber":1,"author":{"gitId":"-"},"content":"plugins {","lastModifiedDate":"2020-05-25"},{"lineNumber":2,"author":{"gitId":"-"},"content":"    id \u0027java\u0027","lastModifiedDate":"2020-05-25"},{"lineNumber":3,"author":{"gitId":"-"},"content":"    id \u0027application\u0027","lastModifiedDate":"2020-05-25"},{"lineNumber":4,"author":{"gitId":"-"},"content":"    id \u0027checkstyle\u0027","lastModifiedDate":"2020-05-25"},{"lineNumber":5,"author":{"gitId":"-"},"content":"    id \u0027com.github.johnrengelman.shadow\u0027 version \u00275.1.0\u0027","lastModifiedDate":"2020-05-25"},{"lineNumber":6,"author":{"gitId":"-"},"content":"}","lastModifiedDate":"2020-05-25"},{"lineNumber":7,"author":{"gitId":"-"},"content":"","lastModifiedDate":"2020-05-25"},{"lineNumber":8,"author":{"gitId":"-"},"content":"repositories {","lastModifiedDate":"2020-05-25"},{"lineNumber":9,"author":{"gitId":"-"},"content":"    mavenCentral()","lastModifiedDate":"2020-05-25"},{"lineNumber":10,"author":{"gitId":"-"},"content":"}","lastModifiedDate":"2020-05-25"},{"lineNumber":11,"author":{"gitId":"-"},"content":"","lastModifiedDate":"2020-05-25"},{"lineNumber":12,"author":{"gitId":"-"},"content":"dependencies {","lastModifiedDate":"2020-05-25"},{"lineNumber":13,"author":{"gitId":"-"},"content":"    testImplementation group: \u0027org.junit.jupiter\u0027, name: \u0027junit-jupiter-api\u0027, version: \u00275.5.0\u0027","lastModifiedDate":"2020-05-25"},{"lineNumber":14,"author":{"gitId":"-"},"content":"    testRuntimeOnly group: \u0027org.junit.jupiter\u0027, name: \u0027junit-jupiter-engine\u0027, version: \u00275.5.0\u0027","lastModifiedDate":"2020-05-25"},{"lineNumber":15,"author":{"gitId":"jr-mojito"},"content":"","lastModifiedDate":"2022-02-10"},{"lineNumber":16,"author":{"gitId":"jr-mojito"},"content":"    String javaFxVersion \u003d \u002711\u0027","lastModifiedDate":"2022-02-10"},{"lineNumber":17,"author":{"gitId":"jr-mojito"},"content":"","lastModifiedDate":"2022-02-10"},{"lineNumber":18,"author":{"gitId":"jr-mojito"},"content":"    implementation group: \u0027org.openjfx\u0027, name: \u0027javafx-base\u0027, version: javaFxVersion, classifier: \u0027win\u0027","lastModifiedDate":"2022-02-10"},{"lineNumber":19,"author":{"gitId":"jr-mojito"},"content":"    implementation group: \u0027org.openjfx\u0027, name: \u0027javafx-base\u0027, version: javaFxVersion, classifier: \u0027mac\u0027","lastModifiedDate":"2022-02-10"},{"lineNumber":20,"author":{"gitId":"jr-mojito"},"content":"    implementation group: \u0027org.openjfx\u0027, name: \u0027javafx-base\u0027, version: javaFxVersion, classifier: \u0027linux\u0027","lastModifiedDate":"2022-02-10"},{"lineNumber":21,"author":{"gitId":"jr-mojito"},"content":"    implementation group: \u0027org.openjfx\u0027, name: \u0027javafx-controls\u0027, version: javaFxVersion, classifier: \u0027win\u0027","lastModifiedDate":"2022-02-10"},{"lineNumber":22,"author":{"gitId":"jr-mojito"},"content":"    implementation group: \u0027org.openjfx\u0027, name: \u0027javafx-controls\u0027, version: javaFxVersion, classifier: \u0027mac\u0027","lastModifiedDate":"2022-02-10"},{"lineNumber":23,"author":{"gitId":"jr-mojito"},"content":"    implementation group: \u0027org.openjfx\u0027, name: \u0027javafx-controls\u0027, version: javaFxVersion, classifier: \u0027linux\u0027","lastModifiedDate":"2022-02-10"},{"lineNumber":24,"author":{"gitId":"jr-mojito"},"content":"    implementation group: \u0027org.openjfx\u0027, name: \u0027javafx-fxml\u0027, version: javaFxVersion, classifier: \u0027win\u0027","lastModifiedDate":"2022-02-10"},{"lineNumber":25,"author":{"gitId":"jr-mojito"},"content":"    implementation group: \u0027org.openjfx\u0027, name: \u0027javafx-fxml\u0027, version: javaFxVersion, classifier: \u0027mac\u0027","lastModifiedDate":"2022-02-10"},{"lineNumber":26,"author":{"gitId":"jr-mojito"},"content":"    implementation group: \u0027org.openjfx\u0027, name: \u0027javafx-fxml\u0027, version: javaFxVersion, classifier: \u0027linux\u0027","lastModifiedDate":"2022-02-10"},{"lineNumber":27,"author":{"gitId":"jr-mojito"},"content":"    implementation group: \u0027org.openjfx\u0027, name: \u0027javafx-graphics\u0027, version: javaFxVersion, classifier: \u0027win\u0027","lastModifiedDate":"2022-02-10"},{"lineNumber":28,"author":{"gitId":"jr-mojito"},"content":"    implementation group: \u0027org.openjfx\u0027, name: \u0027javafx-graphics\u0027, version: javaFxVersion, classifier: \u0027mac\u0027","lastModifiedDate":"2022-02-10"},{"lineNumber":29,"author":{"gitId":"jr-mojito"},"content":"    implementation group: \u0027org.openjfx\u0027, name: \u0027javafx-graphics\u0027, version: javaFxVersion, classifier: \u0027linux\u0027","lastModifiedDate":"2022-02-10"},{"lineNumber":30,"author":{"gitId":"-"},"content":"}","lastModifiedDate":"2020-05-25"},{"lineNumber":31,"author":{"gitId":"-"},"content":"","lastModifiedDate":"2020-05-25"},{"lineNumber":32,"author":{"gitId":"-"},"content":"test {","lastModifiedDate":"2020-05-25"},{"lineNumber":33,"author":{"gitId":"-"},"content":"    useJUnitPlatform()","lastModifiedDate":"2020-05-25"},{"lineNumber":34,"author":{"gitId":"-"},"content":"","lastModifiedDate":"2020-05-25"},{"lineNumber":35,"author":{"gitId":"-"},"content":"    testLogging {","lastModifiedDate":"2020-05-25"},{"lineNumber":36,"author":{"gitId":"-"},"content":"        events \"passed\", \"skipped\", \"failed\"","lastModifiedDate":"2020-05-25"},{"lineNumber":37,"author":{"gitId":"-"},"content":"","lastModifiedDate":"2020-05-25"},{"lineNumber":38,"author":{"gitId":"-"},"content":"        showExceptions true","lastModifiedDate":"2020-05-25"},{"lineNumber":39,"author":{"gitId":"-"},"content":"        exceptionFormat \"full\"","lastModifiedDate":"2020-05-25"},{"lineNumber":40,"author":{"gitId":"-"},"content":"        showCauses true","lastModifiedDate":"2020-05-25"},{"lineNumber":41,"author":{"gitId":"-"},"content":"        showStackTraces true","lastModifiedDate":"2020-05-25"},{"lineNumber":42,"author":{"gitId":"-"},"content":"        showStandardStreams \u003d false","lastModifiedDate":"2020-05-25"},{"lineNumber":43,"author":{"gitId":"-"},"content":"    }","lastModifiedDate":"2020-05-25"},{"lineNumber":44,"author":{"gitId":"-"},"content":"}","lastModifiedDate":"2020-05-25"},{"lineNumber":45,"author":{"gitId":"-"},"content":"","lastModifiedDate":"2020-05-25"},{"lineNumber":46,"author":{"gitId":"-"},"content":"application {","lastModifiedDate":"2020-05-25"},{"lineNumber":47,"author":{"gitId":"-"},"content":"    mainClassName \u003d \"seedu.duke.Duke\"","lastModifiedDate":"2020-05-25"},{"lineNumber":48,"author":{"gitId":"-"},"content":"}","lastModifiedDate":"2020-05-25"},{"lineNumber":49,"author":{"gitId":"-"},"content":"","lastModifiedDate":"2020-05-25"},{"lineNumber":50,"author":{"gitId":"-"},"content":"shadowJar {","lastModifiedDate":"2020-05-25"},{"lineNumber":51,"author":{"gitId":"-"},"content":"    archiveBaseName \u003d \"duke\"","lastModifiedDate":"2020-05-25"},{"lineNumber":52,"author":{"gitId":"-"},"content":"    archiveClassifier \u003d null","lastModifiedDate":"2020-05-25"},{"lineNumber":53,"author":{"gitId":"-"},"content":"}","lastModifiedDate":"2020-05-25"},{"lineNumber":54,"author":{"gitId":"-"},"content":"","lastModifiedDate":"2020-05-25"},{"lineNumber":55,"author":{"gitId":"-"},"content":"checkstyle {","lastModifiedDate":"2020-05-25"},{"lineNumber":56,"author":{"gitId":"-"},"content":"    toolVersion \u003d \u00278.29\u0027","lastModifiedDate":"2020-05-25"},{"lineNumber":57,"author":{"gitId":"-"},"content":"}","lastModifiedDate":"2020-05-25"},{"lineNumber":58,"author":{"gitId":"-"},"content":"","lastModifiedDate":"2020-05-25"},{"lineNumber":59,"author":{"gitId":"-"},"content":"run{","lastModifiedDate":"2020-05-25"},{"lineNumber":60,"author":{"gitId":"-"},"content":"    standardInput \u003d System.in","lastModifiedDate":"2020-05-25"},{"lineNumber":61,"author":{"gitId":"-"},"content":"}","lastModifiedDate":"2020-05-25"}],"authorContributionMap":{"jr-mojito":15,"-":46}},{"path":"src/main/java/Duke.java","fileType":"java","lines":[{"lineNumber":1,"author":{"gitId":"-"},"content":"import Duke.Command.Deadline;","lastModifiedDate":"2021-10-04"},{"lineNumber":2,"author":{"gitId":"-"},"content":"import Duke.Command.Event;","lastModifiedDate":"2021-10-04"},{"lineNumber":3,"author":{"gitId":"-"},"content":"import Duke.Command.Todo;","lastModifiedDate":"2021-10-04"},{"lineNumber":4,"author":{"gitId":"-"},"content":"import Duke.Task.Task;","lastModifiedDate":"2021-10-04"},{"lineNumber":5,"author":{"gitId":"-"},"content":"import Duke.Task.Tasks;","lastModifiedDate":"2021-10-04"},{"lineNumber":6,"author":{"gitId":"-"},"content":"import Duke.Ui.Ui;","lastModifiedDate":"2021-10-09"},{"lineNumber":7,"author":{"gitId":"-"},"content":"","lastModifiedDate":"2021-09-22"},{"lineNumber":8,"author":{"gitId":"-"},"content":"import java.io.File;","lastModifiedDate":"2021-10-08"},{"lineNumber":9,"author":{"gitId":"-"},"content":"import java.io.FileNotFoundException;","lastModifiedDate":"2021-10-08"},{"lineNumber":10,"author":{"gitId":"-"},"content":"import java.io.FileWriter;","lastModifiedDate":"2021-10-08"},{"lineNumber":11,"author":{"gitId":"-"},"content":"import java.io.IOException;","lastModifiedDate":"2021-10-08"},{"lineNumber":12,"author":{"gitId":"-"},"content":"import java.util.ArrayList;","lastModifiedDate":"2021-08-26"},{"lineNumber":13,"author":{"gitId":"-"},"content":"import java.util.Iterator;","lastModifiedDate":"2021-10-08"},{"lineNumber":14,"author":{"gitId":"-"},"content":"import java.util.Scanner;","lastModifiedDate":"2021-08-20"},{"lineNumber":15,"author":{"gitId":"-"},"content":"import Duke.Parser;","lastModifiedDate":"2021-10-09"},{"lineNumber":16,"author":{"gitId":"-"},"content":"","lastModifiedDate":"2021-08-20"},{"lineNumber":17,"author":{"gitId":"jr-mojito"},"content":"import javafx.application.Application;","lastModifiedDate":"2022-02-10"},{"lineNumber":18,"author":{"gitId":"jr-mojito"},"content":"import javafx.scene.Scene;","lastModifiedDate":"2022-02-10"},{"lineNumber":19,"author":{"gitId":"jr-mojito"},"content":"import javafx.scene.control.Label;","lastModifiedDate":"2022-02-10"},{"lineNumber":20,"author":{"gitId":"jr-mojito"},"content":"import javafx.stage.Stage;","lastModifiedDate":"2022-02-10"},{"lineNumber":21,"author":{"gitId":"-"},"content":"/**","lastModifiedDate":"2021-10-08"},{"lineNumber":22,"author":{"gitId":"-"},"content":" * The Duke program implements an application that","lastModifiedDate":"2021-10-08"},{"lineNumber":23,"author":{"gitId":"-"},"content":" * a personal Assistant Chatbot that helps to keep track various of daily items.","lastModifiedDate":"2021-10-08"},{"lineNumber":24,"author":{"gitId":"-"},"content":" *","lastModifiedDate":"2021-10-08"},{"lineNumber":25,"author":{"gitId":"-"},"content":" * @author  jr-mojito","lastModifiedDate":"2021-10-08"},{"lineNumber":26,"author":{"gitId":"-"},"content":" * @version 1.0","lastModifiedDate":"2021-10-08"},{"lineNumber":27,"author":{"gitId":"-"},"content":" * @since   2021-08-16","lastModifiedDate":"2021-10-08"},{"lineNumber":28,"author":{"gitId":"-"},"content":" */","lastModifiedDate":"2021-10-08"},{"lineNumber":29,"author":{"gitId":"jr-mojito"},"content":"public class Duke extends Application {","lastModifiedDate":"2022-02-10"},{"lineNumber":30,"author":{"gitId":"-"},"content":"","lastModifiedDate":"2021-10-09"},{"lineNumber":31,"author":{"gitId":"-"},"content":"    private static Ui ui;","lastModifiedDate":"2021-10-09"},{"lineNumber":32,"author":{"gitId":"-"},"content":"","lastModifiedDate":"2021-10-09"},{"lineNumber":33,"author":{"gitId":"-"},"content":"    public void run(){","lastModifiedDate":"2021-10-09"},{"lineNumber":34,"author":{"gitId":"-"},"content":"        ui.showWelcome();","lastModifiedDate":"2021-10-09"},{"lineNumber":35,"author":{"gitId":"-"},"content":"    }","lastModifiedDate":"2021-10-09"},{"lineNumber":36,"author":{"gitId":"-"},"content":"","lastModifiedDate":"2021-10-09"},{"lineNumber":37,"author":{"gitId":"jr-mojito"},"content":"    @Override","lastModifiedDate":"2022-02-10"},{"lineNumber":38,"author":{"gitId":"jr-mojito"},"content":"    public void start(Stage stage) {","lastModifiedDate":"2022-02-10"},{"lineNumber":39,"author":{"gitId":"jr-mojito"},"content":"        Label helloWorld \u003d new Label(\"Hello World!\"); // Creating a new Label control","lastModifiedDate":"2022-02-10"},{"lineNumber":40,"author":{"gitId":"jr-mojito"},"content":"        Scene scene \u003d new Scene(helloWorld); // Setting the scene to be our Label","lastModifiedDate":"2022-02-10"},{"lineNumber":41,"author":{"gitId":"jr-mojito"},"content":"","lastModifiedDate":"2022-02-10"},{"lineNumber":42,"author":{"gitId":"jr-mojito"},"content":"        stage.setScene(scene); // Setting the stage to show our screen","lastModifiedDate":"2022-02-10"},{"lineNumber":43,"author":{"gitId":"jr-mojito"},"content":"        stage.show(); // Render the stage.","lastModifiedDate":"2022-02-10"},{"lineNumber":44,"author":{"gitId":"jr-mojito"},"content":"    }","lastModifiedDate":"2022-02-10"},{"lineNumber":45,"author":{"gitId":"jr-mojito"},"content":"","lastModifiedDate":"2022-02-10"},{"lineNumber":46,"author":{"gitId":"-"},"content":"    public static void main(String[] args){","lastModifiedDate":"2019-07-29"},{"lineNumber":47,"author":{"gitId":"-"},"content":"        ui \u003d new Ui();","lastModifiedDate":"2021-10-09"},{"lineNumber":48,"author":{"gitId":"-"},"content":"        new Duke().run();","lastModifiedDate":"2021-10-09"},{"lineNumber":49,"author":{"gitId":"-"},"content":"","lastModifiedDate":"2021-10-09"},{"lineNumber":50,"author":{"gitId":"-"},"content":"        Scanner fullCommand \u003d ui.readCommand();","lastModifiedDate":"2021-10-09"},{"lineNumber":51,"author":{"gitId":"-"},"content":"","lastModifiedDate":"2021-08-20"},{"lineNumber":52,"author":{"gitId":"-"},"content":"        String echo \u003d \" \";","lastModifiedDate":"2021-08-20"},{"lineNumber":53,"author":{"gitId":"-"},"content":"        ArrayList\u003cTask\u003e addedList \u003d new ArrayList\u003c\u003e();","lastModifiedDate":"2021-09-22"},{"lineNumber":54,"author":{"gitId":"-"},"content":"        Tasks tasks\u003d new Tasks(\"\");","lastModifiedDate":"2021-10-01"},{"lineNumber":55,"author":{"gitId":"-"},"content":"","lastModifiedDate":"2021-09-05"},{"lineNumber":56,"author":{"gitId":"-"},"content":"        while (!echo.equals(\"bye\")) {","lastModifiedDate":"2021-08-20"},{"lineNumber":57,"author":{"gitId":"-"},"content":"","lastModifiedDate":"2021-10-04"},{"lineNumber":58,"author":{"gitId":"-"},"content":"            echo \u003d fullCommand.nextLine();","lastModifiedDate":"2021-10-09"},{"lineNumber":59,"author":{"gitId":"-"},"content":"            String[] cli \u003d Parser.parse(echo);","lastModifiedDate":"2021-10-09"},{"lineNumber":60,"author":{"gitId":"-"},"content":"","lastModifiedDate":"2021-10-09"},{"lineNumber":61,"author":{"gitId":"-"},"content":"            String firstCommand \u003d cli[0];","lastModifiedDate":"2021-10-08"},{"lineNumber":62,"author":{"gitId":"-"},"content":"","lastModifiedDate":"2021-09-05"},{"lineNumber":63,"author":{"gitId":"-"},"content":"            switch (firstCommand){","lastModifiedDate":"2021-10-08"},{"lineNumber":64,"author":{"gitId":"-"},"content":"                case(\"list\"):","lastModifiedDate":"2021-10-01"},{"lineNumber":65,"author":{"gitId":"-"},"content":"                    tasks.getList(addedList);","lastModifiedDate":"2021-10-01"},{"lineNumber":66,"author":{"gitId":"-"},"content":"                    break;","lastModifiedDate":"2021-10-01"},{"lineNumber":67,"author":{"gitId":"-"},"content":"","lastModifiedDate":"2021-09-05"},{"lineNumber":68,"author":{"gitId":"-"},"content":"                case(\"done\"):","lastModifiedDate":"2021-10-01"},{"lineNumber":69,"author":{"gitId":"-"},"content":"                    try{","lastModifiedDate":"2021-10-04"},{"lineNumber":70,"author":{"gitId":"-"},"content":"                        if(cli[1]!\u003d\"\"){","lastModifiedDate":"2021-10-08"},{"lineNumber":71,"author":{"gitId":"-"},"content":"                            String doneIndex \u003d echo.substring(5);","lastModifiedDate":"2021-09-05"},{"lineNumber":72,"author":{"gitId":"-"},"content":"                            tasks.addDone(Integer.parseInt(doneIndex));","lastModifiedDate":"2021-10-01"},{"lineNumber":73,"author":{"gitId":"-"},"content":"                            System.out.println(\"-------------------------------\");","lastModifiedDate":"2021-09-05"},{"lineNumber":74,"author":{"gitId":"-"},"content":"                            System.out.println(\"    \"+ \"Nice! I\u0027ve marked this task as done:\");","lastModifiedDate":"2021-09-05"},{"lineNumber":75,"author":{"gitId":"-"},"content":"                            System.out.println(\"    \"+ tasks.markAsDone(Integer.parseInt(doneIndex)));","lastModifiedDate":"2021-10-01"},{"lineNumber":76,"author":{"gitId":"-"},"content":"                            System.out.println(\"-------------------------------\");","lastModifiedDate":"2021-08-26"},{"lineNumber":77,"author":{"gitId":"-"},"content":"                        }","lastModifiedDate":"2021-10-04"},{"lineNumber":78,"author":{"gitId":"-"},"content":"                    } catch (IndexOutOfBoundsException e){","lastModifiedDate":"2021-10-04"},{"lineNumber":79,"author":{"gitId":"-"},"content":"                        System.out.println(\"☹ OOPS!!! The number of a done cannot be empty.\");","lastModifiedDate":"2021-10-04"},{"lineNumber":80,"author":{"gitId":"-"},"content":"                    }","lastModifiedDate":"2021-10-04"},{"lineNumber":81,"author":{"gitId":"-"},"content":"                    break;","lastModifiedDate":"2021-10-01"},{"lineNumber":82,"author":{"gitId":"-"},"content":"","lastModifiedDate":"2021-09-22"},{"lineNumber":83,"author":{"gitId":"-"},"content":"                case(\"todo\"):","lastModifiedDate":"2021-10-01"},{"lineNumber":84,"author":{"gitId":"-"},"content":"                    try{","lastModifiedDate":"2021-10-04"},{"lineNumber":85,"author":{"gitId":"-"},"content":"                        if(cli[1]!\u003d\"\"){","lastModifiedDate":"2021-10-08"},{"lineNumber":86,"author":{"gitId":"-"},"content":"                            String todoIndex \u003d echo.substring(5);","lastModifiedDate":"2021-09-22"},{"lineNumber":87,"author":{"gitId":"-"},"content":"","lastModifiedDate":"2021-09-22"},{"lineNumber":88,"author":{"gitId":"-"},"content":"                            Todo todo \u003d new Todo(echo.substring(5));","lastModifiedDate":"2021-09-22"},{"lineNumber":89,"author":{"gitId":"-"},"content":"                            Task task \u003d new Task(false, todo.toString());","lastModifiedDate":"2021-09-22"},{"lineNumber":90,"author":{"gitId":"-"},"content":"","lastModifiedDate":"2021-09-22"},{"lineNumber":91,"author":{"gitId":"-"},"content":"                            addedList.add(task);","lastModifiedDate":"2021-09-22"},{"lineNumber":92,"author":{"gitId":"-"},"content":"","lastModifiedDate":"2021-09-22"},{"lineNumber":93,"author":{"gitId":"-"},"content":"                            System.out.println(\"-------------------------------\");","lastModifiedDate":"2021-09-22"},{"lineNumber":94,"author":{"gitId":"-"},"content":"                            System.out.println(\"    \" + \"Got it. I\u0027ve added this task:\");","lastModifiedDate":"2021-09-22"},{"lineNumber":95,"author":{"gitId":"-"},"content":"                            System.out.println(\"    \" + echo.substring(5) );","lastModifiedDate":"2021-09-22"},{"lineNumber":96,"author":{"gitId":"-"},"content":"                            System.out.println(\"-------------------------------\");","lastModifiedDate":"2021-09-22"},{"lineNumber":97,"author":{"gitId":"-"},"content":"                            System.out.println(\"    \" + \"Now you have \" + tasks.getNumOfList() + \" tasks in the list.\");","lastModifiedDate":"2021-10-01"},{"lineNumber":98,"author":{"gitId":"-"},"content":"","lastModifiedDate":"2021-10-04"},{"lineNumber":99,"author":{"gitId":"-"},"content":"                        }","lastModifiedDate":"2021-10-04"},{"lineNumber":100,"author":{"gitId":"-"},"content":"                    } catch (ArrayIndexOutOfBoundsException e){","lastModifiedDate":"2021-10-04"},{"lineNumber":101,"author":{"gitId":"-"},"content":"                        System.out.println(\"☹ OOPS!!! The description of a todo cannot be empty.\");","lastModifiedDate":"2021-10-04"},{"lineNumber":102,"author":{"gitId":"-"},"content":"                    }","lastModifiedDate":"2021-10-04"},{"lineNumber":103,"author":{"gitId":"-"},"content":"                    break;","lastModifiedDate":"2021-10-01"},{"lineNumber":104,"author":{"gitId":"-"},"content":"","lastModifiedDate":"2021-09-22"},{"lineNumber":105,"author":{"gitId":"-"},"content":"                case(\"event\"):","lastModifiedDate":"2021-10-01"},{"lineNumber":106,"author":{"gitId":"-"},"content":"                    try {","lastModifiedDate":"2021-10-04"},{"lineNumber":107,"author":{"gitId":"-"},"content":"                        if (cli[1] !\u003d \"\") {","lastModifiedDate":"2021-10-08"},{"lineNumber":108,"author":{"gitId":"-"},"content":"                            int task_stringIndex_After_taskWord \u003d 0;","lastModifiedDate":"2021-09-22"},{"lineNumber":109,"author":{"gitId":"-"},"content":"                            String task_words \u003d\"\", by_words \u003d \" \";","lastModifiedDate":"2021-09-22"},{"lineNumber":110,"author":{"gitId":"-"},"content":"","lastModifiedDate":"2021-09-22"},{"lineNumber":111,"author":{"gitId":"-"},"content":"                            task_stringIndex_After_taskWord \u003d echo.indexOf(\" \");","lastModifiedDate":"2021-09-22"},{"lineNumber":112,"author":{"gitId":"-"},"content":"                            int by_string \u003d echo.indexOf(\"/\");","lastModifiedDate":"2021-09-22"},{"lineNumber":113,"author":{"gitId":"-"},"content":"                            by_words \u003d echo.substring(by_string + 3);","lastModifiedDate":"2021-09-22"},{"lineNumber":114,"author":{"gitId":"-"},"content":"","lastModifiedDate":"2021-09-22"},{"lineNumber":115,"author":{"gitId":"-"},"content":"                            if (echo.contains(\"/\")) {","lastModifiedDate":"2021-09-22"},{"lineNumber":116,"author":{"gitId":"-"},"content":"                                by_string \u003d echo.indexOf(\"/\");","lastModifiedDate":"2021-09-22"},{"lineNumber":117,"author":{"gitId":"-"},"content":"                                task_words \u003d echo.substring(task_stringIndex_After_taskWord, by_string);","lastModifiedDate":"2021-09-22"},{"lineNumber":118,"author":{"gitId":"-"},"content":"                            }","lastModifiedDate":"2021-09-22"},{"lineNumber":119,"author":{"gitId":"-"},"content":"                            else if(echo.contains(\"bye\")){","lastModifiedDate":"2021-09-22"},{"lineNumber":120,"author":{"gitId":"-"},"content":"                            }","lastModifiedDate":"2021-08-20"},{"lineNumber":121,"author":{"gitId":"-"},"content":"                            else{","lastModifiedDate":"2021-09-22"},{"lineNumber":122,"author":{"gitId":"-"},"content":"                                task_words \u003d echo.substring(task_stringIndex_After_taskWord);","lastModifiedDate":"2021-09-22"},{"lineNumber":123,"author":{"gitId":"-"},"content":"                            }","lastModifiedDate":"2021-09-22"},{"lineNumber":124,"author":{"gitId":"-"},"content":"","lastModifiedDate":"2021-09-22"},{"lineNumber":125,"author":{"gitId":"-"},"content":"                            Event event \u003d new Event(task_words, by_words );","lastModifiedDate":"2021-09-22"},{"lineNumber":126,"author":{"gitId":"-"},"content":"                            Task task \u003d new Task(false, event.toString());","lastModifiedDate":"2021-10-04"},{"lineNumber":127,"author":{"gitId":"-"},"content":"","lastModifiedDate":"2021-09-22"},{"lineNumber":128,"author":{"gitId":"-"},"content":"                            addedList.add(task);","lastModifiedDate":"2021-09-22"},{"lineNumber":129,"author":{"gitId":"-"},"content":"","lastModifiedDate":"2021-08-20"},{"lineNumber":130,"author":{"gitId":"-"},"content":"                            System.out.println(\"-------------------------------\");","lastModifiedDate":"2021-08-20"},{"lineNumber":131,"author":{"gitId":"-"},"content":"                            System.out.println(\"    \" + \"Got it. I\u0027ve added this task:\");","lastModifiedDate":"2021-09-22"},{"lineNumber":132,"author":{"gitId":"-"},"content":"                            System.out.println(\"    \" + echo.substring(6) );","lastModifiedDate":"2021-09-22"},{"lineNumber":133,"author":{"gitId":"-"},"content":"                            System.out.println(\"-------------------------------\");","lastModifiedDate":"2021-08-20"},{"lineNumber":134,"author":{"gitId":"-"},"content":"                            System.out.println(\"    \" + \"Now you have \" + tasks.getNumOfList() + \" tasks in the list.\");","lastModifiedDate":"2021-10-01"},{"lineNumber":135,"author":{"gitId":"-"},"content":"                        }","lastModifiedDate":"2021-10-04"},{"lineNumber":136,"author":{"gitId":"-"},"content":"                    } catch (IndexOutOfBoundsException e) {","lastModifiedDate":"2021-10-04"},{"lineNumber":137,"author":{"gitId":"-"},"content":"                        System.out.println(\"☹ OOPS!!! The event description cannot be empty.\");","lastModifiedDate":"2021-10-04"},{"lineNumber":138,"author":{"gitId":"-"},"content":"                    }","lastModifiedDate":"2021-10-04"},{"lineNumber":139,"author":{"gitId":"-"},"content":"                    break;","lastModifiedDate":"2021-10-01"},{"lineNumber":140,"author":{"gitId":"-"},"content":"","lastModifiedDate":"2021-09-22"},{"lineNumber":141,"author":{"gitId":"-"},"content":"                case(\"deadline\"):","lastModifiedDate":"2021-10-01"},{"lineNumber":142,"author":{"gitId":"-"},"content":"                    try {","lastModifiedDate":"2021-10-04"},{"lineNumber":143,"author":{"gitId":"-"},"content":"                        if (cli[1] !\u003d \"\") {","lastModifiedDate":"2021-10-08"},{"lineNumber":144,"author":{"gitId":"-"},"content":"                            String task_words \u003d\"\";","lastModifiedDate":"2021-10-04"},{"lineNumber":145,"author":{"gitId":"-"},"content":"                            String by_words \u003d \" \";","lastModifiedDate":"2021-10-04"},{"lineNumber":146,"author":{"gitId":"-"},"content":"","lastModifiedDate":"2021-09-22"},{"lineNumber":147,"author":{"gitId":"-"},"content":"                            int task_stringIndex_After_taskWord \u003d echo.indexOf(\" \");","lastModifiedDate":"2021-10-04"},{"lineNumber":148,"author":{"gitId":"-"},"content":"                            int by_string \u003d echo.indexOf(\"/\");","lastModifiedDate":"2021-10-04"},{"lineNumber":149,"author":{"gitId":"-"},"content":"                            by_words \u003d echo.substring(by_string + 3);","lastModifiedDate":"2021-09-22"},{"lineNumber":150,"author":{"gitId":"-"},"content":"","lastModifiedDate":"2021-09-22"},{"lineNumber":151,"author":{"gitId":"-"},"content":"                            if (echo.contains(\"/\")) {","lastModifiedDate":"2021-09-22"},{"lineNumber":152,"author":{"gitId":"-"},"content":"                                by_string \u003d echo.indexOf(\"/\");","lastModifiedDate":"2021-09-22"},{"lineNumber":153,"author":{"gitId":"-"},"content":"                                task_words \u003d echo.substring(task_stringIndex_After_taskWord, by_string);","lastModifiedDate":"2021-09-22"},{"lineNumber":154,"author":{"gitId":"-"},"content":"                            }","lastModifiedDate":"2019-07-29"},{"lineNumber":155,"author":{"gitId":"-"},"content":"                            else if(echo.contains(\"bye\")){","lastModifiedDate":"2021-09-22"},{"lineNumber":156,"author":{"gitId":"-"},"content":"                            }","lastModifiedDate":"2021-09-22"},{"lineNumber":157,"author":{"gitId":"-"},"content":"                            else{","lastModifiedDate":"2021-09-22"},{"lineNumber":158,"author":{"gitId":"-"},"content":"                                task_words \u003d echo.substring(task_stringIndex_After_taskWord);","lastModifiedDate":"2021-09-22"},{"lineNumber":159,"author":{"gitId":"-"},"content":"                            }","lastModifiedDate":"2021-09-22"},{"lineNumber":160,"author":{"gitId":"-"},"content":"","lastModifiedDate":"2021-09-22"},{"lineNumber":161,"author":{"gitId":"-"},"content":"                            Deadline deadline \u003d new Deadline(task_words, by_words );","lastModifiedDate":"2021-09-22"},{"lineNumber":162,"author":{"gitId":"-"},"content":"                            Task task \u003d new Task(false, deadline.toString());","lastModifiedDate":"2021-10-04"},{"lineNumber":163,"author":{"gitId":"-"},"content":"","lastModifiedDate":"2021-09-22"},{"lineNumber":164,"author":{"gitId":"-"},"content":"                            addedList.add(task);","lastModifiedDate":"2021-09-22"},{"lineNumber":165,"author":{"gitId":"-"},"content":"","lastModifiedDate":"2021-09-05"},{"lineNumber":166,"author":{"gitId":"-"},"content":"                            System.out.println(\"-------------------------------\");","lastModifiedDate":"2021-09-22"},{"lineNumber":167,"author":{"gitId":"-"},"content":"                            System.out.println(\"    \" + \"Got it. I\u0027ve added this task:\");","lastModifiedDate":"2021-09-22"},{"lineNumber":168,"author":{"gitId":"-"},"content":"                            System.out.println(\"    \" + echo.substring(9) );","lastModifiedDate":"2021-09-22"},{"lineNumber":169,"author":{"gitId":"-"},"content":"                            System.out.println(\"-------------------------------\");","lastModifiedDate":"2021-09-22"},{"lineNumber":170,"author":{"gitId":"-"},"content":"                            System.out.println(\"    \" + \"Now you have \" + tasks.getNumOfList() + \" tasks in the list.\");","lastModifiedDate":"2021-10-01"},{"lineNumber":171,"author":{"gitId":"-"},"content":"                        }","lastModifiedDate":"2021-10-04"},{"lineNumber":172,"author":{"gitId":"-"},"content":"                    } catch (IndexOutOfBoundsException e) {","lastModifiedDate":"2021-10-04"},{"lineNumber":173,"author":{"gitId":"-"},"content":"                        System.out.println(\"☹ OOPS!!! The deadline description cannot be empty.\");","lastModifiedDate":"2021-10-04"},{"lineNumber":174,"author":{"gitId":"-"},"content":"                    }","lastModifiedDate":"2021-10-04"},{"lineNumber":175,"author":{"gitId":"-"},"content":"                    break;","lastModifiedDate":"2021-10-01"},{"lineNumber":176,"author":{"gitId":"-"},"content":"","lastModifiedDate":"2021-09-22"},{"lineNumber":177,"author":{"gitId":"-"},"content":"                case(\"delete\"):","lastModifiedDate":"2021-10-08"},{"lineNumber":178,"author":{"gitId":"-"},"content":"                    tasks.removeTaskList(Integer.valueOf(cli[1]));","lastModifiedDate":"2021-10-08"},{"lineNumber":179,"author":{"gitId":"-"},"content":"                    break;","lastModifiedDate":"2021-10-08"},{"lineNumber":180,"author":{"gitId":"-"},"content":"","lastModifiedDate":"2021-10-08"},{"lineNumber":181,"author":{"gitId":"-"},"content":"                case (\"save\"):","lastModifiedDate":"2021-10-08"},{"lineNumber":182,"author":{"gitId":"-"},"content":"                    try {","lastModifiedDate":"2021-10-08"},{"lineNumber":183,"author":{"gitId":"-"},"content":"                        FileWriter fw \u003d new FileWriter(\"./dukesave.txt\");","lastModifiedDate":"2021-10-10"},{"lineNumber":184,"author":{"gitId":"-"},"content":"                        File f \u003d new File(\"dukesave.txt\");","lastModifiedDate":"2021-10-08"},{"lineNumber":185,"author":{"gitId":"-"},"content":"","lastModifiedDate":"2021-10-08"},{"lineNumber":186,"author":{"gitId":"-"},"content":"                        int index1 \u003d 0;","lastModifiedDate":"2021-10-08"},{"lineNumber":187,"author":{"gitId":"-"},"content":"                        System.out.println(\"-------------------------------\");","lastModifiedDate":"2021-10-08"},{"lineNumber":188,"author":{"gitId":"-"},"content":"                        Iterator itr \u003d addedList.iterator();","lastModifiedDate":"2021-10-08"},{"lineNumber":189,"author":{"gitId":"-"},"content":"                        while (itr.hasNext()){","lastModifiedDate":"2021-10-08"},{"lineNumber":190,"author":{"gitId":"-"},"content":"                            Task t \u003d (Task)itr.next();","lastModifiedDate":"2021-10-08"},{"lineNumber":191,"author":{"gitId":"-"},"content":"                            fw.write(\"  \" + ++index1 +\"[\" + (t.status ?\"\\u2713\": \"\\u2718\") +\"]\" + t.desc + System.lineSeparator());","lastModifiedDate":"2021-10-08"},{"lineNumber":192,"author":{"gitId":"-"},"content":"                        }","lastModifiedDate":"2021-10-08"},{"lineNumber":193,"author":{"gitId":"-"},"content":"","lastModifiedDate":"2021-10-08"},{"lineNumber":194,"author":{"gitId":"-"},"content":"                        System.out.println(\"File save successfully to dukesave.txt\");","lastModifiedDate":"2021-10-08"},{"lineNumber":195,"author":{"gitId":"-"},"content":"                        System.out.println(\"-------------------------------\");","lastModifiedDate":"2021-10-08"},{"lineNumber":196,"author":{"gitId":"-"},"content":"                        fw.close();","lastModifiedDate":"2021-10-08"},{"lineNumber":197,"author":{"gitId":"-"},"content":"                    } catch (FileNotFoundException e) {","lastModifiedDate":"2021-10-08"},{"lineNumber":198,"author":{"gitId":"-"},"content":"                        System.out.println(\"File not found\");","lastModifiedDate":"2021-10-08"},{"lineNumber":199,"author":{"gitId":"-"},"content":"                    } catch (IOException e) {","lastModifiedDate":"2021-10-08"},{"lineNumber":200,"author":{"gitId":"-"},"content":"                        System.out.println(\"Something went wrong\" + e.getMessage());","lastModifiedDate":"2021-10-08"},{"lineNumber":201,"author":{"gitId":"-"},"content":"                    }","lastModifiedDate":"2021-10-08"},{"lineNumber":202,"author":{"gitId":"-"},"content":"                    break;","lastModifiedDate":"2021-10-08"},{"lineNumber":203,"author":{"gitId":"-"},"content":"","lastModifiedDate":"2021-10-08"},{"lineNumber":204,"author":{"gitId":"-"},"content":"                case (\"find\"):","lastModifiedDate":"2021-10-10"},{"lineNumber":205,"author":{"gitId":"-"},"content":"","lastModifiedDate":"2021-10-10"},{"lineNumber":206,"author":{"gitId":"-"},"content":"                    if(cli[1]!\u003d\"\") {","lastModifiedDate":"2021-10-10"},{"lineNumber":207,"author":{"gitId":"-"},"content":"                        String searchWord \u003d echo.substring(5);","lastModifiedDate":"2021-10-10"},{"lineNumber":208,"author":{"gitId":"-"},"content":"                        int count_todo_find \u003d tasks.getNumOfList();","lastModifiedDate":"2021-10-10"},{"lineNumber":209,"author":{"gitId":"-"},"content":"                        System.out.println(Ui.seperatorLine2);","lastModifiedDate":"2021-10-10"},{"lineNumber":210,"author":{"gitId":"-"},"content":"                        System.out.println(\"Here are the matching task in your list\");","lastModifiedDate":"2021-10-10"},{"lineNumber":211,"author":{"gitId":"-"},"content":"","lastModifiedDate":"2021-10-10"},{"lineNumber":212,"author":{"gitId":"-"},"content":"                        int listPrintFind \u003d 0;","lastModifiedDate":"2021-10-10"},{"lineNumber":213,"author":{"gitId":"-"},"content":"                        int index1 \u003d 0;","lastModifiedDate":"2021-10-10"},{"lineNumber":214,"author":{"gitId":"-"},"content":"","lastModifiedDate":"2021-10-10"},{"lineNumber":215,"author":{"gitId":"-"},"content":"                        for (int i \u003d 0; i\u003caddedList.toArray().length; i++) {","lastModifiedDate":"2021-10-10"},{"lineNumber":216,"author":{"gitId":"-"},"content":"                            ++index1;","lastModifiedDate":"2021-10-10"},{"lineNumber":217,"author":{"gitId":"-"},"content":"                            if(addedList.get(i).desc.toString().contains(searchWord.trim())){","lastModifiedDate":"2021-10-10"},{"lineNumber":218,"author":{"gitId":"-"},"content":"                                System.out.println(\"        \" + index1 + \". \" + \"[\" + addedList.get(i).status+ \"]\" + addedList.get(i).desc);","lastModifiedDate":"2021-10-10"},{"lineNumber":219,"author":{"gitId":"-"},"content":"                                listPrintFind++;","lastModifiedDate":"2021-10-10"},{"lineNumber":220,"author":{"gitId":"-"},"content":"                            }","lastModifiedDate":"2021-10-10"},{"lineNumber":221,"author":{"gitId":"-"},"content":"                        }","lastModifiedDate":"2021-10-10"},{"lineNumber":222,"author":{"gitId":"-"},"content":"","lastModifiedDate":"2021-10-10"},{"lineNumber":223,"author":{"gitId":"-"},"content":"                        if(listPrintFind \u003d\u003d 0){","lastModifiedDate":"2021-10-10"},{"lineNumber":224,"author":{"gitId":"-"},"content":"                            System.out.println(\"Not matching found on the list\");","lastModifiedDate":"2021-10-10"},{"lineNumber":225,"author":{"gitId":"-"},"content":"                        }","lastModifiedDate":"2021-10-10"},{"lineNumber":226,"author":{"gitId":"-"},"content":"","lastModifiedDate":"2021-10-10"},{"lineNumber":227,"author":{"gitId":"-"},"content":"                        System.out.println(Ui.seperatorLine2);","lastModifiedDate":"2021-10-10"},{"lineNumber":228,"author":{"gitId":"-"},"content":"","lastModifiedDate":"2021-10-10"},{"lineNumber":229,"author":{"gitId":"-"},"content":"                        break;","lastModifiedDate":"2021-10-10"},{"lineNumber":230,"author":{"gitId":"-"},"content":"                    }","lastModifiedDate":"2021-10-10"},{"lineNumber":231,"author":{"gitId":"-"},"content":"                    default:","lastModifiedDate":"2021-10-01"},{"lineNumber":232,"author":{"gitId":"-"},"content":"            }","lastModifiedDate":"2021-10-01"},{"lineNumber":233,"author":{"gitId":"-"},"content":"        }","lastModifiedDate":"2021-09-22"},{"lineNumber":234,"author":{"gitId":"-"},"content":"","lastModifiedDate":"2021-09-22"},{"lineNumber":235,"author":{"gitId":"-"},"content":"        System.out.println(\"-------------------------------\");","lastModifiedDate":"2021-09-22"},{"lineNumber":236,"author":{"gitId":"-"},"content":"        System.out.println(\"Bye. Hope to see you again soon!\");","lastModifiedDate":"2021-09-22"},{"lineNumber":237,"author":{"gitId":"-"},"content":"        System.out.println(\"-------------------------------\");","lastModifiedDate":"2021-09-22"},{"lineNumber":238,"author":{"gitId":"-"},"content":"    }","lastModifiedDate":"2021-09-22"},{"lineNumber":239,"author":{"gitId":"-"},"content":"}","lastModifiedDate":"2019-07-29"}],"authorContributionMap":{"jr-mojito":14,"-":225}},{"path":"src/main/java/Launcher.java","fileType":"java","lines":[{"lineNumber":1,"author":{"gitId":"jr-mojito"},"content":"import javafx.application.Application;","lastModifiedDate":"2022-02-10"},{"lineNumber":2,"author":{"gitId":"jr-mojito"},"content":"","lastModifiedDate":"2022-02-10"},{"lineNumber":3,"author":{"gitId":"jr-mojito"},"content":"/**","lastModifiedDate":"2022-02-10"},{"lineNumber":4,"author":{"gitId":"jr-mojito"},"content":" * A launcher class to workaround classpath issues.","lastModifiedDate":"2022-02-10"},{"lineNumber":5,"author":{"gitId":"jr-mojito"},"content":" */","lastModifiedDate":"2022-02-10"},{"lineNumber":6,"author":{"gitId":"jr-mojito"},"content":"public class Launcher {","lastModifiedDate":"2022-02-10"},{"lineNumber":7,"author":{"gitId":"jr-mojito"},"content":"    public static void main(String[] args) {","lastModifiedDate":"2022-02-10"},{"lineNumber":8,"author":{"gitId":"jr-mojito"},"content":"        Application.launch(Duke.class, args);","lastModifiedDate":"2022-02-10"},{"lineNumber":9,"author":{"gitId":"jr-mojito"},"content":"    }","lastModifiedDate":"2022-02-10"},{"lineNumber":10,"author":{"gitId":"jr-mojito"},"content":"}","lastModifiedDate":"2022-02-10"}],"authorContributionMap":{"jr-mojito":10}}]
