{"authorDailyContributionsMap":{"jr-mojito":[{"date":"2022-01-21","commitResults":[{"hash":"7fcd192485901e236fc330e0c71bbd62d7326061","messageTitle":"Add Intro","messageBody":"","fileTypesAndContributionMap":{"md":{"insertions":0,"deletions":0}}}]},{"date":"2022-02-10","commitResults":[{"hash":"27e813fa10f689c73a6037750a3582d2538c463d","messageTitle":"Setup JavaFX","messageBody":"","fileTypesAndContributionMap":{"gradle":{"insertions":15,"deletions":0},"java":{"insertions":24,"deletions":2}}}]}]},"authorFileTypeContributionMap":{"jr-mojito":{"java":24,"md":0,"fxml":0,"sh":0,"bat":0,"gradle":15,"txt":0}},"authorContributionVariance":{"jr-mojito":50.88965},"authorDisplayNameMap":{"jr-mojito":"TIC4002-F18-3 LIM ..YONG"}}
