{"authorDailyContributionsMap":{"jr-mojito":[{"date":"2022-01-21","commitResults":[{"hash":"7fcd192485901e236fc330e0c71bbd62d7326061","messageTitle":"Add Intro","messageBody":"","fileTypesAndContributionMap":{"md":{"insertions":0,"deletions":0}}}]},{"date":"2022-02-10","commitResults":[{"hash":"27e813fa10f689c73a6037750a3582d2538c463d","messageTitle":"Setup JavaFX","messageBody":"","fileTypesAndContributionMap":{"gradle":{"insertions":15,"deletions":0},"java":{"insertions":24,"deletions":2}}}]},{"date":"2022-02-17","commitResults":[{"hash":"3a54092b6244bda0936f5b8906dd97f574fbabed","messageTitle":"Create JavaFX","messageBody":"","fileTypesAndContributionMap":{"java":{"insertions":185,"deletions":4}}},{"hash":"8daeae446dc7e52958980c7525980707a69b6c5b","messageTitle":"Update Admin Task","messageBody":"","fileTypesAndContributionMap":{"md":{"insertions":350,"deletions":0}}}]},{"date":"2022-02-19","commitResults":[{"hash":"9cee3c5a0ea507ee47a536eb7b93ff862d330ceb","messageTitle":"Add a GUI","messageBody":"","tags":["Level-10"],"fileTypesAndContributionMap":{"fxml":{"insertions":35,"deletions":0},"java":{"insertions":153,"deletions":8}}}]},{"date":"2022-02-20","commitResults":[{"hash":"2a626b75d8af828410b2a9ccd850ff886a8281cb","messageTitle":"Modify JavaFX \u0026 Remove FXML","messageBody":"","fileTypesAndContributionMap":{"java":{"insertions":264,"deletions":153}}},{"hash":"91900abd22ac3d9a3ac7405a7dad0acca2060cdd","messageTitle":"Add all Duke Command and Exception to GUI","messageBody":"","fileTypesAndContributionMap":{"java":{"insertions":315,"deletions":69}}},{"hash":"703d92abb67347cab71e9e3c566fc0308fb2926c","messageTitle":"Resolve conflict","messageBody":"","fileTypesAndContributionMap":{"java":{"insertions":1,"deletions":98}}},{"hash":"5c1f2754f2c9d182053ef1015727122e9076779f","messageTitle":"Modify JavaDoc","messageBody":"","fileTypesAndContributionMap":{"java":{"insertions":1,"deletions":31}}},{"hash":"8e9f55f9e3137758d56a630db35f0fad1856a24f","messageTitle":"Modify JavaDoc","messageBody":"","fileTypesAndContributionMap":{"java":{"insertions":25,"deletions":54}}},{"hash":"a3d185616891328f4815398000061c2b5e04ca43","messageTitle":"Add feature C-BetterSearch","messageBody":"","tags":["BCD-Extension"],"fileTypesAndContributionMap":{"java":{"insertions":46,"deletions":0}}},{"hash":"263beeb0679d6010d9d2e36edf6442cacb9ab9db","messageTitle":"Modify and Improve Code Quality","messageBody":"","tags":["A-HigherCodingQuality"],"fileTypesAndContributionMap":{"java":{"insertions":14,"deletions":19}}},{"hash":"cfe8c0025e81e33e141292c2ba6a61c4b9c95c81","messageTitle":"Improve Variable Naming","messageBody":"","fileTypesAndContributionMap":{"java":{"insertions":15,"deletions":14}}},{"hash":"5b500925653e55e625830d1ae758b33a2d7767ca","messageTitle":"Solved Command List bugs","messageBody":"","fileTypesAndContributionMap":{"java":{"insertions":53,"deletions":36}}},{"hash":"12e970c5474dfa7af76893e0c172b52d744451ed","messageTitle":"Update README, UG \u0026 DG Documentation","messageBody":"","fileTypesAndContributionMap":{"md":{"insertions":132,"deletions":353}}},{"hash":"64240d8c4316a29c240a8f38a2324ea83c5ee6e5","messageTitle":"Update Documentation","messageBody":"","fileTypesAndContributionMap":{"gradle":{"insertions":8,"deletions":4},"md":{"insertions":4,"deletions":6}}},{"hash":"2736a0c71ad4a597b2d6555e553fb0e563439c6d","messageTitle":"Update Documentation","messageBody":"","fileTypesAndContributionMap":{"java":{"insertions":0,"deletions":61}}},{"hash":"e5bbe936c81e280e50e7a6aa76494e4b2317021f","messageTitle":"Update Documentation","messageBody":"","fileTypesAndContributionMap":{"md":{"insertions":3,"deletions":14}}},{"hash":"fc8b67ed547031b87842acc38a0e594fc0841e78","messageTitle":"Update gradle file","messageBody":"","fileTypesAndContributionMap":{"gradle":{"insertions":1,"deletions":1}}},{"hash":"fd3264edc9d5506758424be36dcf177a0f33c016","messageTitle":"Remove text output","messageBody":"","fileTypesAndContributionMap":{"java":{"insertions":0,"deletions":2}}},{"hash":"d02b2fef31c3f0e6e761e48d08daab1a885aa5d3","messageTitle":"Update Documentation","messageBody":"","fileTypesAndContributionMap":{"md":{"insertions":3,"deletions":14}}},{"hash":"80b2c36b93adb60b66768648f7e983de30ea9091","messageTitle":"Update Documentation","messageBody":"","fileTypesAndContributionMap":{"md":{"insertions":4,"deletions":4}}}]}]},"authorFileTypeContributionMap":{"jr-mojito":{"java":586,"md":195,"fxml":35,"sh":0,"bat":0,"gradle":23,"txt":0}},"authorContributionVariance":{"jr-mojito":83085.64},"authorDisplayNameMap":{"jr-mojito":"TIC4002-F18-3 LIM ..YONG"}}
