{"authorDailyContributionsMap":{"jr-mojito":[{"date":"2022-01-21","commitResults":[{"hash":"7fcd192485901e236fc330e0c71bbd62d7326061","messageTitle":"Add Intro","messageBody":"","fileTypesAndContributionMap":{"md":{"insertions":0,"deletions":0}}}]},{"date":"2022-02-10","commitResults":[{"hash":"27e813fa10f689c73a6037750a3582d2538c463d","messageTitle":"Setup JavaFX","messageBody":"","fileTypesAndContributionMap":{"gradle":{"insertions":15,"deletions":0},"java":{"insertions":24,"deletions":2}}}]},{"date":"2022-02-17","commitResults":[{"hash":"3a54092b6244bda0936f5b8906dd97f574fbabed","messageTitle":"Create JavaFX","messageBody":"","fileTypesAndContributionMap":{"java":{"insertions":185,"deletions":4}}},{"hash":"8daeae446dc7e52958980c7525980707a69b6c5b","messageTitle":"Update Admin Task","messageBody":"","fileTypesAndContributionMap":{"md":{"insertions":350,"deletions":0}}}]}]},"authorFileTypeContributionMap":{"jr-mojito":{"java":204,"md":350,"fxml":0,"sh":0,"bat":0,"gradle":15,"txt":0}},"authorContributionVariance":{"jr-mojito":7271.189},"authorDisplayNameMap":{"jr-mojito":"TIC4002-F18-3 LIM ..YONG"}}
