{"authorDailyContributionsMap":{"Ruiting1":[{"date":"2022-01-21","commitResults":[{"hash":"deb51a10c741fd637a70adb9e2d8cf38429eae5b","messageTitle":"add Gradle, reconfigure the source root","messageBody":"","fileTypesAndContributionMap":{"java":{"insertions":69,"deletions":69}}},{"hash":"227464e86b6c1cd8e74043894b48a369e7d0b37f","messageTitle":"remove seedu from mainClassName in build.gradle to make sure can run","messageBody":"","tags":["A-Gradle"],"fileTypesAndContributionMap":{"gradle":{"insertions":1,"deletions":1}}}]},{"date":"2022-01-22","commitResults":[{"hash":"2fc594a3db2b9336c56e457371d4cee7b8cc3724","messageTitle":"fix checkstyle","messageBody":"","tags":["A-StricterCodingStandard","A-CheckStyle"],"fileTypesAndContributionMap":{"java":{"insertions":385,"deletions":323}}}]},{"date":"2022-01-27","commitResults":[{"hash":"d6da2605f0d6572b3fa8cbbdf41bc012a13a7134","messageTitle":"build.gradle add javaFX dependency","messageBody":"","fileTypesAndContributionMap":{"gradle":{"insertions":15,"deletions":0}}}]},{"date":"2022-02-08","commitResults":[{"hash":"e9411e2dc14c540ed4b43d182679829875dfabdf","messageTitle":"javaFX first running version","messageBody":"","fileTypesAndContributionMap":{"fxml":{"insertions":55,"deletions":0},"java":{"insertions":448,"deletions":53}}},{"hash":"3fa0043efe7f18c084262a41f75189b6948543bb","messageTitle":"remove some self test file","messageBody":"","fileTypesAndContributionMap":{"fxml":{"insertions":0,"deletions":10},"java":{"insertions":8,"deletions":115}}}]},{"date":"2022-02-10","commitResults":[{"hash":"b167a23cb8007852fad843e62459237bf02b8382","messageTitle":"add some ui style","messageBody":"","fileTypesAndContributionMap":{"fxml":{"insertions":20,"deletions":5},"java":{"insertions":24,"deletions":7}}},{"hash":"1c0a6c16bfffc45abe87d541a716199e9d2be819","messageTitle":"fix checkstyle","messageBody":"","tags":["Level-10"],"fileTypesAndContributionMap":{"java":{"insertions":17,"deletions":39}}},{"hash":"94ffef0e6a3dfa2ce28c5f06a2f9aeccc27e5938","messageTitle":"modify the mainclassname in build.gradle","messageBody":"","tags":["A-Release-V3"],"fileTypesAndContributionMap":{"gradle":{"insertions":1,"deletions":1}}}]}]},"authorFileTypeContributionMap":{"Ruiting1":{"java":588,"md":0,"fxml":60,"sh":0,"bat":0,"gradle":16,"txt":0}},"authorContributionVariance":{"Ruiting1":28814.682},"authorDisplayNameMap":{"Ruiting1":"TIC4002-F18-6 NIE ..TING"}}
