{"authorDailyContributionsMap":{"Ruiting1":[{"date":"2022-01-21","commitResults":[{"hash":"deb51a10c741fd637a70adb9e2d8cf38429eae5b","messageTitle":"add Gradle, reconfigure the source root","messageBody":"","fileTypesAndContributionMap":{"java":{"insertions":69,"deletions":69}}},{"hash":"227464e86b6c1cd8e74043894b48a369e7d0b37f","messageTitle":"remove seedu from mainClassName in build.gradle to make sure can run","messageBody":"","tags":["A-Gradle"],"fileTypesAndContributionMap":{"gradle":{"insertions":1,"deletions":1}}}]}]},"authorFileTypeContributionMap":{"Ruiting1":{"java":67,"md":0,"fxml":0,"sh":0,"bat":0,"gradle":1,"txt":0}},"authorContributionVariance":{"Ruiting1":1497.2222},"authorDisplayNameMap":{"Ruiting1":"TIC4002-F18-6 NIE ..TING"}}
