{"authorDailyContributionsMap":{"Ruiting1":[{"date":"2022-01-21","commitResults":[{"hash":"deb51a10c741fd637a70adb9e2d8cf38429eae5b","messageTitle":"add Gradle, reconfigure the source root","messageBody":"","fileTypesAndContributionMap":{"java":{"insertions":69,"deletions":69}}},{"hash":"227464e86b6c1cd8e74043894b48a369e7d0b37f","messageTitle":"remove seedu from mainClassName in build.gradle to make sure can run","messageBody":"","tags":["A-Gradle"],"fileTypesAndContributionMap":{"gradle":{"insertions":1,"deletions":1}}}]},{"date":"2022-01-22","commitResults":[{"hash":"2fc594a3db2b9336c56e457371d4cee7b8cc3724","messageTitle":"fix checkstyle","messageBody":"","tags":["A-StricterCodingStandard","A-CheckStyle"],"fileTypesAndContributionMap":{"java":{"insertions":385,"deletions":323}}}]},{"date":"2022-01-27","commitResults":[{"hash":"d6da2605f0d6572b3fa8cbbdf41bc012a13a7134","messageTitle":"build.gradle add javaFX dependency","messageBody":"","fileTypesAndContributionMap":{"gradle":{"insertions":15,"deletions":0}}}]}]},"authorFileTypeContributionMap":{"Ruiting1":{"java":252,"md":0,"fxml":0,"sh":0,"bat":0,"gradle":16,"txt":0}},"authorContributionVariance":{"Ruiting1":26650.715},"authorDisplayNameMap":{"Ruiting1":"TIC4002-F18-6 NIE ..TING"}}
