{"authorDailyContributionsMap":{"Ruiting1":[{"date":"2022-01-21","commitResults":[{"hash":"deb51a10c741fd637a70adb9e2d8cf38429eae5b","messageTitle":"add Gradle, reconfigure the source root","messageBody":"","fileTypesAndContributionMap":{"java":{"insertions":69,"deletions":69}}},{"hash":"227464e86b6c1cd8e74043894b48a369e7d0b37f","messageTitle":"remove seedu from mainClassName in build.gradle to make sure can run","messageBody":"","tags":["A-Gradle"],"fileTypesAndContributionMap":{"gradle":{"insertions":1,"deletions":1}}}]},{"date":"2022-01-22","commitResults":[{"hash":"2fc594a3db2b9336c56e457371d4cee7b8cc3724","messageTitle":"fix checkstyle","messageBody":"","tags":["A-StricterCodingStandard","A-CheckStyle"],"fileTypesAndContributionMap":{"java":{"insertions":385,"deletions":323}}}]},{"date":"2022-01-27","commitResults":[{"hash":"d6da2605f0d6572b3fa8cbbdf41bc012a13a7134","messageTitle":"build.gradle add javaFX dependency","messageBody":"","fileTypesAndContributionMap":{"gradle":{"insertions":15,"deletions":0}}}]},{"date":"2022-02-08","commitResults":[{"hash":"e9411e2dc14c540ed4b43d182679829875dfabdf","messageTitle":"javaFX first running version","messageBody":"","fileTypesAndContributionMap":{"fxml":{"insertions":55,"deletions":0},"java":{"insertions":448,"deletions":53}}},{"hash":"3fa0043efe7f18c084262a41f75189b6948543bb","messageTitle":"remove some self test file","messageBody":"","fileTypesAndContributionMap":{"fxml":{"insertions":0,"deletions":10},"java":{"insertions":8,"deletions":115}}}]},{"date":"2022-02-10","commitResults":[{"hash":"b167a23cb8007852fad843e62459237bf02b8382","messageTitle":"add some ui style","messageBody":"","fileTypesAndContributionMap":{"fxml":{"insertions":20,"deletions":5},"java":{"insertions":24,"deletions":7}}},{"hash":"1c0a6c16bfffc45abe87d541a716199e9d2be819","messageTitle":"fix checkstyle","messageBody":"","tags":["Level-10"],"fileTypesAndContributionMap":{"java":{"insertions":17,"deletions":39}}},{"hash":"94ffef0e6a3dfa2ce28c5f06a2f9aeccc27e5938","messageTitle":"modify the mainclassname in build.gradle","messageBody":"","tags":["A-Release-V3"],"fileTypesAndContributionMap":{"gradle":{"insertions":1,"deletions":1}}}]},{"date":"2022-02-18","commitResults":[{"hash":"08e0c1c1d4eb6328bd7975fd918a900e2f5cce22","messageTitle":"start to implement update command","messageBody":"","fileTypesAndContributionMap":{"java":{"insertions":65,"deletions":12}}},{"hash":"bb9b4a1f6bbb5ec264c0a3fc41f1e39a453bdfc0","messageTitle":"fix checkstyle","messageBody":"","fileTypesAndContributionMap":{"java":{"insertions":28,"deletions":13}}}]},{"date":"2022-02-20","commitResults":[{"hash":"304669b68b533d5b7d03955fb9afcf111bc65902","messageTitle":"for extension, C-sort implement last semester already, and this time implement C-Update extension","messageBody":"","tags":["BCD-Extension"],"fileTypesAndContributionMap":{"txt":{"insertions":1,"deletions":1},"java":{"insertions":43,"deletions":4}}},{"hash":"1011b42f3d432720c255b0b31c12e3f1a151ee2f","messageTitle":"fix checkstyle","messageBody":"","fileTypesAndContributionMap":{"java":{"insertions":13,"deletions":6}}},{"hash":"2e89bd4420a129d019cdbb1dba47e77df3c8ebb3","messageTitle":"refactor: make code more obvious, Use explicit type conversion","messageBody":"","tags":["A-HigherCodingQuality"],"fileTypesAndContributionMap":{"txt":{"insertions":1,"deletions":1},"java":{"insertions":2,"deletions":2}}},{"hash":"d967d560c9a59c7bbfe773c1cc77dd03d8841dc7","messageTitle":"update UserGuide","messageBody":"","fileTypesAndContributionMap":{"txt":{"insertions":1,"deletions":1},"md":{"insertions":339,"deletions":297}}}]}]},"authorFileTypeContributionMap":{"Ruiting1":{"java":696,"md":339,"fxml":60,"sh":0,"bat":0,"gradle":16,"txt":1}},"authorContributionVariance":{"Ruiting1":32889.05},"authorDisplayNameMap":{"Ruiting1":"TIC4002-F18-6 NIE ..TING"}}
