{"authorDailyContributionsMap":{"e0373972":[{"date":"2022-01-17","commitResults":[{"hash":"4684054da4003f620a30babb41eba1bf2756be30","messageTitle":"Use Gradle","messageBody":"","tags":["A-Gradle"],"fileTypesAndContributionMap":{"gradle":{"insertions":47,"deletions":0},"bat":{"insertions":89,"deletions":0}}},{"hash":"973372228973f3e123309ab6cf5a2840aa64c6d3","messageTitle":"Use CheckStyle","messageBody":"","tags":["A-CheckStyle"],"fileTypesAndContributionMap":{"java":{"insertions":168,"deletions":151}}}]}]},"authorFileTypeContributionMap":{"e0373972":{"java":27,"md":0,"fxml":0,"sh":0,"bat":89,"gradle":47,"txt":0}},"authorContributionVariance":{"e0373972":22643.36},"authorDisplayNameMap":{"e0373972":"TIC4002-F18-1 WANG..NWEI"}}
