{"authorDailyContributionsMap":{"e0373972":[{"date":"2022-01-17","commitResults":[{"hash":"4684054da4003f620a30babb41eba1bf2756be30","messageTitle":"Use Gradle","messageBody":"","tags":["A-Gradle"],"fileTypesAndContributionMap":{"gradle":{"insertions":47,"deletions":0},"bat":{"insertions":89,"deletions":0}}},{"hash":"973372228973f3e123309ab6cf5a2840aa64c6d3","messageTitle":"Use CheckStyle","messageBody":"","tags":["A-CheckStyle"],"fileTypesAndContributionMap":{"java":{"insertions":168,"deletions":151}}}]},{"date":"2022-01-20","commitResults":[{"hash":"89d108e31b321271ba8b1a76d7884321d93907a0","messageTitle":"Update ordering of import statements","messageBody":"","tags":["CodingStandard"],"fileTypesAndContributionMap":{"java":{"insertions":6,"deletions":6}}}]},{"date":"2022-01-23","commitResults":[{"hash":"a8c43c752728589b9b3fafdc6e698070fdf5a93b","messageTitle":"Update Javadoc comments","messageBody":"","fileTypesAndContributionMap":{"java":{"insertions":69,"deletions":68}}}]},{"date":"2022-01-24","commitResults":[{"hash":"1e108d5193037b39ba1e355f8358c0d6f92c584d","messageTitle":"Add JUnit tests","messageBody":"","fileTypesAndContributionMap":{"java":{"insertions":396,"deletions":0}}}]},{"date":"2022-01-28","commitResults":[{"hash":"d764ec01e79c28a11e5ecd7be3f9e041da055fe1","messageTitle":"Add a GUI","messageBody":"","tags":["Level-10"],"fileTypesAndContributionMap":{"gradle":{"insertions":21,"deletions":1},"txt":{"insertions":6,"deletions":0},"fxml":{"insertions":41,"deletions":0},"java":{"insertions":201,"deletions":0}}},{"hash":"19316d9c2ed3f01c724dcc7216beb668214c6b1e","messageTitle":"update GUI","messageBody":"","fileTypesAndContributionMap":{"java":{"insertions":2,"deletions":7}}}]},{"date":"2022-01-29","commitResults":[{"hash":"e8df33123d59aef91cd1c786f78b3ae2b70e1143","messageTitle":"update Launcher","messageBody":"","fileTypesAndContributionMap":{"java":{"insertions":2,"deletions":7}}}]},{"date":"2022-02-04","commitResults":[{"hash":"01fb8790d5f8183cabf9d5a60449a953835689c9","messageTitle":"update exception","messageBody":"","fileTypesAndContributionMap":{"txt":{"insertions":5,"deletions":0},"java":{"insertions":23,"deletions":26}}}]},{"date":"2022-02-06","commitResults":[{"hash":"4138ecdf16a65bae171939b5322e6349d8ef1c17","messageTitle":"Improve the GUI","messageBody":"","tags":["A-BetterGui"],"fileTypesAndContributionMap":{"txt":{"insertions":2,"deletions":1},"java":{"insertions":12,"deletions":1}}}]},{"date":"2022-02-07","commitResults":[{"hash":"4914bb90398a72b547aea5d57002cd91b6b8874e","messageTitle":"Add an extension","messageBody":"","tags":["BCD-Extension","B-ViewSchedules"],"fileTypesAndContributionMap":{"java":{"insertions":58,"deletions":0}}},{"hash":"ca5726d457b7aae5501e2e817c84272b41d94d59","messageTitle":"Update view schedules command","messageBody":"","fileTypesAndContributionMap":{"txt":{"insertions":1,"deletions":0},"java":{"insertions":2,"deletions":3}}}]}]},"authorFileTypeContributionMap":{"e0373972":{"java":771,"md":0,"fxml":41,"sh":0,"bat":89,"gradle":67,"txt":13}},"authorContributionVariance":{"e0373972":13731.616},"authorDisplayNameMap":{"e0373972":"TIC4002-F18-1 WANG..NWEI"}}
