[{"path":"build.gradle","fileType":"gradle","lines":[{"lineNumber":1,"author":{"gitId":"yaololo"},"content":"plugins {","lastModifiedDate":"2022-03-05"},{"lineNumber":2,"author":{"gitId":"yaololo"},"content":"    id \u0027java\u0027","lastModifiedDate":"2022-03-05"},{"lineNumber":3,"author":{"gitId":"yaololo"},"content":"    id \u0027checkstyle\u0027","lastModifiedDate":"2022-03-05"},{"lineNumber":4,"author":{"gitId":"yaololo"},"content":"//    id \u0027com.github.johnrengelman.shadow\u0027 version \u00274.0.4\u0027","lastModifiedDate":"2022-03-05"},{"lineNumber":5,"author":{"gitId":"yaololo"},"content":"//    id \u0027application\u0027","lastModifiedDate":"2022-03-05"},{"lineNumber":6,"author":{"gitId":"yaololo"},"content":"//    id \u0027jacoco\u0027","lastModifiedDate":"2022-03-05"},{"lineNumber":7,"author":{"gitId":"yaololo"},"content":"}","lastModifiedDate":"2022-03-05"},{"lineNumber":8,"author":{"gitId":"yaololo"},"content":"","lastModifiedDate":"2022-03-05"},{"lineNumber":9,"author":{"gitId":"yaololo"},"content":"//mainClassName \u003d \u0027seedu.address.Main\u0027","lastModifiedDate":"2022-03-05"},{"lineNumber":10,"author":{"gitId":"yaololo"},"content":"","lastModifiedDate":"2022-03-05"},{"lineNumber":11,"author":{"gitId":"yaololo"},"content":"//repositories {","lastModifiedDate":"2022-03-05"},{"lineNumber":12,"author":{"gitId":"yaololo"},"content":"//    mavenCentral()","lastModifiedDate":"2022-03-05"},{"lineNumber":13,"author":{"gitId":"yaololo"},"content":"//    maven { url \u0027https://oss.sonatype.org/content/repositories/snapshots/\u0027 }","lastModifiedDate":"2022-03-05"},{"lineNumber":14,"author":{"gitId":"yaololo"},"content":"//}","lastModifiedDate":"2022-03-05"},{"lineNumber":15,"author":{"gitId":"yaololo"},"content":"//","lastModifiedDate":"2022-03-05"},{"lineNumber":16,"author":{"gitId":"yaololo"},"content":"//checkstyle {","lastModifiedDate":"2022-03-05"},{"lineNumber":17,"author":{"gitId":"yaololo"},"content":"//    toolVersion \u003d \u00278.29\u0027","lastModifiedDate":"2022-03-05"},{"lineNumber":18,"author":{"gitId":"yaololo"},"content":"//}","lastModifiedDate":"2022-03-05"},{"lineNumber":19,"author":{"gitId":"yaololo"},"content":"//","lastModifiedDate":"2022-03-05"},{"lineNumber":20,"author":{"gitId":"yaololo"},"content":"//test {","lastModifiedDate":"2022-03-05"},{"lineNumber":21,"author":{"gitId":"yaololo"},"content":"//    useJUnitPlatform()","lastModifiedDate":"2022-03-05"},{"lineNumber":22,"author":{"gitId":"yaololo"},"content":"//    finalizedBy jacocoTestReport","lastModifiedDate":"2022-03-05"},{"lineNumber":23,"author":{"gitId":"yaololo"},"content":"//}","lastModifiedDate":"2022-03-05"},{"lineNumber":24,"author":{"gitId":"yaololo"},"content":"//","lastModifiedDate":"2022-03-05"},{"lineNumber":25,"author":{"gitId":"yaololo"},"content":"//task coverage(type: JacocoReport) {","lastModifiedDate":"2022-03-05"},{"lineNumber":26,"author":{"gitId":"yaololo"},"content":"//    sourceDirectories.from files(sourceSets.main.allSource.srcDirs)","lastModifiedDate":"2022-03-05"},{"lineNumber":27,"author":{"gitId":"yaololo"},"content":"//    classDirectories.from files(sourceSets.main.output)","lastModifiedDate":"2022-03-05"},{"lineNumber":28,"author":{"gitId":"yaololo"},"content":"//    executionData.from files(jacocoTestReport.executionData)","lastModifiedDate":"2022-03-05"},{"lineNumber":29,"author":{"gitId":"yaololo"},"content":"//    afterEvaluate {","lastModifiedDate":"2022-03-05"},{"lineNumber":30,"author":{"gitId":"yaololo"},"content":"//        classDirectories.from files(classDirectories.files.collect {","lastModifiedDate":"2022-03-05"},{"lineNumber":31,"author":{"gitId":"yaololo"},"content":"//            fileTree(dir: it, exclude: [\u0027**/*.jar\u0027])","lastModifiedDate":"2022-03-05"},{"lineNumber":32,"author":{"gitId":"yaololo"},"content":"//        })","lastModifiedDate":"2022-03-05"},{"lineNumber":33,"author":{"gitId":"yaololo"},"content":"//    }","lastModifiedDate":"2022-03-05"},{"lineNumber":34,"author":{"gitId":"yaololo"},"content":"//    reports {","lastModifiedDate":"2022-03-05"},{"lineNumber":35,"author":{"gitId":"yaololo"},"content":"//        html.enabled \u003d true","lastModifiedDate":"2022-03-05"},{"lineNumber":36,"author":{"gitId":"yaololo"},"content":"//        xml.enabled \u003d true","lastModifiedDate":"2022-03-05"},{"lineNumber":37,"author":{"gitId":"yaololo"},"content":"//    }","lastModifiedDate":"2022-03-05"},{"lineNumber":38,"author":{"gitId":"yaololo"},"content":"//}","lastModifiedDate":"2022-03-05"},{"lineNumber":39,"author":{"gitId":"yaololo"},"content":"//","lastModifiedDate":"2022-03-05"},{"lineNumber":40,"author":{"gitId":"yaololo"},"content":"//dependencies {","lastModifiedDate":"2022-03-05"},{"lineNumber":41,"author":{"gitId":"yaololo"},"content":"//    String jUnitVersion \u003d \u00275.4.0\u0027","lastModifiedDate":"2022-03-05"},{"lineNumber":42,"author":{"gitId":"yaololo"},"content":"//    String javaFxVersion \u003d \u002711\u0027","lastModifiedDate":"2022-03-05"},{"lineNumber":43,"author":{"gitId":"yaololo"},"content":"//","lastModifiedDate":"2022-03-05"},{"lineNumber":44,"author":{"gitId":"yaololo"},"content":"//    implementation group: \u0027org.openjfx\u0027, name: \u0027javafx-base\u0027, version: javaFxVersion, classifier: \u0027win\u0027","lastModifiedDate":"2022-03-05"},{"lineNumber":45,"author":{"gitId":"yaololo"},"content":"//    implementation group: \u0027org.openjfx\u0027, name: \u0027javafx-base\u0027, version: javaFxVersion, classifier: \u0027mac\u0027","lastModifiedDate":"2022-03-05"},{"lineNumber":46,"author":{"gitId":"yaololo"},"content":"//    implementation group: \u0027org.openjfx\u0027, name: \u0027javafx-base\u0027, version: javaFxVersion, classifier: \u0027linux\u0027","lastModifiedDate":"2022-03-05"},{"lineNumber":47,"author":{"gitId":"yaololo"},"content":"//    implementation group: \u0027org.openjfx\u0027, name: \u0027javafx-controls\u0027, version: javaFxVersion, classifier: \u0027win\u0027","lastModifiedDate":"2022-03-05"},{"lineNumber":48,"author":{"gitId":"yaololo"},"content":"//    implementation group: \u0027org.openjfx\u0027, name: \u0027javafx-controls\u0027, version: javaFxVersion, classifier: \u0027mac\u0027","lastModifiedDate":"2022-03-05"},{"lineNumber":49,"author":{"gitId":"yaololo"},"content":"//    implementation group: \u0027org.openjfx\u0027, name: \u0027javafx-controls\u0027, version: javaFxVersion, classifier: \u0027linux\u0027","lastModifiedDate":"2022-03-05"},{"lineNumber":50,"author":{"gitId":"yaololo"},"content":"//    implementation group: \u0027org.openjfx\u0027, name: \u0027javafx-fxml\u0027, version: javaFxVersion, classifier: \u0027win\u0027","lastModifiedDate":"2022-03-05"},{"lineNumber":51,"author":{"gitId":"yaololo"},"content":"//    implementation group: \u0027org.openjfx\u0027, name: \u0027javafx-fxml\u0027, version: javaFxVersion, classifier: \u0027mac\u0027","lastModifiedDate":"2022-03-05"},{"lineNumber":52,"author":{"gitId":"yaololo"},"content":"//    implementation group: \u0027org.openjfx\u0027, name: \u0027javafx-fxml\u0027, version: javaFxVersion, classifier: \u0027linux\u0027","lastModifiedDate":"2022-03-05"},{"lineNumber":53,"author":{"gitId":"yaololo"},"content":"//    implementation group: \u0027org.openjfx\u0027, name: \u0027javafx-graphics\u0027, version: javaFxVersion, classifier: \u0027win\u0027","lastModifiedDate":"2022-03-05"},{"lineNumber":54,"author":{"gitId":"yaololo"},"content":"//    implementation group: \u0027org.openjfx\u0027, name: \u0027javafx-graphics\u0027, version: javaFxVersion, classifier: \u0027mac\u0027","lastModifiedDate":"2022-03-05"},{"lineNumber":55,"author":{"gitId":"yaololo"},"content":"//    implementation group: \u0027org.openjfx\u0027, name: \u0027javafx-graphics\u0027, version: javaFxVersion, classifier: \u0027linux\u0027","lastModifiedDate":"2022-03-05"},{"lineNumber":56,"author":{"gitId":"yaololo"},"content":"//","lastModifiedDate":"2022-03-05"},{"lineNumber":57,"author":{"gitId":"yaololo"},"content":"//    implementation group: \u0027com.fasterxml.jackson.core\u0027, name: \u0027jackson-databind\u0027, version: \u00272.7.0\u0027","lastModifiedDate":"2022-03-05"},{"lineNumber":58,"author":{"gitId":"yaololo"},"content":"//    implementation group: \u0027com.fasterxml.jackson.datatype\u0027, name: \u0027jackson-datatype-jsr310\u0027, version: \u00272.7.4\u0027","lastModifiedDate":"2022-03-05"},{"lineNumber":59,"author":{"gitId":"yaololo"},"content":"//","lastModifiedDate":"2022-03-05"},{"lineNumber":60,"author":{"gitId":"yaololo"},"content":"//    testImplementation group: \u0027org.junit.jupiter\u0027, name: \u0027junit-jupiter-api\u0027, version: jUnitVersion","lastModifiedDate":"2022-03-05"},{"lineNumber":61,"author":{"gitId":"yaololo"},"content":"//","lastModifiedDate":"2022-03-05"},{"lineNumber":62,"author":{"gitId":"yaololo"},"content":"//    testRuntimeOnly group: \u0027org.junit.jupiter\u0027, name: \u0027junit-jupiter-engine\u0027, version: jUnitVersion","lastModifiedDate":"2022-03-05"},{"lineNumber":63,"author":{"gitId":"yaololo"},"content":"//}","lastModifiedDate":"2022-03-05"},{"lineNumber":64,"author":{"gitId":"yaololo"},"content":"//","lastModifiedDate":"2022-03-05"},{"lineNumber":65,"author":{"gitId":"yaololo"},"content":"//shadowJar {","lastModifiedDate":"2022-03-05"},{"lineNumber":66,"author":{"gitId":"yaololo"},"content":"//    archiveName \u003d \u0027addressbook.jar\u0027","lastModifiedDate":"2022-03-05"},{"lineNumber":67,"author":{"gitId":"yaololo"},"content":"//}","lastModifiedDate":"2022-03-05"},{"lineNumber":68,"author":{"gitId":"yaololo"},"content":"","lastModifiedDate":"2022-03-05"},{"lineNumber":69,"author":{"gitId":"yaololo"},"content":"defaultTasks \u0027clean\u0027, \u0027test\u0027","lastModifiedDate":"2022-03-05"}],"authorContributionMap":{"yaololo":69}}]
