{"authorDailyContributionsMap":{"yaololo":[{"date":"2022-03-05","commitResults":[{"hash":"6e2925c6993eb71053d43c2b78b3d43b51e92953","messageTitle":"Add gradle","messageBody":"","fileTypesAndContributionMap":{"gradle":{"insertions":69,"deletions":0}}},{"hash":"08a1454730ff61cae235a5580bcfaebbedc1b395","messageTitle":"add checkstyle","messageBody":"","tags":["A-StricterCodingStandard"],"fileTypesAndContributionMap":{"gradle":{"insertions":74,"deletions":0}}}]},{"date":"2022-03-06","commitResults":[{"hash":"2ce5f85a360d0487fabd402123c764c223f1cd2f","messageTitle":"Integrate with JavaFx","messageBody":"","fileTypesAndContributionMap":{"gradle":{"insertions":23,"deletions":0},"txt":{"insertions":1,"deletions":3},"fxml":{"insertions":19,"deletions":0},"java":{"insertions":321,"deletions":210},"bat":{"insertions":91,"deletions":2},"md":{"insertions":3,"deletions":3}}},{"hash":"5ab344bb8d94aa87d77dca114500717790472411","messageTitle":"add checkstyle","messageBody":"","fileTypesAndContributionMap":{"gradle":{"insertions":4,"deletions":0}}}]},{"date":"2022-03-07","commitResults":[{"hash":"d8d970a9f431b39c51cb66c92b9d4c4056e4476e","messageTitle":"Fix style check error","messageBody":"","fileTypesAndContributionMap":{"gradle":{"insertions":0,"deletions":61},"java":{"insertions":120,"deletions":91}}},{"hash":"79ed2e8058431cc20256327457d62092fea672bc","messageTitle":"Update find command to fuzzy search for better searching experience","messageBody":"","tags":["v0.5","BCD-Extension"],"fileTypesAndContributionMap":{"java":{"insertions":35,"deletions":1}}}]}]},"authorFileTypeContributionMap":{"yaololo":{"java":368,"md":3,"fxml":19,"sh":0,"bat":91,"gradle":32,"txt":1}},"authorContributionVariance":{"yaololo":9741.606},"authorDisplayNameMap":{"yaololo":"TIC4002-F18-4 ZHUA..MING"}}
