{"authorDailyContributionsMap":{"Opkko":[{"date":"2022-02-27","commitResults":[{"hash":"8ba8835b34cab7883daf144c3a3674c8c15e51ac","messageTitle":"Commit All Changes with newly added UI","messageBody":"","fileTypesAndContributionMap":{"gradle":{"insertions":28,"deletions":29},"txt":{"insertions":6,"deletions":6},"fxml":{"insertions":38,"deletions":0},"java":{"insertions":357,"deletions":85}}},{"hash":"3c7a65bcd0e12eddfa5d7a8baa3cae02a902376d","messageTitle":"Commit New Readmes DeveloperGuides and Ui","messageBody":"","fileTypesAndContributionMap":{"md":{"insertions":214,"deletions":0}}},{"hash":"0a79f60e307768008c2d135f5e4f15683738ecda","messageTitle":"Commit New Readmes DeveloperGuides and Ui","messageBody":"","fileTypesAndContributionMap":{"md":{"insertions":5,"deletions":27}}}]},{"date":"2022-03-02","commitResults":[{"hash":"8d6375ab23c663ab16526311f66057f348fad64e","messageTitle":"Commit New Readmes DeveloperGuides and Ui","messageBody":"","fileTypesAndContributionMap":{"fxml":{"insertions":10,"deletions":10},"java":{"insertions":36,"deletions":31}}}]}]},"authorFileTypeContributionMap":{"Opkko":{"java":361,"md":219,"fxml":38,"sh":0,"bat":0,"gradle":23,"txt":0}},"authorContributionVariance":{"Opkko":12012.189},"authorDisplayNameMap":{"Opkko":"TIC4002-F18-4 LIM ..KANG"}}
