[{"path":"build.gradle","fileType":"gradle","lines":[{"lineNumber":1,"author":{"gitId":"zcnmashleu95"},"content":"plugins {","lastModifiedDate":"2022-01-28"},{"lineNumber":2,"author":{"gitId":"zcnmashleu95"},"content":"    id \u0027java\u0027","lastModifiedDate":"2022-01-28"},{"lineNumber":3,"author":{"gitId":"zcnmashleu95"},"content":"    id \u0027application\u0027","lastModifiedDate":"2022-01-28"},{"lineNumber":4,"author":{"gitId":"zcnmashleu95"},"content":"    id \u0027checkstyle\u0027","lastModifiedDate":"2022-01-28"},{"lineNumber":5,"author":{"gitId":"zcnmashleu95"},"content":"    id \u0027com.github.johnrengelman.shadow\u0027 version \u00275.1.0\u0027","lastModifiedDate":"2022-01-28"},{"lineNumber":6,"author":{"gitId":"zcnmashleu95"},"content":"}","lastModifiedDate":"2022-01-28"},{"lineNumber":7,"author":{"gitId":"zcnmashleu95"},"content":"","lastModifiedDate":"2022-01-28"},{"lineNumber":8,"author":{"gitId":"zcnmashleu95"},"content":"repositories {","lastModifiedDate":"2022-01-28"},{"lineNumber":9,"author":{"gitId":"zcnmashleu95"},"content":"    mavenCentral()","lastModifiedDate":"2022-01-28"},{"lineNumber":10,"author":{"gitId":"zcnmashleu95"},"content":"}","lastModifiedDate":"2022-01-28"},{"lineNumber":11,"author":{"gitId":"zcnmashleu95"},"content":"","lastModifiedDate":"2022-01-28"},{"lineNumber":12,"author":{"gitId":"zcnmashleu95"},"content":"test {","lastModifiedDate":"2022-01-28"},{"lineNumber":13,"author":{"gitId":"zcnmashleu95"},"content":"    maxParallelForks 3","lastModifiedDate":"2022-01-28"},{"lineNumber":14,"author":{"gitId":"zcnmashleu95"},"content":"    useJUnitPlatform()","lastModifiedDate":"2022-01-28"},{"lineNumber":15,"author":{"gitId":"zcnmashleu95"},"content":"","lastModifiedDate":"2022-01-28"},{"lineNumber":16,"author":{"gitId":"zcnmashleu95"},"content":"    testLogging {","lastModifiedDate":"2022-01-28"},{"lineNumber":17,"author":{"gitId":"zcnmashleu95"},"content":"        events \"passed\", \"skipped\", \"failed\"","lastModifiedDate":"2022-01-28"},{"lineNumber":18,"author":{"gitId":"zcnmashleu95"},"content":"","lastModifiedDate":"2022-01-28"},{"lineNumber":19,"author":{"gitId":"zcnmashleu95"},"content":"        showExceptions true","lastModifiedDate":"2022-01-28"},{"lineNumber":20,"author":{"gitId":"zcnmashleu95"},"content":"        exceptionFormat \"full\"","lastModifiedDate":"2022-01-28"},{"lineNumber":21,"author":{"gitId":"zcnmashleu95"},"content":"        showCauses true","lastModifiedDate":"2022-01-28"},{"lineNumber":22,"author":{"gitId":"zcnmashleu95"},"content":"        showStackTraces true","lastModifiedDate":"2022-01-28"},{"lineNumber":23,"author":{"gitId":"zcnmashleu95"},"content":"        showStandardStreams \u003d false","lastModifiedDate":"2022-01-28"},{"lineNumber":24,"author":{"gitId":"zcnmashleu95"},"content":"    }","lastModifiedDate":"2022-01-28"},{"lineNumber":25,"author":{"gitId":"zcnmashleu95"},"content":"}","lastModifiedDate":"2022-01-28"},{"lineNumber":26,"author":{"gitId":"zcnmashleu95"},"content":"","lastModifiedDate":"2022-01-28"},{"lineNumber":27,"author":{"gitId":"zcnmashleu95"},"content":"shadowJar {","lastModifiedDate":"2022-01-28"},{"lineNumber":28,"author":{"gitId":"zcnmashleu95"},"content":"    archiveBaseName \u003d \"ip\"","lastModifiedDate":"2022-01-28"},{"lineNumber":29,"author":{"gitId":"zcnmashleu95"},"content":"    archiveClassifier \u003d null","lastModifiedDate":"2022-01-28"},{"lineNumber":30,"author":{"gitId":"zcnmashleu95"},"content":"}","lastModifiedDate":"2022-01-28"},{"lineNumber":31,"author":{"gitId":"zcnmashleu95"},"content":"","lastModifiedDate":"2022-01-28"},{"lineNumber":32,"author":{"gitId":"zcnmashleu95"},"content":"checkstyle {","lastModifiedDate":"2022-01-28"},{"lineNumber":33,"author":{"gitId":"zcnmashleu95"},"content":"    toolVersion \u003d \u00278.23\u0027","lastModifiedDate":"2022-01-28"},{"lineNumber":34,"author":{"gitId":"zcnmashleu95"},"content":"}","lastModifiedDate":"2022-01-28"},{"lineNumber":35,"author":{"gitId":"zcnmashleu95"},"content":"","lastModifiedDate":"2022-01-28"},{"lineNumber":36,"author":{"gitId":"zcnmashleu95"},"content":"run{","lastModifiedDate":"2022-01-28"},{"lineNumber":37,"author":{"gitId":"zcnmashleu95"},"content":"    enableAssertions \u003d true","lastModifiedDate":"2022-01-28"},{"lineNumber":38,"author":{"gitId":"zcnmashleu95"},"content":"    standardInput \u003d System.in","lastModifiedDate":"2022-01-28"},{"lineNumber":39,"author":{"gitId":"zcnmashleu95"},"content":"}","lastModifiedDate":"2022-01-28"}],"authorContributionMap":{"zcnmashleu95":39}}]
