{"authorDailyContributionsMap":{"zcnmashleu95":[{"date":"2022-01-28","commitResults":[{"hash":"987193fa0b388775f2576f619c6620e83a63b068","messageTitle":"add gradle build file","messageBody":"","fileTypesAndContributionMap":{"gradle":{"insertions":39,"deletions":0}}}]}]},"authorFileTypeContributionMap":{"zcnmashleu95":{"java":0,"md":0,"fxml":0,"sh":0,"bat":0,"gradle":39,"txt":0}},"authorContributionVariance":{"zcnmashleu95":75.83933},"authorDisplayNameMap":{"zcnmashleu95":"TIC4002-F18-1 LAM ..CHUN"}}
