{"authorDailyContributionsMap":{"zcnmashleu95":[{"date":"2022-01-28","commitResults":[{"hash":"987193fa0b388775f2576f619c6620e83a63b068","messageTitle":"add gradle build file","messageBody":"","fileTypesAndContributionMap":{"gradle":{"insertions":39,"deletions":0}}}]},{"date":"2022-02-10","commitResults":[{"hash":"75f1ac8937dc495a86696e9227ad83286ba23d87","messageTitle":"some changes on build gradle","messageBody":"","fileTypesAndContributionMap":{"gradle":{"insertions":1,"deletions":1}}}]}]},"authorFileTypeContributionMap":{"zcnmashleu95":{"java":0,"md":0,"fxml":0,"sh":0,"bat":0,"gradle":39,"txt":0}},"authorContributionVariance":{"zcnmashleu95":46.01465},"authorDisplayNameMap":{"zcnmashleu95":"TIC4002-F18-1 LAM ..CHUN"}}
