{"authorDailyContributionsMap":{"zcnmashleu95":[{"date":"2022-01-28","commitResults":[{"hash":"987193fa0b388775f2576f619c6620e83a63b068","messageTitle":"add gradle build file","messageBody":"","fileTypesAndContributionMap":{"gradle":{"insertions":39,"deletions":0}}}]},{"date":"2022-02-10","commitResults":[{"hash":"75f1ac8937dc495a86696e9227ad83286ba23d87","messageTitle":"some changes on build gradle","messageBody":"","fileTypesAndContributionMap":{"gradle":{"insertions":1,"deletions":1}}}]},{"date":"2022-02-13","commitResults":[{"hash":"a47266e96a45f335d66a060f06987bd1940b8be4","messageTitle":"change to gradle","messageBody":"","fileTypesAndContributionMap":{"gradle":{"insertions":1,"deletions":1},"bat":{"insertions":104,"deletions":0}}}]},{"date":"2022-02-17","commitResults":[{"hash":"794b7f7f30fc425e117864c191cb80fefd751291","messageTitle":"fixed checkstyle","messageBody":"","fileTypesAndContributionMap":{"gradle":{"insertions":6,"deletions":2}}}]},{"date":"2022-02-18","commitResults":[{"hash":"405823a9cd273c02150972bf915aed81f7adadd1","messageTitle":"fix checkstyle errors","messageBody":"","fileTypesAndContributionMap":{"java":{"insertions":252,"deletions":225}}},{"hash":"96ba97cd4caf310d38e1b0c83e55200493a2d1ea","messageTitle":"finished refactoring for gradle","messageBody":"","fileTypesAndContributionMap":{"java":{"insertions":2,"deletions":7}}}]},{"date":"2022-02-19","commitResults":[{"hash":"c8be6cb80a3f774d6ff09eee57d073869549a5dd","messageTitle":"fixed the gradle bugs","messageBody":"","fileTypesAndContributionMap":{"gradle":{"insertions":22,"deletions":2},"java":{"insertions":27,"deletions":3}}},{"hash":"e64c1490bc80ff2c7a3cc271e066638edd39c4fe","messageTitle":"started gui","messageBody":"","fileTypesAndContributionMap":{"gradle":{"insertions":2,"deletions":3},"java":{"insertions":23,"deletions":20}}}]},{"date":"2022-02-20","commitResults":[{"hash":"faf8b056366a64b2e5c9b528121547e079f47a4c","messageTitle":"done javafx gui","messageBody":"","fileTypesAndContributionMap":{"txt":{"insertions":2,"deletions":0},"java":{"insertions":237,"deletions":51}}},{"hash":"40a768d5fb1d73eb839ce98eeb49709b091a5cc9","messageTitle":"added yml file","messageBody":"","fileTypesAndContributionMap":{"java":{"insertions":12,"deletions":10}}},{"hash":"ee63393d80476b7ebc19c51b57a10f5cb74a1b6d","messageTitle":"Change permission for gradlew","messageBody":"","fileTypesAndContributionMap":{"bat":{"insertions":0,"deletions":0}}},{"hash":"3f77bb9eb6040b4ce8fe445535d16faf9aa97bdc","messageTitle":"docs and release","messageBody":"","tags":["v2.1","v2.0"],"fileTypesAndContributionMap":{"gradle":{"insertions":1,"deletions":2},"java":{"insertions":12,"deletions":12},"md":{"insertions":163,"deletions":0}}},{"hash":"da71dd12f8823f9086cc7568e855d71f31cae168","messageTitle":"minor bug fix","messageBody":"","tags":["v2.2"],"fileTypesAndContributionMap":{"java":{"insertions":29,"deletions":30}}},{"hash":"e1dff622fcd78726282b7bbb0e2e618f3ba1dcb0","messageTitle":"fix print bug","messageBody":"","tags":["v2.3"],"fileTypesAndContributionMap":{"java":{"insertions":48,"deletions":35}}}]}]},"authorFileTypeContributionMap":{"zcnmashleu95":{"java":431,"md":163,"fxml":0,"sh":0,"bat":104,"gradle":61,"txt":2}},"authorContributionVariance":{"zcnmashleu95":14960.881},"authorDisplayNameMap":{"zcnmashleu95":"TIC4002-F18-1 LAM ..CHUN"}}
