{"authorDailyContributionsMap":{"zcnmashleu95":[{"date":"2022-01-28","commitResults":[{"hash":"987193fa0b388775f2576f619c6620e83a63b068","messageTitle":"add gradle build file","messageBody":"","fileTypesAndContributionMap":{"gradle":{"insertions":39,"deletions":0}}}]},{"date":"2022-02-10","commitResults":[{"hash":"75f1ac8937dc495a86696e9227ad83286ba23d87","messageTitle":"some changes on build gradle","messageBody":"","fileTypesAndContributionMap":{"gradle":{"insertions":1,"deletions":1}}}]},{"date":"2022-02-13","commitResults":[{"hash":"a47266e96a45f335d66a060f06987bd1940b8be4","messageTitle":"change to gradle","messageBody":"","fileTypesAndContributionMap":{"gradle":{"insertions":1,"deletions":1},"bat":{"insertions":104,"deletions":0}}}]},{"date":"2022-02-17","commitResults":[{"hash":"794b7f7f30fc425e117864c191cb80fefd751291","messageTitle":"fixed checkstyle","messageBody":"","fileTypesAndContributionMap":{"gradle":{"insertions":6,"deletions":2}}}]},{"date":"2022-02-18","commitResults":[{"hash":"405823a9cd273c02150972bf915aed81f7adadd1","messageTitle":"fix checkstyle errors","messageBody":"","fileTypesAndContributionMap":{"java":{"insertions":252,"deletions":225}}},{"hash":"96ba97cd4caf310d38e1b0c83e55200493a2d1ea","messageTitle":"finished refactoring for gradle","messageBody":"","fileTypesAndContributionMap":{"java":{"insertions":2,"deletions":7}}}]}]},"authorFileTypeContributionMap":{"zcnmashleu95":{"java":106,"md":0,"fxml":0,"sh":0,"bat":104,"gradle":43,"txt":0}},"authorContributionVariance":{"zcnmashleu95":5968.7246},"authorDisplayNameMap":{"zcnmashleu95":"TIC4002-F18-1 LAM ..CHUN"}}
