[{"path":"build.gradle","fileType":"gradle","lines":[{"lineNumber":1,"author":{"gitId":"-"},"content":"plugins {","lastModifiedDate":"2021-09-24"},{"lineNumber":2,"author":{"gitId":"-"},"content":"    id \u0027java\u0027","lastModifiedDate":"2021-09-24"},{"lineNumber":3,"author":{"gitId":"-"},"content":"    id \u0027application\u0027","lastModifiedDate":"2021-09-27"},{"lineNumber":4,"author":{"gitId":"-"},"content":"    id \u0027com.github.johnrengelman.shadow\u0027 version \u00277.0.0\u0027","lastModifiedDate":"2021-09-27"},{"lineNumber":5,"author":{"gitId":"TanChiaChun"},"content":"    id \u0027checkstyle\u0027","lastModifiedDate":"2022-01-18"},{"lineNumber":6,"author":{"gitId":"-"},"content":"}","lastModifiedDate":"2021-09-24"},{"lineNumber":7,"author":{"gitId":"-"},"content":"","lastModifiedDate":"2021-09-24"},{"lineNumber":8,"author":{"gitId":"-"},"content":"group \u0027edu.nus\u0027","lastModifiedDate":"2021-09-24"},{"lineNumber":9,"author":{"gitId":"-"},"content":"version \u00271.0-SNAPSHOT\u0027","lastModifiedDate":"2021-09-24"},{"lineNumber":10,"author":{"gitId":"-"},"content":"","lastModifiedDate":"2021-09-24"},{"lineNumber":11,"author":{"gitId":"-"},"content":"repositories {","lastModifiedDate":"2021-09-24"},{"lineNumber":12,"author":{"gitId":"-"},"content":"    mavenCentral()","lastModifiedDate":"2021-09-24"},{"lineNumber":13,"author":{"gitId":"-"},"content":"}","lastModifiedDate":"2021-09-24"},{"lineNumber":14,"author":{"gitId":"-"},"content":"","lastModifiedDate":"2021-09-24"},{"lineNumber":15,"author":{"gitId":"-"},"content":"dependencies {","lastModifiedDate":"2021-09-24"},{"lineNumber":16,"author":{"gitId":"-"},"content":"    testImplementation group: \u0027org.junit.jupiter\u0027, name: \u0027junit-jupiter-api\u0027, version: \u00275.5.0\u0027","lastModifiedDate":"2021-09-24"},{"lineNumber":17,"author":{"gitId":"-"},"content":"    testRuntimeOnly group: \u0027org.junit.jupiter\u0027, name: \u0027junit-jupiter-engine\u0027, version: \u00275.5.0\u0027","lastModifiedDate":"2021-09-24"},{"lineNumber":18,"author":{"gitId":"-"},"content":"}","lastModifiedDate":"2021-09-24"},{"lineNumber":19,"author":{"gitId":"-"},"content":"","lastModifiedDate":"2021-09-24"},{"lineNumber":20,"author":{"gitId":"-"},"content":"application {","lastModifiedDate":"2021-09-27"},{"lineNumber":21,"author":{"gitId":"-"},"content":"    mainClass \u003d \u0027edu.nus.duke.Main\u0027","lastModifiedDate":"2021-09-27"},{"lineNumber":22,"author":{"gitId":"-"},"content":"}","lastModifiedDate":"2021-09-27"},{"lineNumber":23,"author":{"gitId":"-"},"content":"","lastModifiedDate":"2021-09-27"},{"lineNumber":24,"author":{"gitId":"-"},"content":"test {","lastModifiedDate":"2021-09-24"},{"lineNumber":25,"author":{"gitId":"-"},"content":"    useJUnitPlatform()","lastModifiedDate":"2021-09-24"},{"lineNumber":26,"author":{"gitId":"-"},"content":"}","lastModifiedDate":"2021-09-24"},{"lineNumber":27,"author":{"gitId":"-"},"content":"","lastModifiedDate":"2021-09-27"},{"lineNumber":28,"author":{"gitId":"-"},"content":"run {","lastModifiedDate":"2021-09-27"},{"lineNumber":29,"author":{"gitId":"-"},"content":"    standardInput \u003d System.in","lastModifiedDate":"2021-09-27"},{"lineNumber":30,"author":{"gitId":"-"},"content":"}","lastModifiedDate":"2021-09-27"},{"lineNumber":31,"author":{"gitId":"TanChiaChun"},"content":"","lastModifiedDate":"2022-01-18"},{"lineNumber":32,"author":{"gitId":"TanChiaChun"},"content":"checkstyle {","lastModifiedDate":"2022-01-18"},{"lineNumber":33,"author":{"gitId":"TanChiaChun"},"content":"    toolVersion \u003d \u00278.29\u0027","lastModifiedDate":"2022-01-18"},{"lineNumber":34,"author":{"gitId":"-"},"content":"}","lastModifiedDate":"2022-01-18"}],"authorContributionMap":{"TanChiaChun":4,"-":30}}]
