[{"path":"build.gradle","fileType":"gradle","lines":[{"lineNumber":1,"author":{"gitId":"-"},"content":"plugins {","lastModifiedDate":"2021-09-24"},{"lineNumber":2,"author":{"gitId":"-"},"content":"    id \u0027java\u0027","lastModifiedDate":"2021-09-24"},{"lineNumber":3,"author":{"gitId":"-"},"content":"    id \u0027application\u0027","lastModifiedDate":"2021-09-27"},{"lineNumber":4,"author":{"gitId":"-"},"content":"    id \u0027com.github.johnrengelman.shadow\u0027 version \u00277.0.0\u0027","lastModifiedDate":"2021-09-27"},{"lineNumber":5,"author":{"gitId":"TanChiaChun"},"content":"    id \u0027checkstyle\u0027","lastModifiedDate":"2022-01-18"},{"lineNumber":6,"author":{"gitId":"-"},"content":"}","lastModifiedDate":"2021-09-24"},{"lineNumber":7,"author":{"gitId":"-"},"content":"","lastModifiedDate":"2021-09-24"},{"lineNumber":8,"author":{"gitId":"-"},"content":"group \u0027edu.nus\u0027","lastModifiedDate":"2021-09-24"},{"lineNumber":9,"author":{"gitId":"-"},"content":"version \u00271.0-SNAPSHOT\u0027","lastModifiedDate":"2021-09-24"},{"lineNumber":10,"author":{"gitId":"-"},"content":"","lastModifiedDate":"2021-09-24"},{"lineNumber":11,"author":{"gitId":"-"},"content":"repositories {","lastModifiedDate":"2021-09-24"},{"lineNumber":12,"author":{"gitId":"-"},"content":"    mavenCentral()","lastModifiedDate":"2021-09-24"},{"lineNumber":13,"author":{"gitId":"-"},"content":"}","lastModifiedDate":"2021-09-24"},{"lineNumber":14,"author":{"gitId":"-"},"content":"","lastModifiedDate":"2021-09-24"},{"lineNumber":15,"author":{"gitId":"-"},"content":"dependencies {","lastModifiedDate":"2021-09-24"},{"lineNumber":16,"author":{"gitId":"-"},"content":"    testImplementation group: \u0027org.junit.jupiter\u0027, name: \u0027junit-jupiter-api\u0027, version: \u00275.5.0\u0027","lastModifiedDate":"2021-09-24"},{"lineNumber":17,"author":{"gitId":"-"},"content":"    testRuntimeOnly group: \u0027org.junit.jupiter\u0027, name: \u0027junit-jupiter-engine\u0027, version: \u00275.5.0\u0027","lastModifiedDate":"2021-09-24"},{"lineNumber":18,"author":{"gitId":"-"},"content":"}","lastModifiedDate":"2021-09-24"},{"lineNumber":19,"author":{"gitId":"-"},"content":"","lastModifiedDate":"2021-09-24"},{"lineNumber":20,"author":{"gitId":"-"},"content":"application {","lastModifiedDate":"2021-09-27"},{"lineNumber":21,"author":{"gitId":"-"},"content":"    mainClass \u003d \u0027edu.nus.duke.Main\u0027","lastModifiedDate":"2021-09-27"},{"lineNumber":22,"author":{"gitId":"-"},"content":"}","lastModifiedDate":"2021-09-27"},{"lineNumber":23,"author":{"gitId":"-"},"content":"","lastModifiedDate":"2021-09-27"},{"lineNumber":24,"author":{"gitId":"-"},"content":"test {","lastModifiedDate":"2021-09-24"},{"lineNumber":25,"author":{"gitId":"-"},"content":"    useJUnitPlatform()","lastModifiedDate":"2021-09-24"},{"lineNumber":26,"author":{"gitId":"-"},"content":"}","lastModifiedDate":"2021-09-24"},{"lineNumber":27,"author":{"gitId":"-"},"content":"","lastModifiedDate":"2021-09-27"},{"lineNumber":28,"author":{"gitId":"-"},"content":"run {","lastModifiedDate":"2021-09-27"},{"lineNumber":29,"author":{"gitId":"-"},"content":"    standardInput \u003d System.in","lastModifiedDate":"2021-09-27"},{"lineNumber":30,"author":{"gitId":"-"},"content":"}","lastModifiedDate":"2021-09-27"},{"lineNumber":31,"author":{"gitId":"TanChiaChun"},"content":"","lastModifiedDate":"2022-01-18"},{"lineNumber":32,"author":{"gitId":"TanChiaChun"},"content":"checkstyle {","lastModifiedDate":"2022-01-18"},{"lineNumber":33,"author":{"gitId":"TanChiaChun"},"content":"    toolVersion \u003d \u00278.29\u0027","lastModifiedDate":"2022-01-18"},{"lineNumber":34,"author":{"gitId":"-"},"content":"}","lastModifiedDate":"2022-01-18"}],"authorContributionMap":{"TanChiaChun":4,"-":30}},{"path":"src/main/java/edu/nus/duke/Main.java","fileType":"java","lines":[{"lineNumber":1,"author":{"gitId":"-"},"content":"package edu.nus.duke;","lastModifiedDate":"2021-09-18"},{"lineNumber":2,"author":{"gitId":"-"},"content":"","lastModifiedDate":"2021-09-04"},{"lineNumber":3,"author":{"gitId":"-"},"content":"import java.time.format.DateTimeParseException;","lastModifiedDate":"2021-09-20"},{"lineNumber":4,"author":{"gitId":"-"},"content":"","lastModifiedDate":"2021-09-20"},{"lineNumber":5,"author":{"gitId":"-"},"content":"import edu.nus.duke.command.Command;","lastModifiedDate":"2021-09-19"},{"lineNumber":6,"author":{"gitId":"-"},"content":"import edu.nus.duke.command.ExitCommand;","lastModifiedDate":"2021-09-19"},{"lineNumber":7,"author":{"gitId":"-"},"content":"import edu.nus.duke.exception.DukeDisallowInputException;","lastModifiedDate":"2021-09-19"},{"lineNumber":8,"author":{"gitId":"TanChiaChun"},"content":"import edu.nus.duke.exception.DukeInvalidInputException;","lastModifiedDate":"2022-01-19"},{"lineNumber":9,"author":{"gitId":"TanChiaChun"},"content":"import edu.nus.duke.parser.Parser;","lastModifiedDate":"2022-01-19"},{"lineNumber":10,"author":{"gitId":"TanChiaChun"},"content":"import edu.nus.duke.storage.Storage;","lastModifiedDate":"2022-01-19"},{"lineNumber":11,"author":{"gitId":"TanChiaChun"},"content":"import edu.nus.duke.task.TaskList;","lastModifiedDate":"2022-01-19"},{"lineNumber":12,"author":{"gitId":"TanChiaChun"},"content":"import edu.nus.duke.ui.Ui;","lastModifiedDate":"2022-01-19"},{"lineNumber":13,"author":{"gitId":"-"},"content":"","lastModifiedDate":"2021-08-20"},{"lineNumber":14,"author":{"gitId":"-"},"content":"public class Main {","lastModifiedDate":"2021-09-18"},{"lineNumber":15,"author":{"gitId":"-"},"content":"    // Variables","lastModifiedDate":"2021-08-20"},{"lineNumber":16,"author":{"gitId":"TanChiaChun"},"content":"    private final TaskList taskList;","lastModifiedDate":"2022-01-19"},{"lineNumber":17,"author":{"gitId":"TanChiaChun"},"content":"    private final Storage storage;","lastModifiedDate":"2022-01-19"},{"lineNumber":18,"author":{"gitId":"TanChiaChun"},"content":"    private final Ui ui;","lastModifiedDate":"2022-01-19"},{"lineNumber":19,"author":{"gitId":"-"},"content":"","lastModifiedDate":"2021-09-18"},{"lineNumber":20,"author":{"gitId":"-"},"content":"    // Constructor","lastModifiedDate":"2021-09-18"},{"lineNumber":21,"author":{"gitId":"TanChiaChun"},"content":"","lastModifiedDate":"2022-01-19"},{"lineNumber":22,"author":{"gitId":"TanChiaChun"},"content":"    /**","lastModifiedDate":"2022-01-19"},{"lineNumber":23,"author":{"gitId":"TanChiaChun"},"content":"     * Constructor of Main class.","lastModifiedDate":"2022-01-19"},{"lineNumber":24,"author":{"gitId":"TanChiaChun"},"content":"     *","lastModifiedDate":"2022-01-19"},{"lineNumber":25,"author":{"gitId":"TanChiaChun"},"content":"     * @param filePath File path of txt storage.","lastModifiedDate":"2022-01-19"},{"lineNumber":26,"author":{"gitId":"TanChiaChun"},"content":"     */","lastModifiedDate":"2022-01-19"},{"lineNumber":27,"author":{"gitId":"-"},"content":"    public Main(String filePath) {","lastModifiedDate":"2021-09-18"},{"lineNumber":28,"author":{"gitId":"-"},"content":"        taskList \u003d new TaskList();","lastModifiedDate":"2021-09-18"},{"lineNumber":29,"author":{"gitId":"-"},"content":"        storage \u003d new Storage(filePath, taskList);","lastModifiedDate":"2021-09-18"},{"lineNumber":30,"author":{"gitId":"-"},"content":"        ui \u003d new Ui();","lastModifiedDate":"2021-09-19"},{"lineNumber":31,"author":{"gitId":"-"},"content":"","lastModifiedDate":"2021-09-18"},{"lineNumber":32,"author":{"gitId":"-"},"content":"        Ui.printMessage(\"Hello! I\u0027m Duke\\nWhat can I do for you?\");","lastModifiedDate":"2021-09-27"},{"lineNumber":33,"author":{"gitId":"-"},"content":"        runApp();","lastModifiedDate":"2021-09-18"},{"lineNumber":34,"author":{"gitId":"-"},"content":"    }","lastModifiedDate":"2021-09-18"},{"lineNumber":35,"author":{"gitId":"-"},"content":"","lastModifiedDate":"2021-08-26"},{"lineNumber":36,"author":{"gitId":"-"},"content":"    // Methods","lastModifiedDate":"2021-09-02"},{"lineNumber":37,"author":{"gitId":"-"},"content":"    private void runApp() {","lastModifiedDate":"2021-09-18"},{"lineNumber":38,"author":{"gitId":"-"},"content":"        String inputTxt;","lastModifiedDate":"2021-09-19"},{"lineNumber":39,"author":{"gitId":"-"},"content":"        do {","lastModifiedDate":"2021-09-19"},{"lineNumber":40,"author":{"gitId":"-"},"content":"            inputTxt \u003d ui.getUserInput();","lastModifiedDate":"2021-09-19"},{"lineNumber":41,"author":{"gitId":"-"},"content":"            try {","lastModifiedDate":"2021-09-19"},{"lineNumber":42,"author":{"gitId":"-"},"content":"                Command cmd \u003d Parser.parseInput(inputTxt);","lastModifiedDate":"2021-09-19"},{"lineNumber":43,"author":{"gitId":"-"},"content":"                cmd.run(taskList);","lastModifiedDate":"2021-09-19"},{"lineNumber":44,"author":{"gitId":"-"},"content":"                storage.writeToFile(taskList.printForFile());","lastModifiedDate":"2021-09-18"},{"lineNumber":45,"author":{"gitId":"-"},"content":"            } catch (DukeInvalidInputException e) {","lastModifiedDate":"2021-09-19"},{"lineNumber":46,"author":{"gitId":"-"},"content":"                Ui.printMessage(\"OOPS!!! I\u0027m sorry, but I don\u0027t know what that means :-(\");","lastModifiedDate":"2021-09-19"},{"lineNumber":47,"author":{"gitId":"-"},"content":"            } catch (DukeDisallowInputException e) {","lastModifiedDate":"2021-09-19"},{"lineNumber":48,"author":{"gitId":"-"},"content":"                Ui.printMessage(\"\u0027\" + Storage.getSaveSep() + \"\u0027 is not allowed!\");","lastModifiedDate":"2021-09-19"},{"lineNumber":49,"author":{"gitId":"-"},"content":"            } catch (ArrayIndexOutOfBoundsException e) {","lastModifiedDate":"2021-09-19"},{"lineNumber":50,"author":{"gitId":"-"},"content":"                Ui.printMessage(\"Invalid input\");","lastModifiedDate":"2021-09-19"},{"lineNumber":51,"author":{"gitId":"-"},"content":"            } catch (DateTimeParseException e) {","lastModifiedDate":"2021-09-20"},{"lineNumber":52,"author":{"gitId":"-"},"content":"                Ui.printMessage(\"Invalid datetime input\");","lastModifiedDate":"2021-09-20"},{"lineNumber":53,"author":{"gitId":"-"},"content":"            }","lastModifiedDate":"2021-09-19"},{"lineNumber":54,"author":{"gitId":"-"},"content":"        } while (!inputTxt.equals(ExitCommand.CMD));","lastModifiedDate":"2021-09-19"},{"lineNumber":55,"author":{"gitId":"-"},"content":"    }","lastModifiedDate":"2021-09-02"},{"lineNumber":56,"author":{"gitId":"-"},"content":"","lastModifiedDate":"2021-08-20"},{"lineNumber":57,"author":{"gitId":"-"},"content":"    public static void main(String[] args) {","lastModifiedDate":"2021-09-02"},{"lineNumber":58,"author":{"gitId":"-"},"content":"        new Main(\"data/duke.txt\");","lastModifiedDate":"2021-09-18"},{"lineNumber":59,"author":{"gitId":"-"},"content":"    }","lastModifiedDate":"2019-07-29"},{"lineNumber":60,"author":{"gitId":"-"},"content":"}","lastModifiedDate":"2019-07-29"}],"authorContributionMap":{"TanChiaChun":14,"-":46}},{"path":"src/main/java/edu/nus/duke/command/ExitCommand.java","fileType":"java","lines":[{"lineNumber":1,"author":{"gitId":"-"},"content":"package edu.nus.duke.command;","lastModifiedDate":"2021-09-19"},{"lineNumber":2,"author":{"gitId":"-"},"content":"","lastModifiedDate":"2021-09-19"},{"lineNumber":3,"author":{"gitId":"-"},"content":"import edu.nus.duke.task.TaskList;","lastModifiedDate":"2021-09-19"},{"lineNumber":4,"author":{"gitId":"TanChiaChun"},"content":"import edu.nus.duke.ui.Ui;","lastModifiedDate":"2022-01-19"},{"lineNumber":5,"author":{"gitId":"-"},"content":"","lastModifiedDate":"2021-09-19"},{"lineNumber":6,"author":{"gitId":"-"},"content":"/**","lastModifiedDate":"2021-09-19"},{"lineNumber":7,"author":{"gitId":"-"},"content":" * Represent exit command that extends from Command.","lastModifiedDate":"2021-09-19"},{"lineNumber":8,"author":{"gitId":"-"},"content":" */","lastModifiedDate":"2021-09-19"},{"lineNumber":9,"author":{"gitId":"-"},"content":"public class ExitCommand extends Command {","lastModifiedDate":"2021-09-19"},{"lineNumber":10,"author":{"gitId":"-"},"content":"    // Variables","lastModifiedDate":"2021-09-19"},{"lineNumber":11,"author":{"gitId":"-"},"content":"    public static final String CMD \u003d \"bye\";","lastModifiedDate":"2021-09-19"},{"lineNumber":12,"author":{"gitId":"-"},"content":"","lastModifiedDate":"2021-09-19"},{"lineNumber":13,"author":{"gitId":"-"},"content":"    // Methods","lastModifiedDate":"2021-09-19"},{"lineNumber":14,"author":{"gitId":"-"},"content":"    @Override","lastModifiedDate":"2021-09-19"},{"lineNumber":15,"author":{"gitId":"-"},"content":"    public void run(TaskList taskList) {","lastModifiedDate":"2021-09-19"},{"lineNumber":16,"author":{"gitId":"-"},"content":"        Ui.printMessage(\"Bye. Hope to see you again soon!\");","lastModifiedDate":"2021-09-19"},{"lineNumber":17,"author":{"gitId":"-"},"content":"    }","lastModifiedDate":"2021-09-19"},{"lineNumber":18,"author":{"gitId":"-"},"content":"}","lastModifiedDate":"2021-09-19"}],"authorContributionMap":{"TanChiaChun":1,"-":17}},{"path":"src/main/java/edu/nus/duke/command/FindCommand.java","fileType":"java","lines":[{"lineNumber":1,"author":{"gitId":"-"},"content":"package edu.nus.duke.command;","lastModifiedDate":"2021-09-24"},{"lineNumber":2,"author":{"gitId":"-"},"content":"","lastModifiedDate":"2021-09-24"},{"lineNumber":3,"author":{"gitId":"-"},"content":"import edu.nus.duke.task.TaskList;","lastModifiedDate":"2021-09-24"},{"lineNumber":4,"author":{"gitId":"-"},"content":"import edu.nus.duke.ui.Ui;","lastModifiedDate":"2021-09-24"},{"lineNumber":5,"author":{"gitId":"-"},"content":"","lastModifiedDate":"2021-09-24"},{"lineNumber":6,"author":{"gitId":"-"},"content":"/**","lastModifiedDate":"2021-09-24"},{"lineNumber":7,"author":{"gitId":"-"},"content":" * Represent find command that extends from Command.","lastModifiedDate":"2021-09-24"},{"lineNumber":8,"author":{"gitId":"-"},"content":" */","lastModifiedDate":"2021-09-24"},{"lineNumber":9,"author":{"gitId":"-"},"content":"public class FindCommand extends Command {","lastModifiedDate":"2021-09-24"},{"lineNumber":10,"author":{"gitId":"-"},"content":"    // Variables","lastModifiedDate":"2021-09-24"},{"lineNumber":11,"author":{"gitId":"-"},"content":"    public static final String CMD \u003d \"find\";","lastModifiedDate":"2021-09-24"},{"lineNumber":12,"author":{"gitId":"TanChiaChun"},"content":"    private final String textFilter;","lastModifiedDate":"2022-01-19"},{"lineNumber":13,"author":{"gitId":"-"},"content":"","lastModifiedDate":"2021-09-24"},{"lineNumber":14,"author":{"gitId":"-"},"content":"    // Constructor","lastModifiedDate":"2021-09-24"},{"lineNumber":15,"author":{"gitId":"-"},"content":"    public FindCommand(String textFilter) {","lastModifiedDate":"2021-09-24"},{"lineNumber":16,"author":{"gitId":"-"},"content":"        this.textFilter \u003d textFilter;","lastModifiedDate":"2021-09-24"},{"lineNumber":17,"author":{"gitId":"-"},"content":"    }","lastModifiedDate":"2021-09-24"},{"lineNumber":18,"author":{"gitId":"-"},"content":"","lastModifiedDate":"2021-09-24"},{"lineNumber":19,"author":{"gitId":"-"},"content":"    // Methods","lastModifiedDate":"2021-09-24"},{"lineNumber":20,"author":{"gitId":"-"},"content":"    @Override","lastModifiedDate":"2021-09-24"},{"lineNumber":21,"author":{"gitId":"-"},"content":"    public void run(TaskList taskList) {","lastModifiedDate":"2021-09-24"},{"lineNumber":22,"author":{"gitId":"-"},"content":"        Ui.printMessage(\"Here are the matching tasks in your list:\", false);","lastModifiedDate":"2021-09-24"},{"lineNumber":23,"author":{"gitId":"-"},"content":"        taskList.printTasks(null, textFilter);","lastModifiedDate":"2021-09-24"},{"lineNumber":24,"author":{"gitId":"-"},"content":"    }","lastModifiedDate":"2021-09-24"},{"lineNumber":25,"author":{"gitId":"-"},"content":"}","lastModifiedDate":"2021-09-24"}],"authorContributionMap":{"TanChiaChun":1,"-":24}},{"path":"src/main/java/edu/nus/duke/command/ListCommand.java","fileType":"java","lines":[{"lineNumber":1,"author":{"gitId":"-"},"content":"package edu.nus.duke.command;","lastModifiedDate":"2021-09-19"},{"lineNumber":2,"author":{"gitId":"-"},"content":"","lastModifiedDate":"2021-09-19"},{"lineNumber":3,"author":{"gitId":"-"},"content":"import java.time.LocalDate;","lastModifiedDate":"2021-09-24"},{"lineNumber":4,"author":{"gitId":"-"},"content":"","lastModifiedDate":"2021-09-24"},{"lineNumber":5,"author":{"gitId":"-"},"content":"import edu.nus.duke.task.TaskList;","lastModifiedDate":"2021-09-19"},{"lineNumber":6,"author":{"gitId":"TanChiaChun"},"content":"import edu.nus.duke.ui.Ui;","lastModifiedDate":"2022-01-19"},{"lineNumber":7,"author":{"gitId":"-"},"content":"","lastModifiedDate":"2021-09-19"},{"lineNumber":8,"author":{"gitId":"-"},"content":"/**","lastModifiedDate":"2021-09-19"},{"lineNumber":9,"author":{"gitId":"-"},"content":" * Represent list command that extends from Command.","lastModifiedDate":"2021-09-19"},{"lineNumber":10,"author":{"gitId":"-"},"content":" */","lastModifiedDate":"2021-09-19"},{"lineNumber":11,"author":{"gitId":"-"},"content":"public class ListCommand extends Command {","lastModifiedDate":"2021-09-19"},{"lineNumber":12,"author":{"gitId":"-"},"content":"    // Variables","lastModifiedDate":"2021-09-19"},{"lineNumber":13,"author":{"gitId":"-"},"content":"    public static final String CMD \u003d \"list\";","lastModifiedDate":"2021-09-19"},{"lineNumber":14,"author":{"gitId":"-"},"content":"    private LocalDate dateFilter;","lastModifiedDate":"2021-09-24"},{"lineNumber":15,"author":{"gitId":"-"},"content":"","lastModifiedDate":"2021-09-24"},{"lineNumber":16,"author":{"gitId":"-"},"content":"    // Constructor","lastModifiedDate":"2021-09-24"},{"lineNumber":17,"author":{"gitId":"-"},"content":"    public ListCommand() {","lastModifiedDate":"2021-09-24"},{"lineNumber":18,"author":{"gitId":"-"},"content":"    }","lastModifiedDate":"2021-09-24"},{"lineNumber":19,"author":{"gitId":"-"},"content":"","lastModifiedDate":"2021-09-24"},{"lineNumber":20,"author":{"gitId":"-"},"content":"    public ListCommand(LocalDate dateFilter) {","lastModifiedDate":"2021-09-24"},{"lineNumber":21,"author":{"gitId":"-"},"content":"        this.dateFilter \u003d dateFilter;","lastModifiedDate":"2021-09-24"},{"lineNumber":22,"author":{"gitId":"-"},"content":"    }","lastModifiedDate":"2021-09-24"},{"lineNumber":23,"author":{"gitId":"-"},"content":"","lastModifiedDate":"2021-09-19"},{"lineNumber":24,"author":{"gitId":"-"},"content":"    // Methods","lastModifiedDate":"2021-09-19"},{"lineNumber":25,"author":{"gitId":"-"},"content":"    @Override","lastModifiedDate":"2021-09-19"},{"lineNumber":26,"author":{"gitId":"-"},"content":"    public void run(TaskList taskList) {","lastModifiedDate":"2021-09-19"},{"lineNumber":27,"author":{"gitId":"-"},"content":"        String message \u003d \"Here are the tasks in your list:\";","lastModifiedDate":"2021-09-27"},{"lineNumber":28,"author":{"gitId":"-"},"content":"        if (dateFilter !\u003d null) {","lastModifiedDate":"2021-09-27"},{"lineNumber":29,"author":{"gitId":"-"},"content":"            message \u003d \"Here are the filtered tasks in your list:\";","lastModifiedDate":"2021-09-27"},{"lineNumber":30,"author":{"gitId":"-"},"content":"        }","lastModifiedDate":"2021-09-27"},{"lineNumber":31,"author":{"gitId":"-"},"content":"","lastModifiedDate":"2021-09-27"},{"lineNumber":32,"author":{"gitId":"-"},"content":"        Ui.printMessage(message, false);","lastModifiedDate":"2021-09-27"},{"lineNumber":33,"author":{"gitId":"-"},"content":"        taskList.printTasks(dateFilter, null);","lastModifiedDate":"2021-09-24"},{"lineNumber":34,"author":{"gitId":"-"},"content":"    }","lastModifiedDate":"2021-09-19"},{"lineNumber":35,"author":{"gitId":"-"},"content":"}","lastModifiedDate":"2021-09-19"}],"authorContributionMap":{"TanChiaChun":1,"-":34}},{"path":"src/main/java/edu/nus/duke/parser/Parser.java","fileType":"java","lines":[{"lineNumber":1,"author":{"gitId":"-"},"content":"package edu.nus.duke.parser;","lastModifiedDate":"2021-09-19"},{"lineNumber":2,"author":{"gitId":"-"},"content":"","lastModifiedDate":"2021-09-19"},{"lineNumber":3,"author":{"gitId":"-"},"content":"import java.time.LocalDate;","lastModifiedDate":"2021-09-24"},{"lineNumber":4,"author":{"gitId":"-"},"content":"import java.time.LocalDateTime;","lastModifiedDate":"2021-09-19"},{"lineNumber":5,"author":{"gitId":"-"},"content":"import java.time.format.DateTimeFormatter;","lastModifiedDate":"2021-09-19"},{"lineNumber":6,"author":{"gitId":"-"},"content":"import java.time.format.DateTimeParseException;","lastModifiedDate":"2021-09-19"},{"lineNumber":7,"author":{"gitId":"-"},"content":"","lastModifiedDate":"2021-09-19"},{"lineNumber":8,"author":{"gitId":"-"},"content":"import edu.nus.duke.command.AddCommand;","lastModifiedDate":"2021-09-19"},{"lineNumber":9,"author":{"gitId":"TanChiaChun"},"content":"import edu.nus.duke.command.Command;","lastModifiedDate":"2022-01-19"},{"lineNumber":10,"author":{"gitId":"-"},"content":"import edu.nus.duke.command.DeleteCommand;","lastModifiedDate":"2021-09-19"},{"lineNumber":11,"author":{"gitId":"TanChiaChun"},"content":"import edu.nus.duke.command.DoneCommand;","lastModifiedDate":"2022-01-19"},{"lineNumber":12,"author":{"gitId":"-"},"content":"import edu.nus.duke.command.ExitCommand;","lastModifiedDate":"2021-09-19"},{"lineNumber":13,"author":{"gitId":"-"},"content":"import edu.nus.duke.command.FindCommand;","lastModifiedDate":"2021-09-24"},{"lineNumber":14,"author":{"gitId":"TanChiaChun"},"content":"import edu.nus.duke.command.ListCommand;","lastModifiedDate":"2022-01-19"},{"lineNumber":15,"author":{"gitId":"TanChiaChun"},"content":"import edu.nus.duke.exception.DukeDisallowInputException;","lastModifiedDate":"2022-01-19"},{"lineNumber":16,"author":{"gitId":"TanChiaChun"},"content":"import edu.nus.duke.exception.DukeInvalidInputException;","lastModifiedDate":"2022-01-19"},{"lineNumber":17,"author":{"gitId":"TanChiaChun"},"content":"import edu.nus.duke.storage.Storage;","lastModifiedDate":"2022-01-19"},{"lineNumber":18,"author":{"gitId":"-"},"content":"import edu.nus.duke.task.Deadline;","lastModifiedDate":"2021-09-19"},{"lineNumber":19,"author":{"gitId":"-"},"content":"import edu.nus.duke.task.Event;","lastModifiedDate":"2021-09-19"},{"lineNumber":20,"author":{"gitId":"TanChiaChun"},"content":"import edu.nus.duke.task.Todo;","lastModifiedDate":"2022-01-19"},{"lineNumber":21,"author":{"gitId":"-"},"content":"","lastModifiedDate":"2021-09-19"},{"lineNumber":22,"author":{"gitId":"-"},"content":"/**","lastModifiedDate":"2021-09-19"},{"lineNumber":23,"author":{"gitId":"-"},"content":" * Class that deals with making sense of the user command","lastModifiedDate":"2021-09-19"},{"lineNumber":24,"author":{"gitId":"-"},"content":" */","lastModifiedDate":"2021-09-19"},{"lineNumber":25,"author":{"gitId":"-"},"content":"public class Parser {","lastModifiedDate":"2021-09-19"},{"lineNumber":26,"author":{"gitId":"-"},"content":"    // Variables","lastModifiedDate":"2021-09-19"},{"lineNumber":27,"author":{"gitId":"-"},"content":"    private static final String DATE_FORMAT \u003d \"yyyy-MM-dd\";","lastModifiedDate":"2021-09-20"},{"lineNumber":28,"author":{"gitId":"-"},"content":"    private static final String DT_FORMAT \u003d \"yyyy-MM-dd\u0027T\u0027HH:mm\";","lastModifiedDate":"2021-09-19"},{"lineNumber":29,"author":{"gitId":"-"},"content":"    private static final String DATE_FORMAT_PRINT \u003d \"d MMM yy\";","lastModifiedDate":"2021-09-20"},{"lineNumber":30,"author":{"gitId":"-"},"content":"    private static final String DT_FORMAT_PRINT \u003d \"d MMM yy h:mm a\";","lastModifiedDate":"2021-09-20"},{"lineNumber":31,"author":{"gitId":"-"},"content":"","lastModifiedDate":"2021-09-19"},{"lineNumber":32,"author":{"gitId":"-"},"content":"    // Methods","lastModifiedDate":"2021-09-19"},{"lineNumber":33,"author":{"gitId":"-"},"content":"    private static void rejectBadInput(String input) throws DukeDisallowInputException {","lastModifiedDate":"2021-09-19"},{"lineNumber":34,"author":{"gitId":"-"},"content":"        if (input.contains(Storage.getSaveSep())) {","lastModifiedDate":"2021-09-19"},{"lineNumber":35,"author":{"gitId":"-"},"content":"            throw new DukeDisallowInputException();","lastModifiedDate":"2021-09-19"},{"lineNumber":36,"author":{"gitId":"-"},"content":"        }","lastModifiedDate":"2021-09-19"},{"lineNumber":37,"author":{"gitId":"-"},"content":"    }","lastModifiedDate":"2021-09-19"},{"lineNumber":38,"author":{"gitId":"-"},"content":"","lastModifiedDate":"2021-09-19"},{"lineNumber":39,"author":{"gitId":"-"},"content":"    private static LocalDate parseDate(String s) throws DateTimeParseException {","lastModifiedDate":"2021-09-24"},{"lineNumber":40,"author":{"gitId":"-"},"content":"        return LocalDate.parse(s, DateTimeFormatter.ofPattern(DATE_FORMAT));","lastModifiedDate":"2021-09-24"},{"lineNumber":41,"author":{"gitId":"-"},"content":"    }","lastModifiedDate":"2021-09-24"},{"lineNumber":42,"author":{"gitId":"-"},"content":"","lastModifiedDate":"2021-09-24"},{"lineNumber":43,"author":{"gitId":"-"},"content":"    /**","lastModifiedDate":"2021-09-24"},{"lineNumber":44,"author":{"gitId":"-"},"content":"     * Returns a {@code LocalDateTime} by parsing from a date/datetime string.","lastModifiedDate":"2021-09-24"},{"lineNumber":45,"author":{"gitId":"-"},"content":"     *","lastModifiedDate":"2021-09-24"},{"lineNumber":46,"author":{"gitId":"-"},"content":"     * @param s Date/datetime string","lastModifiedDate":"2021-09-24"},{"lineNumber":47,"author":{"gitId":"-"},"content":"     * @return a {@code LocalDateTime}","lastModifiedDate":"2021-09-24"},{"lineNumber":48,"author":{"gitId":"-"},"content":"     * @throws DateTimeParseException If format is invalid.","lastModifiedDate":"2021-09-24"},{"lineNumber":49,"author":{"gitId":"-"},"content":"     */","lastModifiedDate":"2021-09-24"},{"lineNumber":50,"author":{"gitId":"-"},"content":"    public static LocalDateTime parseDt(String s) throws DateTimeParseException {","lastModifiedDate":"2021-09-20"},{"lineNumber":51,"author":{"gitId":"-"},"content":"        String dt \u003d s;","lastModifiedDate":"2021-09-20"},{"lineNumber":52,"author":{"gitId":"-"},"content":"        if (s.length() \u003d\u003d DATE_FORMAT.length()) {","lastModifiedDate":"2021-09-20"},{"lineNumber":53,"author":{"gitId":"-"},"content":"            dt \u003d s + \"T00:00\";","lastModifiedDate":"2021-09-20"},{"lineNumber":54,"author":{"gitId":"-"},"content":"        }","lastModifiedDate":"2021-09-20"},{"lineNumber":55,"author":{"gitId":"-"},"content":"        return LocalDateTime.parse(dt, DateTimeFormatter.ofPattern(DT_FORMAT));","lastModifiedDate":"2021-09-20"},{"lineNumber":56,"author":{"gitId":"-"},"content":"    }","lastModifiedDate":"2021-09-19"},{"lineNumber":57,"author":{"gitId":"-"},"content":"","lastModifiedDate":"2021-09-19"},{"lineNumber":58,"author":{"gitId":"-"},"content":"    /**","lastModifiedDate":"2021-09-24"},{"lineNumber":59,"author":{"gitId":"-"},"content":"     * Returns a string representation of {@code LocalDateTime}.","lastModifiedDate":"2021-09-24"},{"lineNumber":60,"author":{"gitId":"-"},"content":"     *","lastModifiedDate":"2021-09-24"},{"lineNumber":61,"author":{"gitId":"-"},"content":"     * @param dt {@code LocalDateTime}","lastModifiedDate":"2021-09-24"},{"lineNumber":62,"author":{"gitId":"-"},"content":"     * @return String representation of datetime.","lastModifiedDate":"2021-09-24"},{"lineNumber":63,"author":{"gitId":"-"},"content":"     */","lastModifiedDate":"2021-09-24"},{"lineNumber":64,"author":{"gitId":"-"},"content":"    public static String dtToString(LocalDateTime dt) {","lastModifiedDate":"2021-09-20"},{"lineNumber":65,"author":{"gitId":"-"},"content":"        return dt.format(DateTimeFormatter.ofPattern(DT_FORMAT));","lastModifiedDate":"2021-09-19"},{"lineNumber":66,"author":{"gitId":"-"},"content":"    }","lastModifiedDate":"2021-09-19"},{"lineNumber":67,"author":{"gitId":"-"},"content":"","lastModifiedDate":"2021-09-19"},{"lineNumber":68,"author":{"gitId":"-"},"content":"    /**","lastModifiedDate":"2021-09-24"},{"lineNumber":69,"author":{"gitId":"-"},"content":"     * Returns a display-friendly string representation of {@code LocalDateTime}.","lastModifiedDate":"2021-09-24"},{"lineNumber":70,"author":{"gitId":"-"},"content":"     *","lastModifiedDate":"2021-09-24"},{"lineNumber":71,"author":{"gitId":"-"},"content":"     * @param dt {@code LocalDateTime}","lastModifiedDate":"2021-09-24"},{"lineNumber":72,"author":{"gitId":"-"},"content":"     * @return String representation of datetime.","lastModifiedDate":"2021-09-24"},{"lineNumber":73,"author":{"gitId":"-"},"content":"     */","lastModifiedDate":"2021-09-24"},{"lineNumber":74,"author":{"gitId":"-"},"content":"    public static String printDt(LocalDateTime dt) {","lastModifiedDate":"2021-09-20"},{"lineNumber":75,"author":{"gitId":"-"},"content":"        if ((dt.getHour() \u003d\u003d 0) \u0026\u0026 (dt.getMinute() \u003d\u003d 0)) {","lastModifiedDate":"2021-09-20"},{"lineNumber":76,"author":{"gitId":"-"},"content":"            return dt.format(DateTimeFormatter.ofPattern(DATE_FORMAT_PRINT));","lastModifiedDate":"2021-09-20"},{"lineNumber":77,"author":{"gitId":"-"},"content":"        }","lastModifiedDate":"2021-09-20"},{"lineNumber":78,"author":{"gitId":"-"},"content":"        return dt.format(DateTimeFormatter.ofPattern(DT_FORMAT_PRINT));","lastModifiedDate":"2021-09-20"},{"lineNumber":79,"author":{"gitId":"-"},"content":"    }","lastModifiedDate":"2021-09-20"},{"lineNumber":80,"author":{"gitId":"-"},"content":"","lastModifiedDate":"2021-09-20"},{"lineNumber":81,"author":{"gitId":"TanChiaChun"},"content":"    private static Command parseInputMultiArgs(String cmd, String args) throws ArrayIndexOutOfBoundsException,","lastModifiedDate":"2022-01-19"},{"lineNumber":82,"author":{"gitId":"-"},"content":"            DukeInvalidInputException, DateTimeParseException {","lastModifiedDate":"2021-09-20"},{"lineNumber":83,"author":{"gitId":"-"},"content":"        String[] argsArray;","lastModifiedDate":"2021-09-19"},{"lineNumber":84,"author":{"gitId":"-"},"content":"        String taskName;","lastModifiedDate":"2021-09-19"},{"lineNumber":85,"author":{"gitId":"-"},"content":"        int idx;","lastModifiedDate":"2021-09-19"},{"lineNumber":86,"author":{"gitId":"-"},"content":"","lastModifiedDate":"2021-09-19"},{"lineNumber":87,"author":{"gitId":"-"},"content":"        switch (cmd) {","lastModifiedDate":"2021-09-19"},{"lineNumber":88,"author":{"gitId":"-"},"content":"        case AddCommand.CMD_TODO:","lastModifiedDate":"2021-09-19"},{"lineNumber":89,"author":{"gitId":"-"},"content":"            taskName \u003d args;","lastModifiedDate":"2021-09-19"},{"lineNumber":90,"author":{"gitId":"-"},"content":"            return (new AddCommand(new Todo(taskName)));","lastModifiedDate":"2021-09-19"},{"lineNumber":91,"author":{"gitId":"-"},"content":"        case AddCommand.CMD_DEADLINE:","lastModifiedDate":"2021-09-19"},{"lineNumber":92,"author":{"gitId":"-"},"content":"            argsArray \u003d args.split(\"/by\");","lastModifiedDate":"2021-09-19"},{"lineNumber":93,"author":{"gitId":"-"},"content":"            taskName \u003d argsArray[0].trim();","lastModifiedDate":"2021-09-19"},{"lineNumber":94,"author":{"gitId":"-"},"content":"            LocalDateTime by \u003d parseDt(argsArray[1].trim());","lastModifiedDate":"2021-09-20"},{"lineNumber":95,"author":{"gitId":"-"},"content":"            return (new AddCommand(new Deadline(taskName, by)));","lastModifiedDate":"2021-09-19"},{"lineNumber":96,"author":{"gitId":"-"},"content":"        case AddCommand.CMD_EVENT:","lastModifiedDate":"2021-09-19"},{"lineNumber":97,"author":{"gitId":"-"},"content":"            argsArray \u003d args.split(\"/at\");","lastModifiedDate":"2021-09-19"},{"lineNumber":98,"author":{"gitId":"-"},"content":"            taskName \u003d argsArray[0].trim();","lastModifiedDate":"2021-09-19"},{"lineNumber":99,"author":{"gitId":"-"},"content":"            LocalDateTime at \u003d parseDt(argsArray[1].trim());","lastModifiedDate":"2021-09-20"},{"lineNumber":100,"author":{"gitId":"-"},"content":"            return (new AddCommand(new Event(taskName, at)));","lastModifiedDate":"2021-09-19"},{"lineNumber":101,"author":{"gitId":"-"},"content":"        case DoneCommand.CMD:","lastModifiedDate":"2021-09-19"},{"lineNumber":102,"author":{"gitId":"-"},"content":"            idx \u003d Integer.parseInt(args) - 1;","lastModifiedDate":"2021-09-19"},{"lineNumber":103,"author":{"gitId":"-"},"content":"            return (new DoneCommand(idx));","lastModifiedDate":"2021-09-19"},{"lineNumber":104,"author":{"gitId":"-"},"content":"        case DeleteCommand.CMD:","lastModifiedDate":"2021-09-19"},{"lineNumber":105,"author":{"gitId":"-"},"content":"            idx \u003d Integer.parseInt(args) - 1;","lastModifiedDate":"2021-09-19"},{"lineNumber":106,"author":{"gitId":"-"},"content":"            return (new DeleteCommand(idx));","lastModifiedDate":"2021-09-19"},{"lineNumber":107,"author":{"gitId":"-"},"content":"        case FindCommand.CMD:","lastModifiedDate":"2021-09-24"},{"lineNumber":108,"author":{"gitId":"-"},"content":"            return (new FindCommand(args));","lastModifiedDate":"2021-09-24"},{"lineNumber":109,"author":{"gitId":"-"},"content":"        default:","lastModifiedDate":"2021-09-19"},{"lineNumber":110,"author":{"gitId":"-"},"content":"            throw new DukeInvalidInputException();","lastModifiedDate":"2021-09-19"},{"lineNumber":111,"author":{"gitId":"-"},"content":"        }","lastModifiedDate":"2021-09-19"},{"lineNumber":112,"author":{"gitId":"-"},"content":"    }","lastModifiedDate":"2021-09-19"},{"lineNumber":113,"author":{"gitId":"-"},"content":"","lastModifiedDate":"2021-09-19"},{"lineNumber":114,"author":{"gitId":"-"},"content":"    /**","lastModifiedDate":"2021-09-19"},{"lineNumber":115,"author":{"gitId":"-"},"content":"     * Parse the string input from user and returns a {@code Command}.","lastModifiedDate":"2021-09-19"},{"lineNumber":116,"author":{"gitId":"-"},"content":"     *","lastModifiedDate":"2021-09-19"},{"lineNumber":117,"author":{"gitId":"-"},"content":"     * @param inputTxt Input string from user.","lastModifiedDate":"2021-09-19"},{"lineNumber":118,"author":{"gitId":"-"},"content":"     * @return A polymorphic command to be executed.","lastModifiedDate":"2021-09-19"},{"lineNumber":119,"author":{"gitId":"-"},"content":"     * @throws DukeInvalidInputException If user input is not of standard commands.","lastModifiedDate":"2021-09-19"},{"lineNumber":120,"author":{"gitId":"-"},"content":"     * @throws DukeDisallowInputException If disallowed keywords are present.","lastModifiedDate":"2021-09-19"},{"lineNumber":121,"author":{"gitId":"-"},"content":"     * @throws ArrayIndexOutOfBoundsException If there is invalid argument.","lastModifiedDate":"2021-09-19"},{"lineNumber":122,"author":{"gitId":"-"},"content":"     * @throws DateTimeParseException If date/datetime input format is invalid.","lastModifiedDate":"2021-09-24"},{"lineNumber":123,"author":{"gitId":"-"},"content":"     */","lastModifiedDate":"2021-09-19"},{"lineNumber":124,"author":{"gitId":"-"},"content":"    public static Command parseInput(String inputTxt) throws DukeInvalidInputException,","lastModifiedDate":"2021-09-27"},{"lineNumber":125,"author":{"gitId":"-"},"content":"            DukeDisallowInputException, ArrayIndexOutOfBoundsException, DateTimeParseException {","lastModifiedDate":"2021-09-20"},{"lineNumber":126,"author":{"gitId":"-"},"content":"        rejectBadInput(inputTxt);","lastModifiedDate":"2021-09-19"},{"lineNumber":127,"author":{"gitId":"-"},"content":"","lastModifiedDate":"2021-09-19"},{"lineNumber":128,"author":{"gitId":"-"},"content":"        String[] inputArray \u003d inputTxt.split(\" \", 2);","lastModifiedDate":"2021-09-19"},{"lineNumber":129,"author":{"gitId":"-"},"content":"        String cmd \u003d inputArray[0];","lastModifiedDate":"2021-09-19"},{"lineNumber":130,"author":{"gitId":"-"},"content":"","lastModifiedDate":"2021-09-19"},{"lineNumber":131,"author":{"gitId":"-"},"content":"        if (cmd.equals(ListCommand.CMD)) {","lastModifiedDate":"2021-09-19"},{"lineNumber":132,"author":{"gitId":"-"},"content":"            if (inputArray.length \u003d\u003d 2) {","lastModifiedDate":"2021-09-24"},{"lineNumber":133,"author":{"gitId":"-"},"content":"                LocalDate date \u003d parseDate(inputArray[1]);","lastModifiedDate":"2021-09-24"},{"lineNumber":134,"author":{"gitId":"-"},"content":"                return (new ListCommand(date));","lastModifiedDate":"2021-09-24"},{"lineNumber":135,"author":{"gitId":"-"},"content":"            }","lastModifiedDate":"2021-09-24"},{"lineNumber":136,"author":{"gitId":"-"},"content":"            return (new ListCommand());","lastModifiedDate":"2021-09-19"},{"lineNumber":137,"author":{"gitId":"-"},"content":"        } else if (cmd.equals(ExitCommand.CMD)) {","lastModifiedDate":"2021-09-19"},{"lineNumber":138,"author":{"gitId":"-"},"content":"            return (new ExitCommand());","lastModifiedDate":"2021-09-19"},{"lineNumber":139,"author":{"gitId":"-"},"content":"        } else {","lastModifiedDate":"2021-09-19"},{"lineNumber":140,"author":{"gitId":"-"},"content":"            String args \u003d inputArray[1];","lastModifiedDate":"2021-09-19"},{"lineNumber":141,"author":{"gitId":"TanChiaChun"},"content":"            return parseInputMultiArgs(cmd, args);","lastModifiedDate":"2022-01-19"},{"lineNumber":142,"author":{"gitId":"-"},"content":"        }","lastModifiedDate":"2021-09-19"},{"lineNumber":143,"author":{"gitId":"-"},"content":"    }","lastModifiedDate":"2021-09-19"},{"lineNumber":144,"author":{"gitId":"-"},"content":"}","lastModifiedDate":"2021-09-19"}],"authorContributionMap":{"TanChiaChun":9,"-":135}},{"path":"src/main/java/edu/nus/duke/storage/Storage.java","fileType":"java","lines":[{"lineNumber":1,"author":{"gitId":"-"},"content":"package edu.nus.duke.storage;","lastModifiedDate":"2021-09-18"},{"lineNumber":2,"author":{"gitId":"-"},"content":"","lastModifiedDate":"2021-09-18"},{"lineNumber":3,"author":{"gitId":"-"},"content":"import java.io.File;","lastModifiedDate":"2021-09-18"},{"lineNumber":4,"author":{"gitId":"-"},"content":"import java.io.FileNotFoundException;","lastModifiedDate":"2021-09-18"},{"lineNumber":5,"author":{"gitId":"TanChiaChun"},"content":"import java.io.FileWriter;","lastModifiedDate":"2022-01-19"},{"lineNumber":6,"author":{"gitId":"TanChiaChun"},"content":"import java.io.IOException;","lastModifiedDate":"2022-01-19"},{"lineNumber":7,"author":{"gitId":"-"},"content":"import java.nio.file.Files;","lastModifiedDate":"2021-09-18"},{"lineNumber":8,"author":{"gitId":"-"},"content":"import java.nio.file.Path;","lastModifiedDate":"2021-09-18"},{"lineNumber":9,"author":{"gitId":"-"},"content":"import java.nio.file.Paths;","lastModifiedDate":"2021-09-18"},{"lineNumber":10,"author":{"gitId":"-"},"content":"import java.time.format.DateTimeParseException;","lastModifiedDate":"2021-09-20"},{"lineNumber":11,"author":{"gitId":"TanChiaChun"},"content":"import java.util.Scanner;","lastModifiedDate":"2022-01-19"},{"lineNumber":12,"author":{"gitId":"-"},"content":"","lastModifiedDate":"2021-09-18"},{"lineNumber":13,"author":{"gitId":"-"},"content":"import edu.nus.duke.exception.DukeInvalidTaskIndexException;","lastModifiedDate":"2021-09-19"},{"lineNumber":14,"author":{"gitId":"TanChiaChun"},"content":"import edu.nus.duke.task.TaskList;","lastModifiedDate":"2022-01-19"},{"lineNumber":15,"author":{"gitId":"TanChiaChun"},"content":"import edu.nus.duke.ui.Ui;","lastModifiedDate":"2022-01-19"},{"lineNumber":16,"author":{"gitId":"-"},"content":"","lastModifiedDate":"2021-09-18"},{"lineNumber":17,"author":{"gitId":"-"},"content":"/**","lastModifiedDate":"2021-09-19"},{"lineNumber":18,"author":{"gitId":"-"},"content":" * Class that deals with loading tasks from the file and saving tasks in the file","lastModifiedDate":"2021-09-19"},{"lineNumber":19,"author":{"gitId":"-"},"content":" */","lastModifiedDate":"2021-09-19"},{"lineNumber":20,"author":{"gitId":"-"},"content":"public class Storage {","lastModifiedDate":"2021-09-18"},{"lineNumber":21,"author":{"gitId":"-"},"content":"    // Variables","lastModifiedDate":"2021-09-18"},{"lineNumber":22,"author":{"gitId":"-"},"content":"    private static final String SAVE_SEP \u003d \";\";","lastModifiedDate":"2021-09-19"},{"lineNumber":23,"author":{"gitId":"TanChiaChun"},"content":"    private final String filePath;","lastModifiedDate":"2022-01-19"},{"lineNumber":24,"author":{"gitId":"-"},"content":"","lastModifiedDate":"2021-09-18"},{"lineNumber":25,"author":{"gitId":"TanChiaChun"},"content":"    /**","lastModifiedDate":"2022-01-19"},{"lineNumber":26,"author":{"gitId":"TanChiaChun"},"content":"     * Constructor of Storage class.","lastModifiedDate":"2022-01-19"},{"lineNumber":27,"author":{"gitId":"TanChiaChun"},"content":"     *","lastModifiedDate":"2022-01-19"},{"lineNumber":28,"author":{"gitId":"TanChiaChun"},"content":"     * @param filePath File path of txt storage.","lastModifiedDate":"2022-01-19"},{"lineNumber":29,"author":{"gitId":"TanChiaChun"},"content":"     * @param taskList TaskList to be saved.","lastModifiedDate":"2022-01-19"},{"lineNumber":30,"author":{"gitId":"TanChiaChun"},"content":"     */","lastModifiedDate":"2022-01-19"},{"lineNumber":31,"author":{"gitId":"-"},"content":"    public Storage(String filePath, TaskList taskList) {","lastModifiedDate":"2021-09-18"},{"lineNumber":32,"author":{"gitId":"-"},"content":"        this.filePath \u003d filePath;","lastModifiedDate":"2021-09-18"},{"lineNumber":33,"author":{"gitId":"-"},"content":"        File f \u003d new File(this.filePath);","lastModifiedDate":"2021-09-18"},{"lineNumber":34,"author":{"gitId":"-"},"content":"        if (f.isFile()) {","lastModifiedDate":"2021-09-18"},{"lineNumber":35,"author":{"gitId":"-"},"content":"            loadData(f, taskList);","lastModifiedDate":"2021-09-18"},{"lineNumber":36,"author":{"gitId":"-"},"content":"        }","lastModifiedDate":"2021-09-18"},{"lineNumber":37,"author":{"gitId":"-"},"content":"    }","lastModifiedDate":"2021-09-18"},{"lineNumber":38,"author":{"gitId":"-"},"content":"","lastModifiedDate":"2021-09-18"},{"lineNumber":39,"author":{"gitId":"-"},"content":"    // Getter","lastModifiedDate":"2021-09-18"},{"lineNumber":40,"author":{"gitId":"-"},"content":"    /**","lastModifiedDate":"2021-09-19"},{"lineNumber":41,"author":{"gitId":"-"},"content":"     * Return string of save separator.","lastModifiedDate":"2021-09-19"},{"lineNumber":42,"author":{"gitId":"-"},"content":"     *","lastModifiedDate":"2021-09-19"},{"lineNumber":43,"author":{"gitId":"-"},"content":"     * @return string of save separator.","lastModifiedDate":"2021-09-19"},{"lineNumber":44,"author":{"gitId":"-"},"content":"     */","lastModifiedDate":"2021-09-19"},{"lineNumber":45,"author":{"gitId":"-"},"content":"    public static String getSaveSep() {","lastModifiedDate":"2021-09-19"},{"lineNumber":46,"author":{"gitId":"-"},"content":"        return SAVE_SEP;","lastModifiedDate":"2021-09-18"},{"lineNumber":47,"author":{"gitId":"-"},"content":"    }","lastModifiedDate":"2021-09-18"},{"lineNumber":48,"author":{"gitId":"-"},"content":"","lastModifiedDate":"2021-09-18"},{"lineNumber":49,"author":{"gitId":"-"},"content":"    // Methods","lastModifiedDate":"2021-09-18"},{"lineNumber":50,"author":{"gitId":"-"},"content":"    private void loadData(File f, TaskList taskList) {","lastModifiedDate":"2021-09-18"},{"lineNumber":51,"author":{"gitId":"-"},"content":"        try {","lastModifiedDate":"2021-09-18"},{"lineNumber":52,"author":{"gitId":"-"},"content":"            Scanner s \u003d new Scanner(f);","lastModifiedDate":"2021-09-18"},{"lineNumber":53,"author":{"gitId":"-"},"content":"            while (s.hasNext()) {","lastModifiedDate":"2021-09-18"},{"lineNumber":54,"author":{"gitId":"-"},"content":"                String line \u003d s.nextLine();","lastModifiedDate":"2021-09-18"},{"lineNumber":55,"author":{"gitId":"-"},"content":"                try {","lastModifiedDate":"2021-09-18"},{"lineNumber":56,"author":{"gitId":"-"},"content":"                    taskList.addTask(line.split(SAVE_SEP));","lastModifiedDate":"2021-09-18"},{"lineNumber":57,"author":{"gitId":"-"},"content":"                } catch (ArrayIndexOutOfBoundsException e) {","lastModifiedDate":"2021-09-18"},{"lineNumber":58,"author":{"gitId":"TanChiaChun"},"content":"                    Ui.printMessageExit(\"Bad data in \" + filePath);","lastModifiedDate":"2022-01-19"},{"lineNumber":59,"author":{"gitId":"-"},"content":"                } catch (DukeInvalidTaskIndexException e) {","lastModifiedDate":"2021-09-19"},{"lineNumber":60,"author":{"gitId":"TanChiaChun"},"content":"                    Ui.printMessageExit(\"Invalid task index in \" + filePath);","lastModifiedDate":"2022-01-19"},{"lineNumber":61,"author":{"gitId":"-"},"content":"                } catch (DateTimeParseException e) {","lastModifiedDate":"2021-09-20"},{"lineNumber":62,"author":{"gitId":"TanChiaChun"},"content":"                    Ui.printMessageExit(\"Invalid datetime in \" + filePath);","lastModifiedDate":"2022-01-19"},{"lineNumber":63,"author":{"gitId":"-"},"content":"                }","lastModifiedDate":"2021-09-18"},{"lineNumber":64,"author":{"gitId":"-"},"content":"            }","lastModifiedDate":"2021-09-18"},{"lineNumber":65,"author":{"gitId":"-"},"content":"        } catch (FileNotFoundException e) {","lastModifiedDate":"2021-09-18"},{"lineNumber":66,"author":{"gitId":"TanChiaChun"},"content":"            Ui.printMessageExit(filePath + \" not found!\");","lastModifiedDate":"2022-01-19"},{"lineNumber":67,"author":{"gitId":"-"},"content":"        }","lastModifiedDate":"2021-09-18"},{"lineNumber":68,"author":{"gitId":"-"},"content":"","lastModifiedDate":"2021-09-18"},{"lineNumber":69,"author":{"gitId":"-"},"content":"    }","lastModifiedDate":"2021-09-18"},{"lineNumber":70,"author":{"gitId":"-"},"content":"","lastModifiedDate":"2021-09-18"},{"lineNumber":71,"author":{"gitId":"-"},"content":"    private void createParentDir(String filePath) {","lastModifiedDate":"2021-09-18"},{"lineNumber":72,"author":{"gitId":"-"},"content":"        Path path \u003d Paths.get(filePath).getParent();","lastModifiedDate":"2021-09-18"},{"lineNumber":73,"author":{"gitId":"-"},"content":"        if (path \u003d\u003d null || Files.isDirectory(path)) {","lastModifiedDate":"2021-09-18"},{"lineNumber":74,"author":{"gitId":"-"},"content":"            return;","lastModifiedDate":"2021-09-18"},{"lineNumber":75,"author":{"gitId":"-"},"content":"        }","lastModifiedDate":"2021-09-18"},{"lineNumber":76,"author":{"gitId":"-"},"content":"        try {","lastModifiedDate":"2021-09-18"},{"lineNumber":77,"author":{"gitId":"-"},"content":"            Files.createDirectory(path);","lastModifiedDate":"2021-09-18"},{"lineNumber":78,"author":{"gitId":"-"},"content":"        } catch (IOException e) {","lastModifiedDate":"2021-09-18"},{"lineNumber":79,"author":{"gitId":"TanChiaChun"},"content":"            Ui.printMessageExit(e.getMessage());","lastModifiedDate":"2022-01-19"},{"lineNumber":80,"author":{"gitId":"-"},"content":"        }","lastModifiedDate":"2021-09-18"},{"lineNumber":81,"author":{"gitId":"-"},"content":"    }","lastModifiedDate":"2021-09-18"},{"lineNumber":82,"author":{"gitId":"-"},"content":"","lastModifiedDate":"2021-09-18"},{"lineNumber":83,"author":{"gitId":"-"},"content":"    /**","lastModifiedDate":"2021-09-19"},{"lineNumber":84,"author":{"gitId":"-"},"content":"     * Write String to file.","lastModifiedDate":"2021-09-19"},{"lineNumber":85,"author":{"gitId":"-"},"content":"     *","lastModifiedDate":"2021-09-19"},{"lineNumber":86,"author":{"gitId":"-"},"content":"     * @param txt String to be written.","lastModifiedDate":"2021-09-19"},{"lineNumber":87,"author":{"gitId":"-"},"content":"     */","lastModifiedDate":"2021-09-19"},{"lineNumber":88,"author":{"gitId":"-"},"content":"    public void writeToFile(String txt) {","lastModifiedDate":"2021-09-18"},{"lineNumber":89,"author":{"gitId":"-"},"content":"        createParentDir(filePath);","lastModifiedDate":"2021-09-18"},{"lineNumber":90,"author":{"gitId":"-"},"content":"        try {","lastModifiedDate":"2021-09-18"},{"lineNumber":91,"author":{"gitId":"-"},"content":"            FileWriter fw \u003d new FileWriter(filePath);","lastModifiedDate":"2021-09-18"},{"lineNumber":92,"author":{"gitId":"-"},"content":"            fw.write(txt);","lastModifiedDate":"2021-09-18"},{"lineNumber":93,"author":{"gitId":"-"},"content":"            fw.close();","lastModifiedDate":"2021-09-18"},{"lineNumber":94,"author":{"gitId":"-"},"content":"        } catch (IOException e) {","lastModifiedDate":"2021-09-18"},{"lineNumber":95,"author":{"gitId":"TanChiaChun"},"content":"            Ui.printMessageExit(e.getMessage());","lastModifiedDate":"2022-01-19"},{"lineNumber":96,"author":{"gitId":"-"},"content":"        }","lastModifiedDate":"2021-09-18"},{"lineNumber":97,"author":{"gitId":"-"},"content":"    }","lastModifiedDate":"2021-09-18"},{"lineNumber":98,"author":{"gitId":"-"},"content":"}","lastModifiedDate":"2021-09-18"}],"authorContributionMap":{"TanChiaChun":18,"-":80}},{"path":"src/main/java/edu/nus/duke/task/Deadline.java","fileType":"java","lines":[{"lineNumber":1,"author":{"gitId":"-"},"content":"package edu.nus.duke.task;","lastModifiedDate":"2021-09-04"},{"lineNumber":2,"author":{"gitId":"-"},"content":"","lastModifiedDate":"2021-09-04"},{"lineNumber":3,"author":{"gitId":"-"},"content":"import java.time.LocalDateTime;","lastModifiedDate":"2021-09-20"},{"lineNumber":4,"author":{"gitId":"-"},"content":"","lastModifiedDate":"2021-09-20"},{"lineNumber":5,"author":{"gitId":"-"},"content":"import edu.nus.duke.parser.Parser;","lastModifiedDate":"2021-09-20"},{"lineNumber":6,"author":{"gitId":"-"},"content":"","lastModifiedDate":"2021-09-20"},{"lineNumber":7,"author":{"gitId":"-"},"content":"/**","lastModifiedDate":"2021-09-11"},{"lineNumber":8,"author":{"gitId":"-"},"content":" * Represent a deadline with due that extends from Task.","lastModifiedDate":"2021-09-11"},{"lineNumber":9,"author":{"gitId":"-"},"content":" */","lastModifiedDate":"2021-09-11"},{"lineNumber":10,"author":{"gitId":"-"},"content":"public class Deadline extends Task {","lastModifiedDate":"2021-08-26"},{"lineNumber":11,"author":{"gitId":"-"},"content":"    // Variables","lastModifiedDate":"2021-08-26"},{"lineNumber":12,"author":{"gitId":"-"},"content":"    protected LocalDateTime by;","lastModifiedDate":"2021-09-20"},{"lineNumber":13,"author":{"gitId":"-"},"content":"","lastModifiedDate":"2021-08-26"},{"lineNumber":14,"author":{"gitId":"-"},"content":"    // Constructor","lastModifiedDate":"2021-08-26"},{"lineNumber":15,"author":{"gitId":"TanChiaChun"},"content":"    /**","lastModifiedDate":"2022-01-19"},{"lineNumber":16,"author":{"gitId":"TanChiaChun"},"content":"     * Constructor of Deadline class.","lastModifiedDate":"2022-01-19"},{"lineNumber":17,"author":{"gitId":"TanChiaChun"},"content":"     *","lastModifiedDate":"2022-01-19"},{"lineNumber":18,"author":{"gitId":"TanChiaChun"},"content":"     * @param taskName Name of task.","lastModifiedDate":"2022-01-19"},{"lineNumber":19,"author":{"gitId":"TanChiaChun"},"content":"     * @param by Due datetime.","lastModifiedDate":"2022-01-19"},{"lineNumber":20,"author":{"gitId":"TanChiaChun"},"content":"     */","lastModifiedDate":"2022-01-19"},{"lineNumber":21,"author":{"gitId":"-"},"content":"    public Deadline(String taskName, LocalDateTime by) {","lastModifiedDate":"2021-09-20"},{"lineNumber":22,"author":{"gitId":"-"},"content":"        super(\u0027D\u0027, taskName);","lastModifiedDate":"2021-09-19"},{"lineNumber":23,"author":{"gitId":"-"},"content":"        this.by \u003d by;","lastModifiedDate":"2021-08-26"},{"lineNumber":24,"author":{"gitId":"-"},"content":"    }","lastModifiedDate":"2021-08-26"},{"lineNumber":25,"author":{"gitId":"-"},"content":"","lastModifiedDate":"2021-08-26"},{"lineNumber":26,"author":{"gitId":"TanChiaChun"},"content":"    /**","lastModifiedDate":"2022-01-19"},{"lineNumber":27,"author":{"gitId":"TanChiaChun"},"content":"     * Constructor of Deadline class.","lastModifiedDate":"2022-01-19"},{"lineNumber":28,"author":{"gitId":"TanChiaChun"},"content":"     *","lastModifiedDate":"2022-01-19"},{"lineNumber":29,"author":{"gitId":"TanChiaChun"},"content":"     * @param taskName Name of task.","lastModifiedDate":"2022-01-19"},{"lineNumber":30,"author":{"gitId":"TanChiaChun"},"content":"     * @param by Due date.","lastModifiedDate":"2022-01-19"},{"lineNumber":31,"author":{"gitId":"TanChiaChun"},"content":"     * @param isDone Done status of task.","lastModifiedDate":"2022-01-19"},{"lineNumber":32,"author":{"gitId":"TanChiaChun"},"content":"     */","lastModifiedDate":"2022-01-19"},{"lineNumber":33,"author":{"gitId":"-"},"content":"    public Deadline(String taskName, LocalDateTime by, boolean isDone) {","lastModifiedDate":"2021-09-20"},{"lineNumber":34,"author":{"gitId":"-"},"content":"        this(taskName, by);","lastModifiedDate":"2021-09-11"},{"lineNumber":35,"author":{"gitId":"-"},"content":"        this.isDone \u003d isDone;","lastModifiedDate":"2021-09-11"},{"lineNumber":36,"author":{"gitId":"-"},"content":"    }","lastModifiedDate":"2021-09-11"},{"lineNumber":37,"author":{"gitId":"-"},"content":"","lastModifiedDate":"2021-09-11"},{"lineNumber":38,"author":{"gitId":"-"},"content":"    // Getter","lastModifiedDate":"2021-08-26"},{"lineNumber":39,"author":{"gitId":"-"},"content":"    @Override","lastModifiedDate":"2021-08-26"},{"lineNumber":40,"author":{"gitId":"-"},"content":"    public String getTask() {","lastModifiedDate":"2021-08-26"},{"lineNumber":41,"author":{"gitId":"-"},"content":"        return (super.getTask() + \" (by: \" + Parser.printDt(by) + \")\");","lastModifiedDate":"2021-09-20"},{"lineNumber":42,"author":{"gitId":"-"},"content":"    }","lastModifiedDate":"2021-08-26"},{"lineNumber":43,"author":{"gitId":"-"},"content":"","lastModifiedDate":"2021-09-11"},{"lineNumber":44,"author":{"gitId":"-"},"content":"    public LocalDateTime getBy() {","lastModifiedDate":"2021-09-24"},{"lineNumber":45,"author":{"gitId":"-"},"content":"        return by;","lastModifiedDate":"2021-09-24"},{"lineNumber":46,"author":{"gitId":"-"},"content":"    }","lastModifiedDate":"2021-09-24"},{"lineNumber":47,"author":{"gitId":"-"},"content":"","lastModifiedDate":"2021-09-24"},{"lineNumber":48,"author":{"gitId":"-"},"content":"    @Override","lastModifiedDate":"2021-09-11"},{"lineNumber":49,"author":{"gitId":"-"},"content":"    public String printForSave() {","lastModifiedDate":"2021-09-18"},{"lineNumber":50,"author":{"gitId":"-"},"content":"        return (super.printForSave() + SAVE_SEP + Parser.dtToString(by));","lastModifiedDate":"2021-09-20"},{"lineNumber":51,"author":{"gitId":"-"},"content":"    }","lastModifiedDate":"2021-09-11"},{"lineNumber":52,"author":{"gitId":"-"},"content":"}","lastModifiedDate":"2021-08-26"}],"authorContributionMap":{"TanChiaChun":13,"-":39}},{"path":"src/main/java/edu/nus/duke/task/Event.java","fileType":"java","lines":[{"lineNumber":1,"author":{"gitId":"-"},"content":"package edu.nus.duke.task;","lastModifiedDate":"2021-09-04"},{"lineNumber":2,"author":{"gitId":"-"},"content":"","lastModifiedDate":"2021-09-04"},{"lineNumber":3,"author":{"gitId":"-"},"content":"import java.time.LocalDateTime;","lastModifiedDate":"2021-09-20"},{"lineNumber":4,"author":{"gitId":"-"},"content":"","lastModifiedDate":"2021-09-20"},{"lineNumber":5,"author":{"gitId":"-"},"content":"import edu.nus.duke.parser.Parser;","lastModifiedDate":"2021-09-20"},{"lineNumber":6,"author":{"gitId":"-"},"content":"","lastModifiedDate":"2021-09-20"},{"lineNumber":7,"author":{"gitId":"-"},"content":"/**","lastModifiedDate":"2021-09-11"},{"lineNumber":8,"author":{"gitId":"-"},"content":" * Represent an event with start that extends from Task.","lastModifiedDate":"2021-09-11"},{"lineNumber":9,"author":{"gitId":"-"},"content":" */","lastModifiedDate":"2021-09-11"},{"lineNumber":10,"author":{"gitId":"-"},"content":"public class Event extends Task {","lastModifiedDate":"2021-08-26"},{"lineNumber":11,"author":{"gitId":"-"},"content":"    // Variables","lastModifiedDate":"2021-08-26"},{"lineNumber":12,"author":{"gitId":"-"},"content":"    protected LocalDateTime at;","lastModifiedDate":"2021-09-20"},{"lineNumber":13,"author":{"gitId":"-"},"content":"","lastModifiedDate":"2021-08-26"},{"lineNumber":14,"author":{"gitId":"-"},"content":"    // Constructor","lastModifiedDate":"2021-08-26"},{"lineNumber":15,"author":{"gitId":"TanChiaChun"},"content":"","lastModifiedDate":"2022-01-19"},{"lineNumber":16,"author":{"gitId":"TanChiaChun"},"content":"    /**","lastModifiedDate":"2022-01-19"},{"lineNumber":17,"author":{"gitId":"TanChiaChun"},"content":"     * Constructor of Event class.","lastModifiedDate":"2022-01-19"},{"lineNumber":18,"author":{"gitId":"TanChiaChun"},"content":"     *","lastModifiedDate":"2022-01-19"},{"lineNumber":19,"author":{"gitId":"TanChiaChun"},"content":"     * @param taskName Name of task.","lastModifiedDate":"2022-01-19"},{"lineNumber":20,"author":{"gitId":"TanChiaChun"},"content":"     * @param at Event datetime.","lastModifiedDate":"2022-01-19"},{"lineNumber":21,"author":{"gitId":"TanChiaChun"},"content":"     */","lastModifiedDate":"2022-01-19"},{"lineNumber":22,"author":{"gitId":"-"},"content":"    public Event(String taskName, LocalDateTime at) {","lastModifiedDate":"2021-09-20"},{"lineNumber":23,"author":{"gitId":"-"},"content":"        super(\u0027E\u0027, taskName);","lastModifiedDate":"2021-09-19"},{"lineNumber":24,"author":{"gitId":"-"},"content":"        this.at \u003d at;","lastModifiedDate":"2021-08-26"},{"lineNumber":25,"author":{"gitId":"-"},"content":"    }","lastModifiedDate":"2021-08-26"},{"lineNumber":26,"author":{"gitId":"-"},"content":"","lastModifiedDate":"2021-08-26"},{"lineNumber":27,"author":{"gitId":"TanChiaChun"},"content":"    /**","lastModifiedDate":"2022-01-19"},{"lineNumber":28,"author":{"gitId":"TanChiaChun"},"content":"     * Constructor of Event class.","lastModifiedDate":"2022-01-19"},{"lineNumber":29,"author":{"gitId":"TanChiaChun"},"content":"     *","lastModifiedDate":"2022-01-19"},{"lineNumber":30,"author":{"gitId":"TanChiaChun"},"content":"     * @param taskName Name of task.","lastModifiedDate":"2022-01-19"},{"lineNumber":31,"author":{"gitId":"TanChiaChun"},"content":"     * @param at Event datetime.","lastModifiedDate":"2022-01-19"},{"lineNumber":32,"author":{"gitId":"TanChiaChun"},"content":"     * @param isDone Done status of task.","lastModifiedDate":"2022-01-19"},{"lineNumber":33,"author":{"gitId":"TanChiaChun"},"content":"     */","lastModifiedDate":"2022-01-19"},{"lineNumber":34,"author":{"gitId":"-"},"content":"    public Event(String taskName, LocalDateTime at, boolean isDone) {","lastModifiedDate":"2021-09-20"},{"lineNumber":35,"author":{"gitId":"-"},"content":"        this(taskName, at);","lastModifiedDate":"2021-09-11"},{"lineNumber":36,"author":{"gitId":"-"},"content":"        this.isDone \u003d isDone;","lastModifiedDate":"2021-09-11"},{"lineNumber":37,"author":{"gitId":"-"},"content":"    }","lastModifiedDate":"2021-09-11"},{"lineNumber":38,"author":{"gitId":"-"},"content":"","lastModifiedDate":"2021-09-11"},{"lineNumber":39,"author":{"gitId":"-"},"content":"    // Getter","lastModifiedDate":"2021-08-26"},{"lineNumber":40,"author":{"gitId":"-"},"content":"    @Override","lastModifiedDate":"2021-08-26"},{"lineNumber":41,"author":{"gitId":"-"},"content":"    public String getTask() {","lastModifiedDate":"2021-08-26"},{"lineNumber":42,"author":{"gitId":"-"},"content":"        return (super.getTask() + \" (at: \" + Parser.printDt(at) + \")\");","lastModifiedDate":"2021-09-20"},{"lineNumber":43,"author":{"gitId":"-"},"content":"    }","lastModifiedDate":"2021-08-26"},{"lineNumber":44,"author":{"gitId":"-"},"content":"","lastModifiedDate":"2021-09-11"},{"lineNumber":45,"author":{"gitId":"-"},"content":"    public LocalDateTime getAt() {","lastModifiedDate":"2021-09-24"},{"lineNumber":46,"author":{"gitId":"-"},"content":"        return at;","lastModifiedDate":"2021-09-24"},{"lineNumber":47,"author":{"gitId":"-"},"content":"    }","lastModifiedDate":"2021-09-24"},{"lineNumber":48,"author":{"gitId":"-"},"content":"","lastModifiedDate":"2021-09-24"},{"lineNumber":49,"author":{"gitId":"-"},"content":"    @Override","lastModifiedDate":"2021-09-11"},{"lineNumber":50,"author":{"gitId":"-"},"content":"    public String printForSave() {","lastModifiedDate":"2021-09-18"},{"lineNumber":51,"author":{"gitId":"-"},"content":"        return (super.printForSave() + SAVE_SEP + Parser.dtToString(at));","lastModifiedDate":"2021-09-20"},{"lineNumber":52,"author":{"gitId":"-"},"content":"    }","lastModifiedDate":"2021-09-11"},{"lineNumber":53,"author":{"gitId":"-"},"content":"}","lastModifiedDate":"2021-08-26"}],"authorContributionMap":{"TanChiaChun":14,"-":39}},{"path":"src/main/java/edu/nus/duke/task/Task.java","fileType":"java","lines":[{"lineNumber":1,"author":{"gitId":"-"},"content":"package edu.nus.duke.task;","lastModifiedDate":"2021-09-04"},{"lineNumber":2,"author":{"gitId":"-"},"content":"","lastModifiedDate":"2021-09-04"},{"lineNumber":3,"author":{"gitId":"-"},"content":"import edu.nus.duke.storage.Storage;","lastModifiedDate":"2021-09-19"},{"lineNumber":4,"author":{"gitId":"-"},"content":"","lastModifiedDate":"2021-09-19"},{"lineNumber":5,"author":{"gitId":"-"},"content":"/**","lastModifiedDate":"2021-09-11"},{"lineNumber":6,"author":{"gitId":"-"},"content":" * Represent a task, for use as abstract class.","lastModifiedDate":"2021-09-11"},{"lineNumber":7,"author":{"gitId":"-"},"content":" */","lastModifiedDate":"2021-09-11"},{"lineNumber":8,"author":{"gitId":"-"},"content":"public abstract class Task {","lastModifiedDate":"2021-09-04"},{"lineNumber":9,"author":{"gitId":"-"},"content":"    // Variables","lastModifiedDate":"2021-08-20"},{"lineNumber":10,"author":{"gitId":"TanChiaChun"},"content":"    protected static final String SAVE_SEP \u003d Storage.getSaveSep();","lastModifiedDate":"2022-01-19"},{"lineNumber":11,"author":{"gitId":"TanChiaChun"},"content":"    protected char prefix;","lastModifiedDate":"2022-01-19"},{"lineNumber":12,"author":{"gitId":"-"},"content":"    protected String taskName;","lastModifiedDate":"2021-08-26"},{"lineNumber":13,"author":{"gitId":"-"},"content":"    protected boolean isDone \u003d false;","lastModifiedDate":"2021-08-26"},{"lineNumber":14,"author":{"gitId":"-"},"content":"","lastModifiedDate":"2021-08-20"},{"lineNumber":15,"author":{"gitId":"-"},"content":"    // Constructor","lastModifiedDate":"2021-08-20"},{"lineNumber":16,"author":{"gitId":"TanChiaChun"},"content":"","lastModifiedDate":"2022-01-19"},{"lineNumber":17,"author":{"gitId":"TanChiaChun"},"content":"    /**","lastModifiedDate":"2022-01-19"},{"lineNumber":18,"author":{"gitId":"TanChiaChun"},"content":"     * Constructor of Task class.","lastModifiedDate":"2022-01-19"},{"lineNumber":19,"author":{"gitId":"TanChiaChun"},"content":"     *","lastModifiedDate":"2022-01-19"},{"lineNumber":20,"author":{"gitId":"TanChiaChun"},"content":"     * @param prefix Character code of Task type.","lastModifiedDate":"2022-01-19"},{"lineNumber":21,"author":{"gitId":"TanChiaChun"},"content":"     * @param taskName Name of task.","lastModifiedDate":"2022-01-19"},{"lineNumber":22,"author":{"gitId":"TanChiaChun"},"content":"     */","lastModifiedDate":"2022-01-19"},{"lineNumber":23,"author":{"gitId":"-"},"content":"    public Task(char prefix, String taskName) {","lastModifiedDate":"2021-09-19"},{"lineNumber":24,"author":{"gitId":"TanChiaChun"},"content":"        this.prefix \u003d prefix;","lastModifiedDate":"2022-01-19"},{"lineNumber":25,"author":{"gitId":"-"},"content":"        this.taskName \u003d taskName;","lastModifiedDate":"2021-08-20"},{"lineNumber":26,"author":{"gitId":"-"},"content":"    }","lastModifiedDate":"2021-08-20"},{"lineNumber":27,"author":{"gitId":"-"},"content":"","lastModifiedDate":"2021-08-20"},{"lineNumber":28,"author":{"gitId":"-"},"content":"    // Getter","lastModifiedDate":"2021-08-20"},{"lineNumber":29,"author":{"gitId":"-"},"content":"    /**","lastModifiedDate":"2021-09-24"},{"lineNumber":30,"author":{"gitId":"-"},"content":"     * Returns task name.","lastModifiedDate":"2021-09-24"},{"lineNumber":31,"author":{"gitId":"-"},"content":"     *","lastModifiedDate":"2021-09-24"},{"lineNumber":32,"author":{"gitId":"-"},"content":"     * @return task name.","lastModifiedDate":"2021-09-24"},{"lineNumber":33,"author":{"gitId":"-"},"content":"     */","lastModifiedDate":"2021-09-24"},{"lineNumber":34,"author":{"gitId":"-"},"content":"    public String getTaskName() {","lastModifiedDate":"2021-09-24"},{"lineNumber":35,"author":{"gitId":"-"},"content":"        return taskName;","lastModifiedDate":"2021-09-24"},{"lineNumber":36,"author":{"gitId":"-"},"content":"    }","lastModifiedDate":"2021-09-24"},{"lineNumber":37,"author":{"gitId":"-"},"content":"","lastModifiedDate":"2021-09-11"},{"lineNumber":38,"author":{"gitId":"-"},"content":"    /**","lastModifiedDate":"2021-09-11"},{"lineNumber":39,"author":{"gitId":"-"},"content":"     * Return a string with required info to represent a task.","lastModifiedDate":"2021-09-11"},{"lineNumber":40,"author":{"gitId":"-"},"content":"     *","lastModifiedDate":"2021-09-24"},{"lineNumber":41,"author":{"gitId":"-"},"content":"     * @return string that represent a task.","lastModifiedDate":"2021-09-11"},{"lineNumber":42,"author":{"gitId":"-"},"content":"     */","lastModifiedDate":"2021-09-11"},{"lineNumber":43,"author":{"gitId":"-"},"content":"    public String getTask() {","lastModifiedDate":"2021-08-20"},{"lineNumber":44,"author":{"gitId":"-"},"content":"        String taskStatus \u003d isDone ? \"X\" : \" \";","lastModifiedDate":"2021-08-20"},{"lineNumber":45,"author":{"gitId":"TanChiaChun"},"content":"        return (\"[\" + prefix + \"]\" + \"[\" + taskStatus + \"] \" + taskName);","lastModifiedDate":"2022-01-19"},{"lineNumber":46,"author":{"gitId":"-"},"content":"    }","lastModifiedDate":"2021-08-20"},{"lineNumber":47,"author":{"gitId":"-"},"content":"","lastModifiedDate":"2021-08-20"},{"lineNumber":48,"author":{"gitId":"-"},"content":"    /**","lastModifiedDate":"2021-09-11"},{"lineNumber":49,"author":{"gitId":"-"},"content":"     * Return a string with required info to be saved for a task.","lastModifiedDate":"2021-09-19"},{"lineNumber":50,"author":{"gitId":"-"},"content":"     *","lastModifiedDate":"2021-09-19"},{"lineNumber":51,"author":{"gitId":"-"},"content":"     * @return string with required info to be saved.","lastModifiedDate":"2021-09-19"},{"lineNumber":52,"author":{"gitId":"-"},"content":"     */","lastModifiedDate":"2021-09-11"},{"lineNumber":53,"author":{"gitId":"-"},"content":"    public String printForSave() {","lastModifiedDate":"2021-09-18"},{"lineNumber":54,"author":{"gitId":"-"},"content":"        String doneIdx \u003d isDone ? \"1\" : \"0\";","lastModifiedDate":"2021-09-11"},{"lineNumber":55,"author":{"gitId":"TanChiaChun"},"content":"        return (prefix + SAVE_SEP + doneIdx + SAVE_SEP + taskName);","lastModifiedDate":"2022-01-19"},{"lineNumber":56,"author":{"gitId":"-"},"content":"    }","lastModifiedDate":"2021-09-11"},{"lineNumber":57,"author":{"gitId":"-"},"content":"","lastModifiedDate":"2021-09-11"},{"lineNumber":58,"author":{"gitId":"-"},"content":"    // Setter","lastModifiedDate":"2021-08-20"},{"lineNumber":59,"author":{"gitId":"-"},"content":"    /**","lastModifiedDate":"2021-09-19"},{"lineNumber":60,"author":{"gitId":"-"},"content":"     * Set a task to done.","lastModifiedDate":"2021-09-19"},{"lineNumber":61,"author":{"gitId":"-"},"content":"     */","lastModifiedDate":"2021-09-19"},{"lineNumber":62,"author":{"gitId":"-"},"content":"    public void setDone() {","lastModifiedDate":"2021-08-20"},{"lineNumber":63,"author":{"gitId":"-"},"content":"        this.isDone \u003d true;","lastModifiedDate":"2021-08-20"},{"lineNumber":64,"author":{"gitId":"-"},"content":"    }","lastModifiedDate":"2021-08-20"},{"lineNumber":65,"author":{"gitId":"-"},"content":"}","lastModifiedDate":"2021-08-20"}],"authorContributionMap":{"TanChiaChun":12,"-":53}},{"path":"src/main/java/edu/nus/duke/task/TaskList.java","fileType":"java","lines":[{"lineNumber":1,"author":{"gitId":"-"},"content":"package edu.nus.duke.task;","lastModifiedDate":"2021-09-18"},{"lineNumber":2,"author":{"gitId":"-"},"content":"","lastModifiedDate":"2021-09-18"},{"lineNumber":3,"author":{"gitId":"-"},"content":"import java.time.LocalDate;","lastModifiedDate":"2021-09-24"},{"lineNumber":4,"author":{"gitId":"-"},"content":"import java.time.LocalDateTime;","lastModifiedDate":"2021-09-20"},{"lineNumber":5,"author":{"gitId":"-"},"content":"import java.time.format.DateTimeParseException;","lastModifiedDate":"2021-09-20"},{"lineNumber":6,"author":{"gitId":"-"},"content":"import java.util.ArrayList;","lastModifiedDate":"2021-09-18"},{"lineNumber":7,"author":{"gitId":"-"},"content":"","lastModifiedDate":"2021-09-18"},{"lineNumber":8,"author":{"gitId":"TanChiaChun"},"content":"import edu.nus.duke.exception.DukeInvalidTaskIndexException;","lastModifiedDate":"2022-01-19"},{"lineNumber":9,"author":{"gitId":"-"},"content":"import edu.nus.duke.parser.Parser;","lastModifiedDate":"2021-09-20"},{"lineNumber":10,"author":{"gitId":"-"},"content":"import edu.nus.duke.ui.Ui;","lastModifiedDate":"2021-09-18"},{"lineNumber":11,"author":{"gitId":"-"},"content":"","lastModifiedDate":"2021-09-18"},{"lineNumber":12,"author":{"gitId":"-"},"content":"/**","lastModifiedDate":"2021-09-19"},{"lineNumber":13,"author":{"gitId":"-"},"content":" * Class that contains the task list","lastModifiedDate":"2021-09-19"},{"lineNumber":14,"author":{"gitId":"-"},"content":" */","lastModifiedDate":"2021-09-19"},{"lineNumber":15,"author":{"gitId":"-"},"content":"public class TaskList {","lastModifiedDate":"2021-09-18"},{"lineNumber":16,"author":{"gitId":"-"},"content":"    // Variables","lastModifiedDate":"2021-09-18"},{"lineNumber":17,"author":{"gitId":"TanChiaChun"},"content":"    private final ArrayList\u003cTask\u003e tasks;","lastModifiedDate":"2022-01-19"},{"lineNumber":18,"author":{"gitId":"-"},"content":"","lastModifiedDate":"2021-09-18"},{"lineNumber":19,"author":{"gitId":"-"},"content":"    // Constructor","lastModifiedDate":"2021-09-18"},{"lineNumber":20,"author":{"gitId":"-"},"content":"    public TaskList() {","lastModifiedDate":"2021-09-18"},{"lineNumber":21,"author":{"gitId":"-"},"content":"        tasks \u003d new ArrayList\u003c\u003e();","lastModifiedDate":"2021-09-18"},{"lineNumber":22,"author":{"gitId":"-"},"content":"    }","lastModifiedDate":"2021-09-18"},{"lineNumber":23,"author":{"gitId":"-"},"content":"","lastModifiedDate":"2021-09-18"},{"lineNumber":24,"author":{"gitId":"-"},"content":"    // Getter","lastModifiedDate":"2021-09-18"},{"lineNumber":25,"author":{"gitId":"-"},"content":"    /**","lastModifiedDate":"2021-09-19"},{"lineNumber":26,"author":{"gitId":"-"},"content":"     * Return the tasks size as an integer.","lastModifiedDate":"2021-09-19"},{"lineNumber":27,"author":{"gitId":"-"},"content":"     *","lastModifiedDate":"2021-09-19"},{"lineNumber":28,"author":{"gitId":"-"},"content":"     * @return tasks size.","lastModifiedDate":"2021-09-19"},{"lineNumber":29,"author":{"gitId":"-"},"content":"     */","lastModifiedDate":"2021-09-19"},{"lineNumber":30,"author":{"gitId":"-"},"content":"    public int getListSize() {","lastModifiedDate":"2021-09-18"},{"lineNumber":31,"author":{"gitId":"-"},"content":"        return tasks.size();","lastModifiedDate":"2021-09-18"},{"lineNumber":32,"author":{"gitId":"-"},"content":"    }","lastModifiedDate":"2021-09-18"},{"lineNumber":33,"author":{"gitId":"-"},"content":"","lastModifiedDate":"2021-09-18"},{"lineNumber":34,"author":{"gitId":"-"},"content":"    /**","lastModifiedDate":"2021-09-19"},{"lineNumber":35,"author":{"gitId":"-"},"content":"     * Print tasks with total count, filtered by date or text.","lastModifiedDate":"2021-09-24"},{"lineNumber":36,"author":{"gitId":"-"},"content":"     *","lastModifiedDate":"2021-09-24"},{"lineNumber":37,"author":{"gitId":"-"},"content":"     * @param dateFilter Date filter.","lastModifiedDate":"2021-09-24"},{"lineNumber":38,"author":{"gitId":"-"},"content":"     * @param textFilter Text filter.","lastModifiedDate":"2021-09-24"},{"lineNumber":39,"author":{"gitId":"-"},"content":"     */","lastModifiedDate":"2021-09-19"},{"lineNumber":40,"author":{"gitId":"-"},"content":"    public void printTasks(LocalDate dateFilter, String textFilter) {","lastModifiedDate":"2021-09-24"},{"lineNumber":41,"author":{"gitId":"-"},"content":"        int printCount \u003d 0;","lastModifiedDate":"2021-09-24"},{"lineNumber":42,"author":{"gitId":"-"},"content":"        for (int i \u003d 0; i \u003c tasks.size(); i++) {","lastModifiedDate":"2021-09-18"},{"lineNumber":43,"author":{"gitId":"-"},"content":"            Task task \u003d tasks.get(i);","lastModifiedDate":"2021-09-24"},{"lineNumber":44,"author":{"gitId":"-"},"content":"            if (isExclude(task, dateFilter, textFilter)) {","lastModifiedDate":"2021-09-24"},{"lineNumber":45,"author":{"gitId":"-"},"content":"                continue;","lastModifiedDate":"2021-09-24"},{"lineNumber":46,"author":{"gitId":"-"},"content":"            }","lastModifiedDate":"2021-09-18"},{"lineNumber":47,"author":{"gitId":"-"},"content":"","lastModifiedDate":"2021-09-24"},{"lineNumber":48,"author":{"gitId":"-"},"content":"            Ui.printMessage((i + 1) + \". \" + task.getTask(), false);","lastModifiedDate":"2021-09-24"},{"lineNumber":49,"author":{"gitId":"-"},"content":"            printCount++;","lastModifiedDate":"2021-09-24"},{"lineNumber":50,"author":{"gitId":"-"},"content":"        }","lastModifiedDate":"2021-09-24"},{"lineNumber":51,"author":{"gitId":"-"},"content":"        Ui.printMessage(\"Total tasks: \" + printCount);","lastModifiedDate":"2021-09-24"},{"lineNumber":52,"author":{"gitId":"-"},"content":"    }","lastModifiedDate":"2021-09-18"},{"lineNumber":53,"author":{"gitId":"-"},"content":"","lastModifiedDate":"2021-09-18"},{"lineNumber":54,"author":{"gitId":"-"},"content":"    /**","lastModifiedDate":"2021-09-19"},{"lineNumber":55,"author":{"gitId":"-"},"content":"     * Return a string with all tasks for file save.","lastModifiedDate":"2021-09-19"},{"lineNumber":56,"author":{"gitId":"-"},"content":"     *","lastModifiedDate":"2021-09-19"},{"lineNumber":57,"author":{"gitId":"-"},"content":"     * @return string with all tasks.","lastModifiedDate":"2021-09-19"},{"lineNumber":58,"author":{"gitId":"-"},"content":"     */","lastModifiedDate":"2021-09-19"},{"lineNumber":59,"author":{"gitId":"-"},"content":"    public String printForFile() {","lastModifiedDate":"2021-09-18"},{"lineNumber":60,"author":{"gitId":"-"},"content":"        StringBuilder output \u003d new StringBuilder();","lastModifiedDate":"2021-09-18"},{"lineNumber":61,"author":{"gitId":"-"},"content":"        for (Task task : tasks) {","lastModifiedDate":"2021-09-18"},{"lineNumber":62,"author":{"gitId":"-"},"content":"            output.append(task.printForSave());","lastModifiedDate":"2021-09-18"},{"lineNumber":63,"author":{"gitId":"-"},"content":"            output.append(System.lineSeparator());","lastModifiedDate":"2021-09-18"},{"lineNumber":64,"author":{"gitId":"-"},"content":"        }","lastModifiedDate":"2021-09-18"},{"lineNumber":65,"author":{"gitId":"-"},"content":"        return output.toString();","lastModifiedDate":"2021-09-18"},{"lineNumber":66,"author":{"gitId":"-"},"content":"    }","lastModifiedDate":"2021-09-18"},{"lineNumber":67,"author":{"gitId":"-"},"content":"","lastModifiedDate":"2021-09-18"},{"lineNumber":68,"author":{"gitId":"-"},"content":"    // Setter","lastModifiedDate":"2021-09-18"},{"lineNumber":69,"author":{"gitId":"-"},"content":"    /**","lastModifiedDate":"2021-09-19"},{"lineNumber":70,"author":{"gitId":"-"},"content":"     * Add a task.","lastModifiedDate":"2021-09-19"},{"lineNumber":71,"author":{"gitId":"-"},"content":"     *","lastModifiedDate":"2021-09-19"},{"lineNumber":72,"author":{"gitId":"-"},"content":"     * @param task A {@code Task} to be added.","lastModifiedDate":"2021-09-19"},{"lineNumber":73,"author":{"gitId":"-"},"content":"     */","lastModifiedDate":"2021-09-19"},{"lineNumber":74,"author":{"gitId":"-"},"content":"    public void addTask(Task task) {","lastModifiedDate":"2021-09-18"},{"lineNumber":75,"author":{"gitId":"-"},"content":"        tasks.add(task);","lastModifiedDate":"2021-09-18"},{"lineNumber":76,"author":{"gitId":"-"},"content":"        Ui.printMessage(\"added: \" + task.getTask());","lastModifiedDate":"2021-09-18"},{"lineNumber":77,"author":{"gitId":"-"},"content":"    }","lastModifiedDate":"2021-09-18"},{"lineNumber":78,"author":{"gitId":"-"},"content":"","lastModifiedDate":"2021-09-18"},{"lineNumber":79,"author":{"gitId":"-"},"content":"    /**","lastModifiedDate":"2021-09-19"},{"lineNumber":80,"author":{"gitId":"-"},"content":"     * Add a task from Array of elements.","lastModifiedDate":"2021-09-19"},{"lineNumber":81,"author":{"gitId":"-"},"content":"     *","lastModifiedDate":"2021-09-19"},{"lineNumber":82,"author":{"gitId":"-"},"content":"     * @param elements Array of elements.","lastModifiedDate":"2021-09-19"},{"lineNumber":83,"author":{"gitId":"-"},"content":"     * @throws DukeInvalidTaskIndexException If task index is invalid.","lastModifiedDate":"2021-09-24"},{"lineNumber":84,"author":{"gitId":"-"},"content":"     * @throws ArrayIndexOutOfBoundsException If bad input is read from file.","lastModifiedDate":"2021-09-24"},{"lineNumber":85,"author":{"gitId":"-"},"content":"     * @throws DateTimeParseException If datetime input is invalid.","lastModifiedDate":"2021-09-24"},{"lineNumber":86,"author":{"gitId":"-"},"content":"     */","lastModifiedDate":"2021-09-19"},{"lineNumber":87,"author":{"gitId":"-"},"content":"    public void addTask(String[] elements) throws DukeInvalidTaskIndexException, ArrayIndexOutOfBoundsException,","lastModifiedDate":"2021-09-20"},{"lineNumber":88,"author":{"gitId":"-"},"content":"            DateTimeParseException {","lastModifiedDate":"2021-09-20"},{"lineNumber":89,"author":{"gitId":"-"},"content":"        String taskType \u003d elements[0];","lastModifiedDate":"2021-09-18"},{"lineNumber":90,"author":{"gitId":"-"},"content":"        boolean isDone \u003d elements[1].equals(\"1\");","lastModifiedDate":"2021-09-18"},{"lineNumber":91,"author":{"gitId":"-"},"content":"        String taskName \u003d elements[2];","lastModifiedDate":"2021-09-18"},{"lineNumber":92,"author":{"gitId":"-"},"content":"","lastModifiedDate":"2021-09-18"},{"lineNumber":93,"author":{"gitId":"-"},"content":"        switch (taskType) {","lastModifiedDate":"2021-09-18"},{"lineNumber":94,"author":{"gitId":"-"},"content":"        case \"T\":","lastModifiedDate":"2021-09-18"},{"lineNumber":95,"author":{"gitId":"-"},"content":"            tasks.add(new Todo(taskName, isDone));","lastModifiedDate":"2021-09-18"},{"lineNumber":96,"author":{"gitId":"-"},"content":"            break;","lastModifiedDate":"2021-09-18"},{"lineNumber":97,"author":{"gitId":"-"},"content":"        case \"D\":","lastModifiedDate":"2021-09-18"},{"lineNumber":98,"author":{"gitId":"-"},"content":"            LocalDateTime by \u003d Parser.parseDt(elements[3]);","lastModifiedDate":"2021-09-20"},{"lineNumber":99,"author":{"gitId":"-"},"content":"            tasks.add(new Deadline(taskName, by, isDone));","lastModifiedDate":"2021-09-18"},{"lineNumber":100,"author":{"gitId":"-"},"content":"            break;","lastModifiedDate":"2021-09-18"},{"lineNumber":101,"author":{"gitId":"-"},"content":"        case \"E\":","lastModifiedDate":"2021-09-18"},{"lineNumber":102,"author":{"gitId":"-"},"content":"            LocalDateTime at \u003d Parser.parseDt(elements[3]);","lastModifiedDate":"2021-09-20"},{"lineNumber":103,"author":{"gitId":"-"},"content":"            tasks.add(new Event(taskName, at, isDone));","lastModifiedDate":"2021-09-18"},{"lineNumber":104,"author":{"gitId":"-"},"content":"            break;","lastModifiedDate":"2021-09-18"},{"lineNumber":105,"author":{"gitId":"-"},"content":"        default:","lastModifiedDate":"2021-09-18"},{"lineNumber":106,"author":{"gitId":"-"},"content":"            throw new DukeInvalidTaskIndexException();","lastModifiedDate":"2021-09-19"},{"lineNumber":107,"author":{"gitId":"-"},"content":"        }","lastModifiedDate":"2021-09-18"},{"lineNumber":108,"author":{"gitId":"-"},"content":"    }","lastModifiedDate":"2021-09-18"},{"lineNumber":109,"author":{"gitId":"-"},"content":"","lastModifiedDate":"2021-09-18"},{"lineNumber":110,"author":{"gitId":"-"},"content":"    /**","lastModifiedDate":"2021-09-19"},{"lineNumber":111,"author":{"gitId":"-"},"content":"     * Set a task to done.","lastModifiedDate":"2021-09-19"},{"lineNumber":112,"author":{"gitId":"-"},"content":"     *","lastModifiedDate":"2021-09-19"},{"lineNumber":113,"author":{"gitId":"-"},"content":"     * @param idx Task index.","lastModifiedDate":"2021-09-19"},{"lineNumber":114,"author":{"gitId":"-"},"content":"     */","lastModifiedDate":"2021-09-19"},{"lineNumber":115,"author":{"gitId":"-"},"content":"    public void doneTask(int idx) {","lastModifiedDate":"2021-09-18"},{"lineNumber":116,"author":{"gitId":"-"},"content":"        try {","lastModifiedDate":"2021-09-19"},{"lineNumber":117,"author":{"gitId":"-"},"content":"            tasks.get(idx).setDone();","lastModifiedDate":"2021-09-18"},{"lineNumber":118,"author":{"gitId":"-"},"content":"            Ui.printMessage(\"done: \" + tasks.get(idx).getTask());","lastModifiedDate":"2021-09-18"},{"lineNumber":119,"author":{"gitId":"-"},"content":"        } catch (IndexOutOfBoundsException e) {","lastModifiedDate":"2021-09-19"},{"lineNumber":120,"author":{"gitId":"-"},"content":"            Ui.printMessage(\"Invalid/missing index\");","lastModifiedDate":"2021-09-19"},{"lineNumber":121,"author":{"gitId":"-"},"content":"        }","lastModifiedDate":"2021-09-19"},{"lineNumber":122,"author":{"gitId":"-"},"content":"    }","lastModifiedDate":"2021-09-18"},{"lineNumber":123,"author":{"gitId":"-"},"content":"","lastModifiedDate":"2021-09-18"},{"lineNumber":124,"author":{"gitId":"-"},"content":"    /**","lastModifiedDate":"2021-09-19"},{"lineNumber":125,"author":{"gitId":"-"},"content":"     * Delete a task.","lastModifiedDate":"2021-09-19"},{"lineNumber":126,"author":{"gitId":"-"},"content":"     *","lastModifiedDate":"2021-09-19"},{"lineNumber":127,"author":{"gitId":"-"},"content":"     * @param idx Task index.","lastModifiedDate":"2021-09-19"},{"lineNumber":128,"author":{"gitId":"-"},"content":"     */","lastModifiedDate":"2021-09-19"},{"lineNumber":129,"author":{"gitId":"-"},"content":"    public void deleteTask(int idx) {","lastModifiedDate":"2021-09-18"},{"lineNumber":130,"author":{"gitId":"-"},"content":"        try {","lastModifiedDate":"2021-09-19"},{"lineNumber":131,"author":{"gitId":"-"},"content":"            String task \u003d tasks.get(idx).getTask();","lastModifiedDate":"2021-09-18"},{"lineNumber":132,"author":{"gitId":"-"},"content":"            tasks.remove(idx);","lastModifiedDate":"2021-09-18"},{"lineNumber":133,"author":{"gitId":"-"},"content":"            Ui.printMessage(\"deleted: \" + task);","lastModifiedDate":"2021-09-18"},{"lineNumber":134,"author":{"gitId":"-"},"content":"        } catch (IndexOutOfBoundsException e) {","lastModifiedDate":"2021-09-19"},{"lineNumber":135,"author":{"gitId":"-"},"content":"            Ui.printMessage(\"Invalid/missing index\");","lastModifiedDate":"2021-09-19"},{"lineNumber":136,"author":{"gitId":"-"},"content":"        }","lastModifiedDate":"2021-09-19"},{"lineNumber":137,"author":{"gitId":"-"},"content":"","lastModifiedDate":"2021-09-19"},{"lineNumber":138,"author":{"gitId":"-"},"content":"    }","lastModifiedDate":"2021-09-18"},{"lineNumber":139,"author":{"gitId":"-"},"content":"","lastModifiedDate":"2021-09-24"},{"lineNumber":140,"author":{"gitId":"-"},"content":"    // Methods","lastModifiedDate":"2021-09-24"},{"lineNumber":141,"author":{"gitId":"-"},"content":"    private boolean isExclude(Task task, LocalDate date, String text) {","lastModifiedDate":"2021-09-24"},{"lineNumber":142,"author":{"gitId":"-"},"content":"        if (date !\u003d null) {","lastModifiedDate":"2021-09-24"},{"lineNumber":143,"author":{"gitId":"-"},"content":"            if (task instanceof Deadline) {","lastModifiedDate":"2021-09-24"},{"lineNumber":144,"author":{"gitId":"-"},"content":"                return !((Deadline) task).getBy().toLocalDate().equals(date);","lastModifiedDate":"2021-09-24"},{"lineNumber":145,"author":{"gitId":"-"},"content":"            } else if (task instanceof Event) {","lastModifiedDate":"2021-09-24"},{"lineNumber":146,"author":{"gitId":"-"},"content":"                return !((Event) task).getAt().toLocalDate().equals(date);","lastModifiedDate":"2021-09-24"},{"lineNumber":147,"author":{"gitId":"-"},"content":"            } else {","lastModifiedDate":"2021-09-27"},{"lineNumber":148,"author":{"gitId":"-"},"content":"                return true;","lastModifiedDate":"2021-09-24"},{"lineNumber":149,"author":{"gitId":"-"},"content":"            }","lastModifiedDate":"2021-09-24"},{"lineNumber":150,"author":{"gitId":"-"},"content":"        }","lastModifiedDate":"2021-09-27"},{"lineNumber":151,"author":{"gitId":"-"},"content":"","lastModifiedDate":"2021-09-24"},{"lineNumber":152,"author":{"gitId":"-"},"content":"        if (text !\u003d null) {","lastModifiedDate":"2021-09-24"},{"lineNumber":153,"author":{"gitId":"-"},"content":"            return !(task.getTaskName().contains(text));","lastModifiedDate":"2021-09-24"},{"lineNumber":154,"author":{"gitId":"-"},"content":"        }","lastModifiedDate":"2021-09-24"},{"lineNumber":155,"author":{"gitId":"-"},"content":"","lastModifiedDate":"2021-09-24"},{"lineNumber":156,"author":{"gitId":"-"},"content":"        return false;","lastModifiedDate":"2021-09-24"},{"lineNumber":157,"author":{"gitId":"-"},"content":"    }","lastModifiedDate":"2021-09-24"},{"lineNumber":158,"author":{"gitId":"-"},"content":"}","lastModifiedDate":"2021-09-18"}],"authorContributionMap":{"TanChiaChun":2,"-":156}},{"path":"src/main/java/edu/nus/duke/task/Todo.java","fileType":"java","lines":[{"lineNumber":1,"author":{"gitId":"-"},"content":"package edu.nus.duke.task;","lastModifiedDate":"2021-09-04"},{"lineNumber":2,"author":{"gitId":"-"},"content":"","lastModifiedDate":"2021-09-04"},{"lineNumber":3,"author":{"gitId":"-"},"content":"/**","lastModifiedDate":"2021-09-11"},{"lineNumber":4,"author":{"gitId":"-"},"content":" * Represent a simple to-do that extends from Task.","lastModifiedDate":"2021-09-11"},{"lineNumber":5,"author":{"gitId":"-"},"content":" */","lastModifiedDate":"2021-09-11"},{"lineNumber":6,"author":{"gitId":"-"},"content":"public class Todo extends Task {","lastModifiedDate":"2021-08-26"},{"lineNumber":7,"author":{"gitId":"-"},"content":"    // Constructor","lastModifiedDate":"2021-08-26"},{"lineNumber":8,"author":{"gitId":"-"},"content":"    public Todo(String taskName) {","lastModifiedDate":"2021-08-26"},{"lineNumber":9,"author":{"gitId":"-"},"content":"        super(\u0027T\u0027, taskName);","lastModifiedDate":"2021-09-19"},{"lineNumber":10,"author":{"gitId":"-"},"content":"    }","lastModifiedDate":"2021-08-26"},{"lineNumber":11,"author":{"gitId":"-"},"content":"","lastModifiedDate":"2021-09-11"},{"lineNumber":12,"author":{"gitId":"TanChiaChun"},"content":"    /**","lastModifiedDate":"2022-01-19"},{"lineNumber":13,"author":{"gitId":"TanChiaChun"},"content":"     * Constructor.","lastModifiedDate":"2022-01-19"},{"lineNumber":14,"author":{"gitId":"TanChiaChun"},"content":"     *","lastModifiedDate":"2022-01-19"},{"lineNumber":15,"author":{"gitId":"TanChiaChun"},"content":"     * @param taskName Name of task.","lastModifiedDate":"2022-01-19"},{"lineNumber":16,"author":{"gitId":"TanChiaChun"},"content":"     * @param isDone Done status of task.","lastModifiedDate":"2022-01-19"},{"lineNumber":17,"author":{"gitId":"TanChiaChun"},"content":"     */","lastModifiedDate":"2022-01-19"},{"lineNumber":18,"author":{"gitId":"-"},"content":"    public Todo(String taskName, boolean isDone) {","lastModifiedDate":"2021-09-11"},{"lineNumber":19,"author":{"gitId":"-"},"content":"        this(taskName);","lastModifiedDate":"2021-09-11"},{"lineNumber":20,"author":{"gitId":"-"},"content":"        this.isDone \u003d isDone;","lastModifiedDate":"2021-09-11"},{"lineNumber":21,"author":{"gitId":"-"},"content":"    }","lastModifiedDate":"2021-09-11"},{"lineNumber":22,"author":{"gitId":"-"},"content":"}","lastModifiedDate":"2021-08-26"}],"authorContributionMap":{"TanChiaChun":6,"-":16}},{"path":"src/main/java/edu/nus/duke/ui/Ui.java","fileType":"java","lines":[{"lineNumber":1,"author":{"gitId":"-"},"content":"package edu.nus.duke.ui;","lastModifiedDate":"2021-09-18"},{"lineNumber":2,"author":{"gitId":"-"},"content":"","lastModifiedDate":"2021-09-18"},{"lineNumber":3,"author":{"gitId":"-"},"content":"import java.util.Scanner;","lastModifiedDate":"2021-09-19"},{"lineNumber":4,"author":{"gitId":"-"},"content":"","lastModifiedDate":"2021-09-19"},{"lineNumber":5,"author":{"gitId":"-"},"content":"/**","lastModifiedDate":"2021-09-19"},{"lineNumber":6,"author":{"gitId":"-"},"content":" * Class that deals with interactions with the user","lastModifiedDate":"2021-09-19"},{"lineNumber":7,"author":{"gitId":"-"},"content":" */","lastModifiedDate":"2021-09-19"},{"lineNumber":8,"author":{"gitId":"-"},"content":"public class Ui {","lastModifiedDate":"2021-09-18"},{"lineNumber":9,"author":{"gitId":"-"},"content":"    // Variables","lastModifiedDate":"2021-09-19"},{"lineNumber":10,"author":{"gitId":"TanChiaChun"},"content":"    private final Scanner scanner;","lastModifiedDate":"2022-01-19"},{"lineNumber":11,"author":{"gitId":"-"},"content":"","lastModifiedDate":"2021-09-19"},{"lineNumber":12,"author":{"gitId":"-"},"content":"    // Constructor","lastModifiedDate":"2021-09-19"},{"lineNumber":13,"author":{"gitId":"-"},"content":"    public Ui() {","lastModifiedDate":"2021-09-19"},{"lineNumber":14,"author":{"gitId":"-"},"content":"        scanner \u003d new Scanner(System.in);","lastModifiedDate":"2021-09-19"},{"lineNumber":15,"author":{"gitId":"-"},"content":"    }","lastModifiedDate":"2021-09-19"},{"lineNumber":16,"author":{"gitId":"-"},"content":"","lastModifiedDate":"2021-09-19"},{"lineNumber":17,"author":{"gitId":"-"},"content":"    // Methods","lastModifiedDate":"2021-09-18"},{"lineNumber":18,"author":{"gitId":"-"},"content":"    /**","lastModifiedDate":"2021-09-19"},{"lineNumber":19,"author":{"gitId":"-"},"content":"     * Print a message and separator line to {@code System.out}.","lastModifiedDate":"2021-09-19"},{"lineNumber":20,"author":{"gitId":"-"},"content":"     *","lastModifiedDate":"2021-09-19"},{"lineNumber":21,"author":{"gitId":"-"},"content":"     * @param message String to be printed.","lastModifiedDate":"2021-09-19"},{"lineNumber":22,"author":{"gitId":"-"},"content":"     */","lastModifiedDate":"2021-09-19"},{"lineNumber":23,"author":{"gitId":"-"},"content":"    public static void printMessage(String message) {","lastModifiedDate":"2021-09-18"},{"lineNumber":24,"author":{"gitId":"-"},"content":"        printMessage(message, true);","lastModifiedDate":"2021-09-18"},{"lineNumber":25,"author":{"gitId":"-"},"content":"    }","lastModifiedDate":"2021-09-18"},{"lineNumber":26,"author":{"gitId":"-"},"content":"","lastModifiedDate":"2021-09-18"},{"lineNumber":27,"author":{"gitId":"-"},"content":"    /**","lastModifiedDate":"2021-09-19"},{"lineNumber":28,"author":{"gitId":"-"},"content":"     * Print a message and optional separator line to {@code System.out}.","lastModifiedDate":"2021-09-19"},{"lineNumber":29,"author":{"gitId":"-"},"content":"     *","lastModifiedDate":"2021-09-19"},{"lineNumber":30,"author":{"gitId":"-"},"content":"     * @param message String to be printed.","lastModifiedDate":"2021-09-19"},{"lineNumber":31,"author":{"gitId":"-"},"content":"     * @param isSepLine Boolean to switch on/off seperator line.","lastModifiedDate":"2021-09-19"},{"lineNumber":32,"author":{"gitId":"-"},"content":"     */","lastModifiedDate":"2021-09-19"},{"lineNumber":33,"author":{"gitId":"-"},"content":"    public static void printMessage(String message, Boolean isSepLine) {","lastModifiedDate":"2021-09-18"},{"lineNumber":34,"author":{"gitId":"-"},"content":"        System.out.println(message);","lastModifiedDate":"2021-09-18"},{"lineNumber":35,"author":{"gitId":"-"},"content":"        if (isSepLine) {","lastModifiedDate":"2021-09-18"},{"lineNumber":36,"author":{"gitId":"-"},"content":"            System.out.println(\"____________________________________________________________\");","lastModifiedDate":"2021-09-18"},{"lineNumber":37,"author":{"gitId":"-"},"content":"        }","lastModifiedDate":"2021-09-18"},{"lineNumber":38,"author":{"gitId":"-"},"content":"    }","lastModifiedDate":"2021-09-18"},{"lineNumber":39,"author":{"gitId":"-"},"content":"","lastModifiedDate":"2021-09-18"},{"lineNumber":40,"author":{"gitId":"-"},"content":"    /**","lastModifiedDate":"2021-09-19"},{"lineNumber":41,"author":{"gitId":"-"},"content":"     * Print a message and exit the app.","lastModifiedDate":"2021-09-19"},{"lineNumber":42,"author":{"gitId":"-"},"content":"     *","lastModifiedDate":"2021-09-19"},{"lineNumber":43,"author":{"gitId":"-"},"content":"     * @param message String to be printed.","lastModifiedDate":"2021-09-19"},{"lineNumber":44,"author":{"gitId":"-"},"content":"     */","lastModifiedDate":"2021-09-19"},{"lineNumber":45,"author":{"gitId":"TanChiaChun"},"content":"    public static void printMessageExit(String message) {","lastModifiedDate":"2022-01-19"},{"lineNumber":46,"author":{"gitId":"-"},"content":"        printMessage(message);","lastModifiedDate":"2021-09-18"},{"lineNumber":47,"author":{"gitId":"-"},"content":"        System.exit(1);","lastModifiedDate":"2021-09-18"},{"lineNumber":48,"author":{"gitId":"-"},"content":"    }","lastModifiedDate":"2021-09-18"},{"lineNumber":49,"author":{"gitId":"-"},"content":"","lastModifiedDate":"2021-09-19"},{"lineNumber":50,"author":{"gitId":"-"},"content":"    /**","lastModifiedDate":"2021-09-19"},{"lineNumber":51,"author":{"gitId":"-"},"content":"     * Return a string from user input.","lastModifiedDate":"2021-09-19"},{"lineNumber":52,"author":{"gitId":"-"},"content":"     *","lastModifiedDate":"2021-09-19"},{"lineNumber":53,"author":{"gitId":"-"},"content":"     * @return string from user input.","lastModifiedDate":"2021-09-19"},{"lineNumber":54,"author":{"gitId":"-"},"content":"     */","lastModifiedDate":"2021-09-19"},{"lineNumber":55,"author":{"gitId":"-"},"content":"    public String getUserInput() {","lastModifiedDate":"2021-09-19"},{"lineNumber":56,"author":{"gitId":"-"},"content":"        return (scanner.nextLine());","lastModifiedDate":"2021-09-19"},{"lineNumber":57,"author":{"gitId":"-"},"content":"    }","lastModifiedDate":"2021-09-19"},{"lineNumber":58,"author":{"gitId":"-"},"content":"}","lastModifiedDate":"2021-09-18"}],"authorContributionMap":{"TanChiaChun":2,"-":56}},{"path":"src/test/java/edu/nus/duke/parser/ParserTest.java","fileType":"java","lines":[{"lineNumber":1,"author":{"gitId":"-"},"content":"package edu.nus.duke.parser;","lastModifiedDate":"2021-09-24"},{"lineNumber":2,"author":{"gitId":"-"},"content":"","lastModifiedDate":"2021-09-24"},{"lineNumber":3,"author":{"gitId":"-"},"content":"import static org.junit.jupiter.api.Assertions.assertEquals;","lastModifiedDate":"2021-09-24"},{"lineNumber":4,"author":{"gitId":"-"},"content":"","lastModifiedDate":"2021-09-24"},{"lineNumber":5,"author":{"gitId":"-"},"content":"import java.time.LocalDateTime;","lastModifiedDate":"2021-09-24"},{"lineNumber":6,"author":{"gitId":"-"},"content":"","lastModifiedDate":"2021-09-24"},{"lineNumber":7,"author":{"gitId":"TanChiaChun"},"content":"import org.junit.jupiter.api.Test;","lastModifiedDate":"2022-01-19"},{"lineNumber":8,"author":{"gitId":"TanChiaChun"},"content":"","lastModifiedDate":"2022-01-19"},{"lineNumber":9,"author":{"gitId":"-"},"content":"public class ParserTest {","lastModifiedDate":"2021-09-24"},{"lineNumber":10,"author":{"gitId":"-"},"content":"    @Test","lastModifiedDate":"2021-09-24"},{"lineNumber":11,"author":{"gitId":"-"},"content":"    public void parseDtTest() {","lastModifiedDate":"2021-09-24"},{"lineNumber":12,"author":{"gitId":"-"},"content":"        LocalDateTime dt1 \u003d Parser.parseDt(\"2021-09-23T17:26\");","lastModifiedDate":"2021-09-24"},{"lineNumber":13,"author":{"gitId":"-"},"content":"        LocalDateTime dt2 \u003d LocalDateTime.of(2021, 9, 23, 17, 26);","lastModifiedDate":"2021-09-24"},{"lineNumber":14,"author":{"gitId":"-"},"content":"        assertEquals(dt2, dt1);","lastModifiedDate":"2021-09-24"},{"lineNumber":15,"author":{"gitId":"-"},"content":"    }","lastModifiedDate":"2021-09-24"},{"lineNumber":16,"author":{"gitId":"-"},"content":"","lastModifiedDate":"2021-09-24"},{"lineNumber":17,"author":{"gitId":"-"},"content":"    @Test","lastModifiedDate":"2021-09-24"},{"lineNumber":18,"author":{"gitId":"-"},"content":"    public void dtToStringTest() {","lastModifiedDate":"2021-09-24"},{"lineNumber":19,"author":{"gitId":"-"},"content":"        LocalDateTime dt \u003d LocalDateTime.of(2021, 9, 23, 17, 26);","lastModifiedDate":"2021-09-24"},{"lineNumber":20,"author":{"gitId":"-"},"content":"        String dtText \u003d Parser.dtToString(dt);","lastModifiedDate":"2021-09-24"},{"lineNumber":21,"author":{"gitId":"-"},"content":"        assertEquals(\"2021-09-23T17:26\", dtText);","lastModifiedDate":"2021-09-24"},{"lineNumber":22,"author":{"gitId":"-"},"content":"    }","lastModifiedDate":"2021-09-24"},{"lineNumber":23,"author":{"gitId":"-"},"content":"}","lastModifiedDate":"2021-09-24"}],"authorContributionMap":{"TanChiaChun":2,"-":21}},{"path":"src/test/java/edu/nus/duke/task/TaskTest.java","fileType":"java","lines":[{"lineNumber":1,"author":{"gitId":"-"},"content":"package edu.nus.duke.task;","lastModifiedDate":"2021-09-24"},{"lineNumber":2,"author":{"gitId":"-"},"content":"","lastModifiedDate":"2021-09-24"},{"lineNumber":3,"author":{"gitId":"-"},"content":"import static org.junit.jupiter.api.Assertions.assertEquals;","lastModifiedDate":"2021-09-24"},{"lineNumber":4,"author":{"gitId":"-"},"content":"","lastModifiedDate":"2021-09-24"},{"lineNumber":5,"author":{"gitId":"TanChiaChun"},"content":"import org.junit.jupiter.api.Test;","lastModifiedDate":"2022-01-19"},{"lineNumber":6,"author":{"gitId":"TanChiaChun"},"content":"","lastModifiedDate":"2022-01-19"},{"lineNumber":7,"author":{"gitId":"-"},"content":"public class TaskTest {","lastModifiedDate":"2021-09-24"},{"lineNumber":8,"author":{"gitId":"-"},"content":"    @Test","lastModifiedDate":"2021-09-24"},{"lineNumber":9,"author":{"gitId":"-"},"content":"    public void getTaskTest() {","lastModifiedDate":"2021-09-24"},{"lineNumber":10,"author":{"gitId":"-"},"content":"        Task task \u003d new Todo(\"Task1\");","lastModifiedDate":"2021-09-24"},{"lineNumber":11,"author":{"gitId":"-"},"content":"        String taskPrint \u003d task.getTask();","lastModifiedDate":"2021-09-24"},{"lineNumber":12,"author":{"gitId":"-"},"content":"        assertEquals(\"[T][ ] Task1\", taskPrint);","lastModifiedDate":"2021-09-24"},{"lineNumber":13,"author":{"gitId":"-"},"content":"    }","lastModifiedDate":"2021-09-24"},{"lineNumber":14,"author":{"gitId":"-"},"content":"}","lastModifiedDate":"2021-09-24"}],"authorContributionMap":{"TanChiaChun":2,"-":12}}]
