{"authorDailyContributionsMap":{"TanChiaChun":[{"date":"2022-01-18","commitResults":[{"hash":"e78f91cc285b591ce23f3e632331ad204913b865","messageTitle":"Add checkStyle","messageBody":"","tags":["A-CheckStyle"],"fileTypesAndContributionMap":{"gradle":{"insertions":5,"deletions":0}}}]},{"date":"2022-01-19","commitResults":[{"hash":"1232ceb18a8c000ab15b6d79d35bdd63e9cd0393","messageTitle":"Enhance coding standard","messageBody":"","fileTypesAndContributionMap":{"java":{"insertions":119,"deletions":66}}}]},{"date":"2022-01-28","commitResults":[{"hash":"0ebb56183680b317e2b27d9e9bc439072d4de29e","messageTitle":"Add JavaFX to build.gradle","messageBody":"","fileTypesAndContributionMap":{"gradle":{"insertions":6,"deletions":0}}},{"hash":"548864f7002646d79fba0f58d8e4cb364024a172","messageTitle":"Remove System.in from build.gradle","messageBody":"","fileTypesAndContributionMap":{"gradle":{"insertions":0,"deletions":4}}},{"hash":"fb335476f6b064ed7884701fec20e995c370fcc0","messageTitle":"Refactor Main to Duke","messageBody":"","fileTypesAndContributionMap":{"java":{"insertions":4,"deletions":4}}},{"hash":"e21994e243749292bc0d81f33c636669fca7565f","messageTitle":"Min changes to launch empty MainWindow","messageBody":"","fileTypesAndContributionMap":{"gradle":{"insertions":1,"deletions":1},"fxml":{"insertions":9,"deletions":0},"java":{"insertions":39,"deletions":0}}},{"hash":"6351e9b4f0ac58ea2855a7efe95a4160e4db5e6f","messageTitle":"Add stage properties","messageBody":"","fileTypesAndContributionMap":{"java":{"insertions":2,"deletions":0}}},{"hash":"e15527225a4835c33a85b8a74d594b68a4f75e5c","messageTitle":"Change AnchorPane size","messageBody":"","fileTypesAndContributionMap":{"fxml":{"insertions":1,"deletions":1}}},{"hash":"bbb36bf0fe57c2a1ab77786b590abfb295915dc1","messageTitle":"Change AnchorPane to VBox","messageBody":"","fileTypesAndContributionMap":{"fxml":{"insertions":5,"deletions":6},"java":{"insertions":5,"deletions":5}}},{"hash":"a37bb67955deea577a0b2b3a4d3cab3d72c6fab4","messageTitle":"Draft initial MainWindow","messageBody":"","fileTypesAndContributionMap":{"fxml":{"insertions":9,"deletions":0}}},{"hash":"ae0bae6b20d981ac428eec3b6535482f38599d2c","messageTitle":"Style margin \u0026 padding","messageBody":"","fileTypesAndContributionMap":{"fxml":{"insertions":10,"deletions":2}}}]},{"date":"2022-01-29","commitResults":[{"hash":"9c5d0313049dee6d8b93ea0141293b7749780e67","messageTitle":"Add VBox to MainWindow","messageBody":"","fileTypesAndContributionMap":{"fxml":{"insertions":3,"deletions":1}}},{"hash":"7d9cef9377d820fb26021cae8cbb69283f0126ea","messageTitle":"Add user input (label) via button click","messageBody":"","fileTypesAndContributionMap":{"fxml":{"insertions":3,"deletions":3},"java":{"insertions":12,"deletions":0}}},{"hash":"cf4e60d9def391d4e54691c63590428c9a4fbd34","messageTitle":"Transform Label to custom DialogBox","messageBody":"","fileTypesAndContributionMap":{"fxml":{"insertions":10,"deletions":0},"java":{"insertions":41,"deletions":2}}},{"hash":"b8c1e0a78c46ad8f421873f1c4dede71a191fa36","messageTitle":"DialogBox styling","messageBody":"","fileTypesAndContributionMap":{"fxml":{"insertions":3,"deletions":3}}},{"hash":"57dd04b07614029eec608d3e5e25a4ddb505eb2f","messageTitle":"Auto scroll ScrollPane after user input","messageBody":"","fileTypesAndContributionMap":{"java":{"insertions":4,"deletions":0}}},{"hash":"10b2bdf34400d241e2be25d5a4ebdc011758a770","messageTitle":"Refactor auto scroll ScrollPane with initScrollPane()","messageBody":"","fileTypesAndContributionMap":{"fxml":{"insertions":1,"deletions":1},"java":{"insertions":9,"deletions":4}}},{"hash":"0a69f3e3c63c0ba23c6b5078eefb190190dea2e4","messageTitle":"Change userImage to non-final","messageBody":"","fileTypesAndContributionMap":{"java":{"insertions":1,"deletions":1}}},{"hash":"babf18aab7443e0b16bdf03df14937139f062770","messageTitle":"Refactor + link Duke to JavaFX","messageBody":"","fileTypesAndContributionMap":{"java":{"insertions":93,"deletions":78}}},{"hash":"062fb33e23ee11daa2406abe7052312ae39fce94","messageTitle":"Add Enter handler for TextField","messageBody":"","fileTypesAndContributionMap":{"fxml":{"insertions":1,"deletions":1}}},{"hash":"a4416b1fa793177f5b28c41df3b684a94568f1e6","messageTitle":"Style flip DialogBox for Duke + refactors","messageBody":"","fileTypesAndContributionMap":{"java":{"insertions":27,"deletions":2}}},{"hash":"8832e23b064d16cb3f642a0ff5af54defd7a2c12","messageTitle":"Add initial Duke DialogBox.","messageBody":"","fileTypesAndContributionMap":{"java":{"insertions":9,"deletions":0}}},{"hash":"6b84f31c89aac6a11db1727d9ae79725b48e7509","messageTitle":"Remove text-ui-test","messageBody":"","fileTypesAndContributionMap":{"txt":{"insertions":0,"deletions":11},"bat":{"insertions":0,"deletions":26},"sh":{"insertions":0,"deletions":38}}},{"hash":"149b0c9a93e7b0484ec0c50853fbe966cdbe99a1","messageTitle":"Refactor + add Javadoc","messageBody":"","tags":["Level-10"],"fileTypesAndContributionMap":{"java":{"insertions":59,"deletions":15}}}]},{"date":"2022-02-04","commitResults":[{"hash":"063b9e368c63292dc59247963debf361389f840e","messageTitle":"Init UndoCommand class","messageBody":"","fileTypesAndContributionMap":{"java":{"insertions":9,"deletions":0}}},{"hash":"d947ba752aa9686bd05ad97f98ba44ea3377cb06","messageTitle":"Add CMD String","messageBody":"","fileTypesAndContributionMap":{"java":{"insertions":2,"deletions":0}}},{"hash":"8c245759d4b4237cfd12367d74d461672418b600","messageTitle":"Add UndoCommand to Parser + refactor with switch-case","messageBody":"","fileTypesAndContributionMap":{"java":{"insertions":7,"deletions":3}}},{"hash":"424aeccc9a3bf89ddba68ddeacc48ed9c7ec310f","messageTitle":"Remove inaccurate final assignment","messageBody":"","fileTypesAndContributionMap":{"java":{"insertions":3,"deletions":3}}},{"hash":"0af966a8a68925063157859e7b72eb251caf1125","messageTitle":"Init CommandDataHistory class","messageBody":"","fileTypesAndContributionMap":{"java":{"insertions":9,"deletions":0}}},{"hash":"dfdf1667d9b92aadbfc484b6a0172f38d38284d4","messageTitle":"Introduce CommandDataHistory","messageBody":"","fileTypesAndContributionMap":{"java":{"insertions":11,"deletions":9}}},{"hash":"b4723e41c3fb93c4a3e202ee0c1b0e7a6a4ff800","messageTitle":"Introduce CommandDataHistory.add() + apply to relevant classes","messageBody":"","fileTypesAndContributionMap":{"java":{"insertions":7,"deletions":0}}},{"hash":"d9c31b95e716c49314240b9f73369c793b9bc0ff","messageTitle":"[Fix] Init class variables in constructor","messageBody":"","fileTypesAndContributionMap":{"java":{"insertions":5,"deletions":0}}},{"hash":"7ea804ade15649222973addf85d30b48fc3b5e3c","messageTitle":"Init DukeEmptyUndoException","messageBody":"","fileTypesAndContributionMap":{"java":{"insertions":4,"deletions":0}}},{"hash":"2e02b20c00329f957488072a789fd2fc92832fa3","messageTitle":"Handle empty undo","messageBody":"","fileTypesAndContributionMap":{"java":{"insertions":16,"deletions":2}}},{"hash":"b1c564f000abc84fae534ec9544539875b159fd2","messageTitle":"Change abstract Task constructor to protected","messageBody":"","fileTypesAndContributionMap":{"java":{"insertions":1,"deletions":7}}},{"hash":"586230ccce3006d8cf1eccc829e0ce2bd297277d","messageTitle":"Correct JavaDocs of Todo class constructor","messageBody":"","fileTypesAndContributionMap":{"java":{"insertions":6,"deletions":1}}},{"hash":"cad4f8c2afad2fc70ebec40fa2f1df720704092a","messageTitle":"Add Task getters","messageBody":"","fileTypesAndContributionMap":{"java":{"insertions":8,"deletions":0}}},{"hash":"fa9c78b10c71f670461d405ccebdd0ea7ab832f5","messageTitle":"Implement Undo command + below","messageBody":"*getTasksCopy() to create copy of Tasks\n*Correct CommandDataHistory add()\n","fileTypesAndContributionMap":{"java":{"insertions":40,"deletions":3}}},{"hash":"d2a0c7edbc5e0be11076dec2340ba38bfbfaeb4c","messageTitle":"Add JavaDocs","messageBody":"","fileTypesAndContributionMap":{"java":{"insertions":51,"deletions":1}}}]},{"date":"2022-02-11","commitResults":[{"hash":"b6c848e6dae38dbac4aafa76de550fcff5e5684e","messageTitle":"Remove unnecessary comments","messageBody":"","fileTypesAndContributionMap":{"java":{"insertions":0,"deletions":46}}},{"hash":"20cf41a7a2c93ca8a7b5c142767a7df1e639138c","messageTitle":"Remove unused methods","messageBody":"","fileTypesAndContributionMap":{"java":{"insertions":0,"deletions":10}}},{"hash":"2ab71717f7c8005ddc40659ebc426c3115da3702","messageTitle":"Refactor with clearer variable","messageBody":"","fileTypesAndContributionMap":{"java":{"insertions":4,"deletions":2}}}]},{"date":"2022-02-20","commitResults":[{"hash":"b65317cfb6d893d06ffb5d89ad896f17c5cbf455","messageTitle":"Rename to UserGuide.md","messageBody":"","fileTypesAndContributionMap":{"md":{"insertions":0,"deletions":0}}},{"hash":"a09579a09119aae363eb7b78776eb94727eee77c","messageTitle":"Enhance formatting + minor renames","messageBody":"","fileTypesAndContributionMap":{"md":{"insertions":28,"deletions":18}}},{"hash":"594dd58c0ecaf042ece8cfa82b17235fcf6f4025","messageTitle":"Add undo command","messageBody":"","fileTypesAndContributionMap":{"md":{"insertions":7,"deletions":0}}},{"hash":"ccdfa68663ad5889ce554abb310d7f5df41e2015","messageTitle":"Align UG with new GUI","messageBody":"","fileTypesAndContributionMap":{"md":{"insertions":6,"deletions":9}}},{"hash":"97868d19c338dba8baf20e673f2bb251c0e42f75","messageTitle":"Change \u0026nbsp; to \u003cbr\u003e","messageBody":"","fileTypesAndContributionMap":{"md":{"insertions":8,"deletions":16}}},{"hash":"2201ca1625b4325da369bea523a2af98692ee011","messageTitle":"Init DG with Architecture","messageBody":"","fileTypesAndContributionMap":{"md":{"insertions":18,"deletions":0}}},{"hash":"42d20c10f3670588da18c2db5b0a511f1d679c1c","messageTitle":"Rename Task to TaskList","messageBody":"","fileTypesAndContributionMap":{"md":{"insertions":1,"deletions":1}}},{"hash":"6cd677a865e8ca97b69e7c92ae52354a31a6fe00","messageTitle":"Add ArchitectureSequenceDiagram to UG","messageBody":"","fileTypesAndContributionMap":{"md":{"insertions":8,"deletions":0}}},{"hash":"b12da5303d366af536776f3abbacc17b1757592e","messageTitle":"Add user stories","messageBody":"","fileTypesAndContributionMap":{"md":{"insertions":12,"deletions":0}}},{"hash":"0ab9d7942e316372b5d782fb094e766f151940a5","messageTitle":"Add NFRs","messageBody":"","fileTypesAndContributionMap":{"md":{"insertions":6,"deletions":0}}},{"hash":"58e9409afb9a7ec84dbd841a72c13fd833aeae4f","messageTitle":"Add line break","messageBody":"","fileTypesAndContributionMap":{"md":{"insertions":1,"deletions":0}}},{"hash":"45c4fb7bce1cb6182fef7df7292de33800022ef8","messageTitle":"Add Command component to DG","messageBody":"","fileTypesAndContributionMap":{"md":{"insertions":19,"deletions":0}}},{"hash":"35fcfd1dad60882edf0c0bbe15cc14559b22afcf","messageTitle":"Add README.md as website landing page","messageBody":"","fileTypesAndContributionMap":{"md":{"insertions":7,"deletions":0}}},{"hash":"a0ab1a2823600ad2d8f04715ce923252ee8ef9d1","messageTitle":"[Fix] Reformat table for website","messageBody":"","fileTypesAndContributionMap":{"md":{"insertions":8,"deletions":8}}},{"hash":"474c41d1dce810e93f2f50434de257b514638790","messageTitle":"Refactor Ui_Init.png","messageBody":"","fileTypesAndContributionMap":{"md":{"insertions":1,"deletions":1}}}]}]},"authorFileTypeContributionMap":{"TanChiaChun":{"java":506,"md":95,"fxml":37,"sh":0,"bat":0,"gradle":8,"txt":0}},"authorContributionVariance":{"TanChiaChun":7283.497},"authorDisplayNameMap":{"TanChiaChun":"TIC4002-F18-4 TAN ..CHUN"}}
