{"authorDailyContributionsMap":{"TanChiaChun":[{"date":"2022-01-18","commitResults":[{"hash":"e78f91cc285b591ce23f3e632331ad204913b865","messageTitle":"Add checkStyle","messageBody":"","tags":["A-CheckStyle"],"fileTypesAndContributionMap":{"gradle":{"insertions":5,"deletions":0}}}]},{"date":"2022-01-19","commitResults":[{"hash":"1232ceb18a8c000ab15b6d79d35bdd63e9cd0393","messageTitle":"Enhance coding standard","messageBody":"","fileTypesAndContributionMap":{"java":{"insertions":119,"deletions":66}}}]},{"date":"2022-01-28","commitResults":[{"hash":"0ebb56183680b317e2b27d9e9bc439072d4de29e","messageTitle":"Add JavaFX to build.gradle","messageBody":"","fileTypesAndContributionMap":{"gradle":{"insertions":6,"deletions":0}}},{"hash":"548864f7002646d79fba0f58d8e4cb364024a172","messageTitle":"Remove System.in from build.gradle","messageBody":"","fileTypesAndContributionMap":{"gradle":{"insertions":0,"deletions":4}}},{"hash":"fb335476f6b064ed7884701fec20e995c370fcc0","messageTitle":"Refactor Main to Duke","messageBody":"","fileTypesAndContributionMap":{"java":{"insertions":4,"deletions":4}}},{"hash":"e21994e243749292bc0d81f33c636669fca7565f","messageTitle":"Min changes to launch empty MainWindow","messageBody":"","fileTypesAndContributionMap":{"gradle":{"insertions":1,"deletions":1},"fxml":{"insertions":9,"deletions":0},"java":{"insertions":39,"deletions":0}}},{"hash":"6351e9b4f0ac58ea2855a7efe95a4160e4db5e6f","messageTitle":"Add stage properties","messageBody":"","fileTypesAndContributionMap":{"java":{"insertions":2,"deletions":0}}},{"hash":"e15527225a4835c33a85b8a74d594b68a4f75e5c","messageTitle":"Change AnchorPane size","messageBody":"","fileTypesAndContributionMap":{"fxml":{"insertions":1,"deletions":1}}},{"hash":"bbb36bf0fe57c2a1ab77786b590abfb295915dc1","messageTitle":"Change AnchorPane to VBox","messageBody":"","fileTypesAndContributionMap":{"fxml":{"insertions":5,"deletions":6},"java":{"insertions":5,"deletions":5}}},{"hash":"a37bb67955deea577a0b2b3a4d3cab3d72c6fab4","messageTitle":"Draft initial MainWindow","messageBody":"","fileTypesAndContributionMap":{"fxml":{"insertions":9,"deletions":0}}},{"hash":"ae0bae6b20d981ac428eec3b6535482f38599d2c","messageTitle":"Style margin \u0026 padding","messageBody":"","fileTypesAndContributionMap":{"fxml":{"insertions":10,"deletions":2}}}]},{"date":"2022-01-29","commitResults":[{"hash":"9c5d0313049dee6d8b93ea0141293b7749780e67","messageTitle":"Add VBox to MainWindow","messageBody":"","fileTypesAndContributionMap":{"fxml":{"insertions":3,"deletions":1}}},{"hash":"7d9cef9377d820fb26021cae8cbb69283f0126ea","messageTitle":"Add user input (label) via button click","messageBody":"","fileTypesAndContributionMap":{"fxml":{"insertions":3,"deletions":3},"java":{"insertions":12,"deletions":0}}},{"hash":"cf4e60d9def391d4e54691c63590428c9a4fbd34","messageTitle":"Transform Label to custom DialogBox","messageBody":"","fileTypesAndContributionMap":{"fxml":{"insertions":10,"deletions":0},"java":{"insertions":41,"deletions":2}}},{"hash":"b8c1e0a78c46ad8f421873f1c4dede71a191fa36","messageTitle":"DialogBox styling","messageBody":"","fileTypesAndContributionMap":{"fxml":{"insertions":3,"deletions":3}}},{"hash":"57dd04b07614029eec608d3e5e25a4ddb505eb2f","messageTitle":"Auto scroll ScrollPane after user input","messageBody":"","fileTypesAndContributionMap":{"java":{"insertions":4,"deletions":0}}},{"hash":"10b2bdf34400d241e2be25d5a4ebdc011758a770","messageTitle":"Refactor auto scroll ScrollPane with initScrollPane()","messageBody":"","fileTypesAndContributionMap":{"fxml":{"insertions":1,"deletions":1},"java":{"insertions":9,"deletions":4}}},{"hash":"0a69f3e3c63c0ba23c6b5078eefb190190dea2e4","messageTitle":"Change userImage to non-final","messageBody":"","fileTypesAndContributionMap":{"java":{"insertions":1,"deletions":1}}},{"hash":"babf18aab7443e0b16bdf03df14937139f062770","messageTitle":"Refactor + link Duke to JavaFX","messageBody":"","fileTypesAndContributionMap":{"java":{"insertions":93,"deletions":78}}},{"hash":"062fb33e23ee11daa2406abe7052312ae39fce94","messageTitle":"Add Enter handler for TextField","messageBody":"","fileTypesAndContributionMap":{"fxml":{"insertions":1,"deletions":1}}},{"hash":"a4416b1fa793177f5b28c41df3b684a94568f1e6","messageTitle":"Style flip DialogBox for Duke + refactors","messageBody":"","fileTypesAndContributionMap":{"java":{"insertions":27,"deletions":2}}},{"hash":"8832e23b064d16cb3f642a0ff5af54defd7a2c12","messageTitle":"Add initial Duke DialogBox.","messageBody":"","fileTypesAndContributionMap":{"java":{"insertions":9,"deletions":0}}},{"hash":"6b84f31c89aac6a11db1727d9ae79725b48e7509","messageTitle":"Remove text-ui-test","messageBody":"","fileTypesAndContributionMap":{"txt":{"insertions":0,"deletions":11},"bat":{"insertions":0,"deletions":26},"sh":{"insertions":0,"deletions":38}}},{"hash":"149b0c9a93e7b0484ec0c50853fbe966cdbe99a1","messageTitle":"Refactor + add Javadoc","messageBody":"","tags":["Level-10"],"fileTypesAndContributionMap":{"java":{"insertions":59,"deletions":15}}}]}]},"authorFileTypeContributionMap":{"TanChiaChun":{"java":354,"md":0,"fxml":37,"sh":0,"bat":0,"gradle":8,"txt":0}},"authorContributionVariance":{"TanChiaChun":11567.611},"authorDisplayNameMap":{"TanChiaChun":"TIC4002-F18-4 TAN ..CHUN"}}
