{"authorDailyContributionsMap":{"TanChiaChun":[{"date":"2022-01-18","commitResults":[{"hash":"e78f91cc285b591ce23f3e632331ad204913b865","messageTitle":"Add checkStyle","messageBody":"","tags":["A-CheckStyle"],"fileTypesAndContributionMap":{"gradle":{"insertions":5,"deletions":0}}}]},{"date":"2022-01-19","commitResults":[{"hash":"1232ceb18a8c000ab15b6d79d35bdd63e9cd0393","messageTitle":"Enhance coding standard","messageBody":"","fileTypesAndContributionMap":{"java":{"insertions":119,"deletions":66}}}]}]},"authorFileTypeContributionMap":{"TanChiaChun":{"java":97,"md":0,"fxml":0,"sh":0,"bat":0,"gradle":4,"txt":0}},"authorContributionVariance":{"TanChiaChun":3064.0},"authorDisplayNameMap":{"TanChiaChun":"TIC4002-F18-4 TAN ..CHUN"}}
