[{"path":"build.gradle","fileType":"gradle","lines":[{"lineNumber":1,"author":{"gitId":"spencernah"},"content":"/*","lastModifiedDate":"2022-02-18"},{"lineNumber":2,"author":{"gitId":"spencernah"},"content":" * This file was generated by the Gradle \u0027init\u0027 task.","lastModifiedDate":"2022-02-18"},{"lineNumber":3,"author":{"gitId":"spencernah"},"content":" *","lastModifiedDate":"2022-02-18"},{"lineNumber":4,"author":{"gitId":"spencernah"},"content":" * This is a general purpose Gradle build.","lastModifiedDate":"2022-02-18"},{"lineNumber":5,"author":{"gitId":"spencernah"},"content":" * Learn more about Gradle by exploring our samples at https://docs.gradle.org/7.4/samples","lastModifiedDate":"2022-02-18"},{"lineNumber":6,"author":{"gitId":"spencernah"},"content":" * This project uses @Incubating APIs which are subject to change.","lastModifiedDate":"2022-02-18"},{"lineNumber":7,"author":{"gitId":"spencernah"},"content":" */","lastModifiedDate":"2022-02-18"},{"lineNumber":8,"author":{"gitId":"spencernah"},"content":"","lastModifiedDate":"2022-02-18"},{"lineNumber":9,"author":{"gitId":"spencernah"},"content":"","lastModifiedDate":"2022-02-18"},{"lineNumber":10,"author":{"gitId":"spencernah"},"content":"plugins {","lastModifiedDate":"2022-02-18"},{"lineNumber":11,"author":{"gitId":"spencernah"},"content":"    id \u0027java\u0027","lastModifiedDate":"2022-02-18"},{"lineNumber":12,"author":{"gitId":"spencernah"},"content":"    id \u0027application\u0027","lastModifiedDate":"2022-02-18"},{"lineNumber":13,"author":{"gitId":"spencernah"},"content":"    id \u0027checkstyle\u0027","lastModifiedDate":"2022-02-18"},{"lineNumber":14,"author":{"gitId":"spencernah"},"content":"    id \u0027com.github.johnrengelman.shadow\u0027 version \u00275.1.0\u0027","lastModifiedDate":"2022-02-18"},{"lineNumber":15,"author":{"gitId":"spencernah"},"content":"}","lastModifiedDate":"2022-02-18"},{"lineNumber":16,"author":{"gitId":"spencernah"},"content":"","lastModifiedDate":"2022-02-18"},{"lineNumber":17,"author":{"gitId":"spencernah"},"content":"run {","lastModifiedDate":"2022-02-18"},{"lineNumber":18,"author":{"gitId":"spencernah"},"content":"    enableAssertions \u003d true","lastModifiedDate":"2022-02-18"},{"lineNumber":19,"author":{"gitId":"spencernah"},"content":"}","lastModifiedDate":"2022-02-18"},{"lineNumber":20,"author":{"gitId":"spencernah"},"content":"","lastModifiedDate":"2022-02-18"},{"lineNumber":21,"author":{"gitId":"spencernah"},"content":"dependencies {","lastModifiedDate":"2022-02-18"},{"lineNumber":22,"author":{"gitId":"spencernah"},"content":"    implementation \u0027org.junit.jupiter:junit-jupiter:5.7.0\u0027","lastModifiedDate":"2022-02-18"},{"lineNumber":23,"author":{"gitId":"spencernah"},"content":"    testImplementation \u0027org.junit.jupiter:junit-jupiter-api:5.7.0\u0027","lastModifiedDate":"2022-02-18"},{"lineNumber":24,"author":{"gitId":"spencernah"},"content":"    testRuntimeOnly \u0027org.junit.jupiter:junit-jupiter-engine:5.7.0\u0027","lastModifiedDate":"2022-02-18"},{"lineNumber":25,"author":{"gitId":"spencernah"},"content":"}","lastModifiedDate":"2022-02-18"},{"lineNumber":26,"author":{"gitId":"spencernah"},"content":"","lastModifiedDate":"2022-02-18"},{"lineNumber":27,"author":{"gitId":"spencernah"},"content":"repositories { mavenCentral() }","lastModifiedDate":"2022-02-18"}],"authorContributionMap":{"spencernah":27}},{"path":"data/data.txt","fileType":"txt","lines":[{"lineNumber":1,"author":{"gitId":"-"},"content":"0;E;false;task1;2019-06-08;-1;-1","lastModifiedDate":"2021-09-27"},{"lineNumber":2,"author":{"gitId":"-"},"content":"1;T;true;task2;;-1;-1","lastModifiedDate":"2021-09-27"},{"lineNumber":3,"author":{"gitId":"-"},"content":"2;E;false;task3;2019-06-09;-1;-1","lastModifiedDate":"2021-09-27"},{"lineNumber":4,"author":{"gitId":"-"},"content":"3;E;false;hello;2020-10-01;-1;-1","lastModifiedDate":"2021-09-27"},{"lineNumber":5,"author":{"gitId":"spencernah"},"content":"4;E;false;hello task;2022-08-06;-1;-1","lastModifiedDate":"2022-02-18"}],"authorContributionMap":{"spencernah":1,"-":4}},{"path":"gradlew.bat","fileType":"bat","lines":[{"lineNumber":1,"author":{"gitId":"spencernah"},"content":"@rem","lastModifiedDate":"2022-02-18"},{"lineNumber":2,"author":{"gitId":"spencernah"},"content":"@rem Copyright 2015 the original author or authors.","lastModifiedDate":"2022-02-18"},{"lineNumber":3,"author":{"gitId":"spencernah"},"content":"@rem","lastModifiedDate":"2022-02-18"},{"lineNumber":4,"author":{"gitId":"spencernah"},"content":"@rem Licensed under the Apache License, Version 2.0 (the \"License\");","lastModifiedDate":"2022-02-18"},{"lineNumber":5,"author":{"gitId":"spencernah"},"content":"@rem you may not use this file except in compliance with the License.","lastModifiedDate":"2022-02-18"},{"lineNumber":6,"author":{"gitId":"spencernah"},"content":"@rem You may obtain a copy of the License at","lastModifiedDate":"2022-02-18"},{"lineNumber":7,"author":{"gitId":"spencernah"},"content":"@rem","lastModifiedDate":"2022-02-18"},{"lineNumber":8,"author":{"gitId":"spencernah"},"content":"@rem      https://www.apache.org/licenses/LICENSE-2.0","lastModifiedDate":"2022-02-18"},{"lineNumber":9,"author":{"gitId":"spencernah"},"content":"@rem","lastModifiedDate":"2022-02-18"},{"lineNumber":10,"author":{"gitId":"spencernah"},"content":"@rem Unless required by applicable law or agreed to in writing, software","lastModifiedDate":"2022-02-18"},{"lineNumber":11,"author":{"gitId":"spencernah"},"content":"@rem distributed under the License is distributed on an \"AS IS\" BASIS,","lastModifiedDate":"2022-02-18"},{"lineNumber":12,"author":{"gitId":"spencernah"},"content":"@rem WITHOUT WARRANTIES OR CONDITIONS OF ANY KIND, either express or implied.","lastModifiedDate":"2022-02-18"},{"lineNumber":13,"author":{"gitId":"spencernah"},"content":"@rem See the License for the specific language governing permissions and","lastModifiedDate":"2022-02-18"},{"lineNumber":14,"author":{"gitId":"spencernah"},"content":"@rem limitations under the License.","lastModifiedDate":"2022-02-18"},{"lineNumber":15,"author":{"gitId":"spencernah"},"content":"@rem","lastModifiedDate":"2022-02-18"},{"lineNumber":16,"author":{"gitId":"spencernah"},"content":"","lastModifiedDate":"2022-02-18"},{"lineNumber":17,"author":{"gitId":"spencernah"},"content":"@if \"%DEBUG%\" \u003d\u003d \"\" @echo off","lastModifiedDate":"2022-02-18"},{"lineNumber":18,"author":{"gitId":"spencernah"},"content":"@rem ##########################################################################","lastModifiedDate":"2022-02-18"},{"lineNumber":19,"author":{"gitId":"spencernah"},"content":"@rem","lastModifiedDate":"2022-02-18"},{"lineNumber":20,"author":{"gitId":"spencernah"},"content":"@rem  Gradle startup script for Windows","lastModifiedDate":"2022-02-18"},{"lineNumber":21,"author":{"gitId":"spencernah"},"content":"@rem","lastModifiedDate":"2022-02-18"},{"lineNumber":22,"author":{"gitId":"spencernah"},"content":"@rem ##########################################################################","lastModifiedDate":"2022-02-18"},{"lineNumber":23,"author":{"gitId":"spencernah"},"content":"","lastModifiedDate":"2022-02-18"},{"lineNumber":24,"author":{"gitId":"spencernah"},"content":"@rem Set local scope for the variables with windows NT shell","lastModifiedDate":"2022-02-18"},{"lineNumber":25,"author":{"gitId":"spencernah"},"content":"if \"%OS%\"\u003d\u003d\"Windows_NT\" setlocal","lastModifiedDate":"2022-02-18"},{"lineNumber":26,"author":{"gitId":"spencernah"},"content":"","lastModifiedDate":"2022-02-18"},{"lineNumber":27,"author":{"gitId":"spencernah"},"content":"set DIRNAME\u003d%~dp0","lastModifiedDate":"2022-02-18"},{"lineNumber":28,"author":{"gitId":"spencernah"},"content":"if \"%DIRNAME%\" \u003d\u003d \"\" set DIRNAME\u003d.","lastModifiedDate":"2022-02-18"},{"lineNumber":29,"author":{"gitId":"spencernah"},"content":"set APP_BASE_NAME\u003d%~n0","lastModifiedDate":"2022-02-18"},{"lineNumber":30,"author":{"gitId":"spencernah"},"content":"set APP_HOME\u003d%DIRNAME%","lastModifiedDate":"2022-02-18"},{"lineNumber":31,"author":{"gitId":"spencernah"},"content":"","lastModifiedDate":"2022-02-18"},{"lineNumber":32,"author":{"gitId":"spencernah"},"content":"@rem Resolve any \".\" and \"..\" in APP_HOME to make it shorter.","lastModifiedDate":"2022-02-18"},{"lineNumber":33,"author":{"gitId":"spencernah"},"content":"for %%i in (\"%APP_HOME%\") do set APP_HOME\u003d%%~fi","lastModifiedDate":"2022-02-18"},{"lineNumber":34,"author":{"gitId":"spencernah"},"content":"","lastModifiedDate":"2022-02-18"},{"lineNumber":35,"author":{"gitId":"spencernah"},"content":"@rem Add default JVM options here. You can also use JAVA_OPTS and GRADLE_OPTS to pass JVM options to this script.","lastModifiedDate":"2022-02-18"},{"lineNumber":36,"author":{"gitId":"spencernah"},"content":"set DEFAULT_JVM_OPTS\u003d\"-Xmx64m\" \"-Xms64m\"","lastModifiedDate":"2022-02-18"},{"lineNumber":37,"author":{"gitId":"spencernah"},"content":"","lastModifiedDate":"2022-02-18"},{"lineNumber":38,"author":{"gitId":"spencernah"},"content":"@rem Find java.exe","lastModifiedDate":"2022-02-18"},{"lineNumber":39,"author":{"gitId":"spencernah"},"content":"if defined JAVA_HOME goto findJavaFromJavaHome","lastModifiedDate":"2022-02-18"},{"lineNumber":40,"author":{"gitId":"spencernah"},"content":"","lastModifiedDate":"2022-02-18"},{"lineNumber":41,"author":{"gitId":"spencernah"},"content":"set JAVA_EXE\u003djava.exe","lastModifiedDate":"2022-02-18"},{"lineNumber":42,"author":{"gitId":"spencernah"},"content":"%JAVA_EXE% -version \u003eNUL 2\u003e\u00261","lastModifiedDate":"2022-02-18"},{"lineNumber":43,"author":{"gitId":"spencernah"},"content":"if \"%ERRORLEVEL%\" \u003d\u003d \"0\" goto execute","lastModifiedDate":"2022-02-18"},{"lineNumber":44,"author":{"gitId":"spencernah"},"content":"","lastModifiedDate":"2022-02-18"},{"lineNumber":45,"author":{"gitId":"spencernah"},"content":"echo.","lastModifiedDate":"2022-02-18"},{"lineNumber":46,"author":{"gitId":"spencernah"},"content":"echo ERROR: JAVA_HOME is not set and no \u0027java\u0027 command could be found in your PATH.","lastModifiedDate":"2022-02-18"},{"lineNumber":47,"author":{"gitId":"spencernah"},"content":"echo.","lastModifiedDate":"2022-02-18"},{"lineNumber":48,"author":{"gitId":"spencernah"},"content":"echo Please set the JAVA_HOME variable in your environment to match the","lastModifiedDate":"2022-02-18"},{"lineNumber":49,"author":{"gitId":"spencernah"},"content":"echo location of your Java installation.","lastModifiedDate":"2022-02-18"},{"lineNumber":50,"author":{"gitId":"spencernah"},"content":"","lastModifiedDate":"2022-02-18"},{"lineNumber":51,"author":{"gitId":"spencernah"},"content":"goto fail","lastModifiedDate":"2022-02-18"},{"lineNumber":52,"author":{"gitId":"spencernah"},"content":"","lastModifiedDate":"2022-02-18"},{"lineNumber":53,"author":{"gitId":"spencernah"},"content":":findJavaFromJavaHome","lastModifiedDate":"2022-02-18"},{"lineNumber":54,"author":{"gitId":"spencernah"},"content":"set JAVA_HOME\u003d%JAVA_HOME:\"\u003d%","lastModifiedDate":"2022-02-18"},{"lineNumber":55,"author":{"gitId":"spencernah"},"content":"set JAVA_EXE\u003d%JAVA_HOME%/bin/java.exe","lastModifiedDate":"2022-02-18"},{"lineNumber":56,"author":{"gitId":"spencernah"},"content":"","lastModifiedDate":"2022-02-18"},{"lineNumber":57,"author":{"gitId":"spencernah"},"content":"if exist \"%JAVA_EXE%\" goto execute","lastModifiedDate":"2022-02-18"},{"lineNumber":58,"author":{"gitId":"spencernah"},"content":"","lastModifiedDate":"2022-02-18"},{"lineNumber":59,"author":{"gitId":"spencernah"},"content":"echo.","lastModifiedDate":"2022-02-18"},{"lineNumber":60,"author":{"gitId":"spencernah"},"content":"echo ERROR: JAVA_HOME is set to an invalid directory: %JAVA_HOME%","lastModifiedDate":"2022-02-18"},{"lineNumber":61,"author":{"gitId":"spencernah"},"content":"echo.","lastModifiedDate":"2022-02-18"},{"lineNumber":62,"author":{"gitId":"spencernah"},"content":"echo Please set the JAVA_HOME variable in your environment to match the","lastModifiedDate":"2022-02-18"},{"lineNumber":63,"author":{"gitId":"spencernah"},"content":"echo location of your Java installation.","lastModifiedDate":"2022-02-18"},{"lineNumber":64,"author":{"gitId":"spencernah"},"content":"","lastModifiedDate":"2022-02-18"},{"lineNumber":65,"author":{"gitId":"spencernah"},"content":"goto fail","lastModifiedDate":"2022-02-18"},{"lineNumber":66,"author":{"gitId":"spencernah"},"content":"","lastModifiedDate":"2022-02-18"},{"lineNumber":67,"author":{"gitId":"spencernah"},"content":":execute","lastModifiedDate":"2022-02-18"},{"lineNumber":68,"author":{"gitId":"spencernah"},"content":"@rem Setup the command line","lastModifiedDate":"2022-02-18"},{"lineNumber":69,"author":{"gitId":"spencernah"},"content":"","lastModifiedDate":"2022-02-18"},{"lineNumber":70,"author":{"gitId":"spencernah"},"content":"set CLASSPATH\u003d%APP_HOME%\\gradle\\wrapper\\gradle-wrapper.jar","lastModifiedDate":"2022-02-18"},{"lineNumber":71,"author":{"gitId":"spencernah"},"content":"","lastModifiedDate":"2022-02-18"},{"lineNumber":72,"author":{"gitId":"spencernah"},"content":"","lastModifiedDate":"2022-02-18"},{"lineNumber":73,"author":{"gitId":"spencernah"},"content":"@rem Execute Gradle","lastModifiedDate":"2022-02-18"},{"lineNumber":74,"author":{"gitId":"spencernah"},"content":"\"%JAVA_EXE%\" %DEFAULT_JVM_OPTS% %JAVA_OPTS% %GRADLE_OPTS% \"-Dorg.gradle.appname\u003d%APP_BASE_NAME%\" -classpath \"%CLASSPATH%\" org.gradle.wrapper.GradleWrapperMain %*","lastModifiedDate":"2022-02-18"},{"lineNumber":75,"author":{"gitId":"spencernah"},"content":"","lastModifiedDate":"2022-02-18"},{"lineNumber":76,"author":{"gitId":"spencernah"},"content":":end","lastModifiedDate":"2022-02-18"},{"lineNumber":77,"author":{"gitId":"spencernah"},"content":"@rem End local scope for the variables with windows NT shell","lastModifiedDate":"2022-02-18"},{"lineNumber":78,"author":{"gitId":"spencernah"},"content":"if \"%ERRORLEVEL%\"\u003d\u003d\"0\" goto mainEnd","lastModifiedDate":"2022-02-18"},{"lineNumber":79,"author":{"gitId":"spencernah"},"content":"","lastModifiedDate":"2022-02-18"},{"lineNumber":80,"author":{"gitId":"spencernah"},"content":":fail","lastModifiedDate":"2022-02-18"},{"lineNumber":81,"author":{"gitId":"spencernah"},"content":"rem Set variable GRADLE_EXIT_CONSOLE if you need the _script_ return code instead of","lastModifiedDate":"2022-02-18"},{"lineNumber":82,"author":{"gitId":"spencernah"},"content":"rem the _cmd.exe /c_ return code!","lastModifiedDate":"2022-02-18"},{"lineNumber":83,"author":{"gitId":"spencernah"},"content":"if  not \"\" \u003d\u003d \"%GRADLE_EXIT_CONSOLE%\" exit 1","lastModifiedDate":"2022-02-18"},{"lineNumber":84,"author":{"gitId":"spencernah"},"content":"exit /b 1","lastModifiedDate":"2022-02-18"},{"lineNumber":85,"author":{"gitId":"spencernah"},"content":"","lastModifiedDate":"2022-02-18"},{"lineNumber":86,"author":{"gitId":"spencernah"},"content":":mainEnd","lastModifiedDate":"2022-02-18"},{"lineNumber":87,"author":{"gitId":"spencernah"},"content":"if \"%OS%\"\u003d\u003d\"Windows_NT\" endlocal","lastModifiedDate":"2022-02-18"},{"lineNumber":88,"author":{"gitId":"spencernah"},"content":"","lastModifiedDate":"2022-02-18"},{"lineNumber":89,"author":{"gitId":"spencernah"},"content":":omega","lastModifiedDate":"2022-02-18"}],"authorContributionMap":{"spencernah":89}},{"path":"settings.gradle","fileType":"gradle","lines":[{"lineNumber":1,"author":{"gitId":"spencernah"},"content":"/*","lastModifiedDate":"2022-02-18"},{"lineNumber":2,"author":{"gitId":"spencernah"},"content":" * This file was generated by the Gradle \u0027init\u0027 task.","lastModifiedDate":"2022-02-18"},{"lineNumber":3,"author":{"gitId":"spencernah"},"content":" *","lastModifiedDate":"2022-02-18"},{"lineNumber":4,"author":{"gitId":"spencernah"},"content":" * The settings file is used to specify which projects to include in your build.","lastModifiedDate":"2022-02-18"},{"lineNumber":5,"author":{"gitId":"spencernah"},"content":" *","lastModifiedDate":"2022-02-18"},{"lineNumber":6,"author":{"gitId":"spencernah"},"content":" * Detailed information about configuring a multi-project build in Gradle can be found","lastModifiedDate":"2022-02-18"},{"lineNumber":7,"author":{"gitId":"spencernah"},"content":" * in the user manual at https://docs.gradle.org/7.4/userguide/multi_project_builds.html","lastModifiedDate":"2022-02-18"},{"lineNumber":8,"author":{"gitId":"spencernah"},"content":" * This project uses @Incubating APIs which are subject to change.","lastModifiedDate":"2022-02-18"},{"lineNumber":9,"author":{"gitId":"spencernah"},"content":" */","lastModifiedDate":"2022-02-18"},{"lineNumber":10,"author":{"gitId":"spencernah"},"content":"","lastModifiedDate":"2022-02-18"},{"lineNumber":11,"author":{"gitId":"spencernah"},"content":"rootProject.name \u003d \u0027ip\u0027","lastModifiedDate":"2022-02-18"}],"authorContributionMap":{"spencernah":11}},{"path":"src/main/java/duke/others/Keyword.java","fileType":"java","lines":[{"lineNumber":1,"author":{"gitId":"-"},"content":"package duke.others;","lastModifiedDate":"2021-09-27"},{"lineNumber":2,"author":{"gitId":"-"},"content":"","lastModifiedDate":"2021-09-27"},{"lineNumber":3,"author":{"gitId":"-"},"content":"public class Keyword {","lastModifiedDate":"2021-09-27"},{"lineNumber":4,"author":{"gitId":"-"},"content":"    public static final String DONE \u003d \"done\";","lastModifiedDate":"2021-09-27"},{"lineNumber":5,"author":{"gitId":"-"},"content":"    public static final String DELETE \u003d \"delete\";","lastModifiedDate":"2021-09-27"},{"lineNumber":6,"author":{"gitId":"-"},"content":"    public static final String ADD_TODO \u003d \"todo\";","lastModifiedDate":"2021-09-27"},{"lineNumber":7,"author":{"gitId":"-"},"content":"    public static final String ADD_DEADLINE \u003d \"deadline\";","lastModifiedDate":"2021-09-27"},{"lineNumber":8,"author":{"gitId":"-"},"content":"    public static final String ADD_EVENT \u003d \"event\";","lastModifiedDate":"2021-09-27"},{"lineNumber":9,"author":{"gitId":"-"},"content":"    public static final String VIEW_BY_DATE \u003d \"list date\";","lastModifiedDate":"2021-09-27"},{"lineNumber":10,"author":{"gitId":"-"},"content":"    public static final String EXIT_1 \u003d \"bb\";","lastModifiedDate":"2021-09-27"},{"lineNumber":11,"author":{"gitId":"-"},"content":"    public static final String EXIT_2 \u003d \"bye\";","lastModifiedDate":"2021-09-27"},{"lineNumber":12,"author":{"gitId":"-"},"content":"    public static final String VIEW_BY_STATUS_1 \u003d \"pending\";","lastModifiedDate":"2021-09-27"},{"lineNumber":13,"author":{"gitId":"-"},"content":"    public static final String VIEW_BY_STATUS_2 \u003d \"list pending\";","lastModifiedDate":"2021-09-27"},{"lineNumber":14,"author":{"gitId":"-"},"content":"    public static final String VIEW_ALL \u003d \"list\";","lastModifiedDate":"2021-09-27"},{"lineNumber":15,"author":{"gitId":"-"},"content":"    public static final String FIND \u003d \"find\";","lastModifiedDate":"2021-09-27"},{"lineNumber":16,"author":{"gitId":"-"},"content":"    public static final String REMINDER \u003d \"reminder\";","lastModifiedDate":"2021-09-27"},{"lineNumber":17,"author":{"gitId":"spencernah"},"content":"    public static final String DO_AFTER_1 \u003d \"doafter\";","lastModifiedDate":"2022-02-18"},{"lineNumber":18,"author":{"gitId":"spencernah"},"content":"    public static final String DO_AFTER_2 \u003d \"do after\";","lastModifiedDate":"2022-02-18"},{"lineNumber":19,"author":{"gitId":"-"},"content":"}","lastModifiedDate":"2021-09-27"}],"authorContributionMap":{"spencernah":2,"-":17}},{"path":"src/main/java/duke/storage/Storage.java","fileType":"java","lines":[{"lineNumber":1,"author":{"gitId":"-"},"content":"package duke.storage;","lastModifiedDate":"2021-09-27"},{"lineNumber":2,"author":{"gitId":"-"},"content":"","lastModifiedDate":"2021-09-27"},{"lineNumber":3,"author":{"gitId":"-"},"content":"import duke.task.TaskList;","lastModifiedDate":"2021-09-27"},{"lineNumber":4,"author":{"gitId":"-"},"content":"import duke.others.Utility;","lastModifiedDate":"2021-09-27"},{"lineNumber":5,"author":{"gitId":"-"},"content":"","lastModifiedDate":"2021-09-27"},{"lineNumber":6,"author":{"gitId":"-"},"content":"import java.io.File;","lastModifiedDate":"2021-09-27"},{"lineNumber":7,"author":{"gitId":"-"},"content":"import java.io.FileWriter;","lastModifiedDate":"2021-09-27"},{"lineNumber":8,"author":{"gitId":"-"},"content":"import java.io.FileNotFoundException;","lastModifiedDate":"2021-09-27"},{"lineNumber":9,"author":{"gitId":"-"},"content":"import java.io.IOException;","lastModifiedDate":"2021-09-27"},{"lineNumber":10,"author":{"gitId":"-"},"content":"import java.nio.charset.StandardCharsets;","lastModifiedDate":"2021-09-27"},{"lineNumber":11,"author":{"gitId":"-"},"content":"import java.nio.file.Files;","lastModifiedDate":"2021-09-27"},{"lineNumber":12,"author":{"gitId":"-"},"content":"import java.nio.file.Path;","lastModifiedDate":"2021-09-27"},{"lineNumber":13,"author":{"gitId":"-"},"content":"import java.nio.file.Paths;","lastModifiedDate":"2021-09-27"},{"lineNumber":14,"author":{"gitId":"-"},"content":"import java.util.Scanner;","lastModifiedDate":"2021-09-27"},{"lineNumber":15,"author":{"gitId":"-"},"content":"","lastModifiedDate":"2021-09-27"},{"lineNumber":16,"author":{"gitId":"-"},"content":"/**","lastModifiedDate":"2021-09-27"},{"lineNumber":17,"author":{"gitId":"spencernah"},"content":" * Represents the file and its corresponding methods used to store task list data.","lastModifiedDate":"2022-02-18"},{"lineNumber":18,"author":{"gitId":"-"},"content":" */","lastModifiedDate":"2021-09-27"},{"lineNumber":19,"author":{"gitId":"-"},"content":"public class Storage {","lastModifiedDate":"2021-09-27"},{"lineNumber":20,"author":{"gitId":"-"},"content":"    protected String path;","lastModifiedDate":"2021-09-27"},{"lineNumber":21,"author":{"gitId":"-"},"content":"    protected String data;","lastModifiedDate":"2021-09-27"},{"lineNumber":22,"author":{"gitId":"-"},"content":"    protected boolean isEmpty;","lastModifiedDate":"2021-09-27"},{"lineNumber":23,"author":{"gitId":"-"},"content":"","lastModifiedDate":"2021-09-27"},{"lineNumber":24,"author":{"gitId":"-"},"content":"    /**","lastModifiedDate":"2021-09-27"},{"lineNumber":25,"author":{"gitId":"-"},"content":"     * The file used to store task list data.","lastModifiedDate":"2021-09-27"},{"lineNumber":26,"author":{"gitId":"-"},"content":"     *","lastModifiedDate":"2021-09-27"},{"lineNumber":27,"author":{"gitId":"-"},"content":"     * @param filePath is the directory of the data.txt file.","lastModifiedDate":"2021-09-27"},{"lineNumber":28,"author":{"gitId":"-"},"content":"     */","lastModifiedDate":"2021-09-27"},{"lineNumber":29,"author":{"gitId":"-"},"content":"    public Storage(String filePath) {","lastModifiedDate":"2021-09-27"},{"lineNumber":30,"author":{"gitId":"-"},"content":"        this.path \u003d filePath;","lastModifiedDate":"2021-09-27"},{"lineNumber":31,"author":{"gitId":"-"},"content":"        this.data \u003d \"\";","lastModifiedDate":"2021-09-27"},{"lineNumber":32,"author":{"gitId":"-"},"content":"        this.isEmpty \u003d false;","lastModifiedDate":"2021-09-27"},{"lineNumber":33,"author":{"gitId":"-"},"content":"    }","lastModifiedDate":"2021-09-27"},{"lineNumber":34,"author":{"gitId":"-"},"content":"","lastModifiedDate":"2021-09-27"},{"lineNumber":35,"author":{"gitId":"-"},"content":"    /**","lastModifiedDate":"2021-09-27"},{"lineNumber":36,"author":{"gitId":"-"},"content":"     * Loads the data from this storage and returns it","lastModifiedDate":"2021-09-27"},{"lineNumber":37,"author":{"gitId":"-"},"content":"     *","lastModifiedDate":"2021-09-27"},{"lineNumber":38,"author":{"gitId":"-"},"content":"     * @return the data in String.","lastModifiedDate":"2021-09-27"},{"lineNumber":39,"author":{"gitId":"-"},"content":"     * @throws FileNotFoundException if the path is not valid","lastModifiedDate":"2021-09-27"},{"lineNumber":40,"author":{"gitId":"-"},"content":"     */","lastModifiedDate":"2021-09-27"},{"lineNumber":41,"author":{"gitId":"-"},"content":"","lastModifiedDate":"2021-09-27"},{"lineNumber":42,"author":{"gitId":"-"},"content":"    public String load() throws FileNotFoundException {","lastModifiedDate":"2021-09-27"},{"lineNumber":43,"author":{"gitId":"-"},"content":"        File f \u003d new File(this.path);","lastModifiedDate":"2021-09-27"},{"lineNumber":44,"author":{"gitId":"-"},"content":"        Scanner s \u003d new Scanner(f);","lastModifiedDate":"2021-09-27"},{"lineNumber":45,"author":{"gitId":"-"},"content":"        while (s.hasNext()) {","lastModifiedDate":"2021-09-27"},{"lineNumber":46,"author":{"gitId":"-"},"content":"            this.data \u003d this.data + s.nextLine() + System.lineSeparator();","lastModifiedDate":"2021-09-27"},{"lineNumber":47,"author":{"gitId":"-"},"content":"        }","lastModifiedDate":"2021-09-27"},{"lineNumber":48,"author":{"gitId":"-"},"content":"        if (this.data.length() \u003e 0) {","lastModifiedDate":"2021-09-27"},{"lineNumber":49,"author":{"gitId":"-"},"content":"            this.isEmpty \u003d true;","lastModifiedDate":"2021-09-27"},{"lineNumber":50,"author":{"gitId":"-"},"content":"        }","lastModifiedDate":"2021-09-27"},{"lineNumber":51,"author":{"gitId":"-"},"content":"        return this.data;","lastModifiedDate":"2021-09-27"},{"lineNumber":52,"author":{"gitId":"-"},"content":"    }","lastModifiedDate":"2021-09-27"},{"lineNumber":53,"author":{"gitId":"-"},"content":"","lastModifiedDate":"2021-09-27"},{"lineNumber":54,"author":{"gitId":"-"},"content":"    /**","lastModifiedDate":"2021-09-27"},{"lineNumber":55,"author":{"gitId":"spencernah"},"content":"     * Saves Task List data to storage file.","lastModifiedDate":"2022-02-18"},{"lineNumber":56,"author":{"gitId":"-"},"content":"     *","lastModifiedDate":"2021-09-27"},{"lineNumber":57,"author":{"gitId":"-"},"content":"     * @param tasks is the Task List to be saved.","lastModifiedDate":"2021-09-27"},{"lineNumber":58,"author":{"gitId":"-"},"content":"     * @throws IOException if there are errors writing the data to the storage file.","lastModifiedDate":"2021-09-27"},{"lineNumber":59,"author":{"gitId":"-"},"content":"     */","lastModifiedDate":"2021-09-27"},{"lineNumber":60,"author":{"gitId":"-"},"content":"    public void save(TaskList tasks) throws IOException {","lastModifiedDate":"2021-09-27"},{"lineNumber":61,"author":{"gitId":"-"},"content":"        FileWriter writer \u003d new FileWriter(new File(this.path));","lastModifiedDate":"2021-09-27"},{"lineNumber":62,"author":{"gitId":"-"},"content":"        int index \u003d 0;","lastModifiedDate":"2021-09-27"},{"lineNumber":63,"author":{"gitId":"-"},"content":"        for (int i \u003d 0; i \u003c tasks.size(); ++i) {","lastModifiedDate":"2021-09-27"},{"lineNumber":64,"author":{"gitId":"-"},"content":"            String input \u003d index + \";\" + Utility.constructInput(tasks.get(i));","lastModifiedDate":"2021-09-27"},{"lineNumber":65,"author":{"gitId":"-"},"content":"            writer.write(input + System.lineSeparator());","lastModifiedDate":"2021-09-27"},{"lineNumber":66,"author":{"gitId":"-"},"content":"            index++;","lastModifiedDate":"2021-09-27"},{"lineNumber":67,"author":{"gitId":"-"},"content":"        }","lastModifiedDate":"2021-09-27"},{"lineNumber":68,"author":{"gitId":"-"},"content":"        writer.close();","lastModifiedDate":"2021-09-27"},{"lineNumber":69,"author":{"gitId":"-"},"content":"    }","lastModifiedDate":"2021-09-27"},{"lineNumber":70,"author":{"gitId":"-"},"content":"","lastModifiedDate":"2021-09-27"},{"lineNumber":71,"author":{"gitId":"-"},"content":"    /**","lastModifiedDate":"2021-09-27"},{"lineNumber":72,"author":{"gitId":"-"},"content":"     * Appends data to the storage file. Used mainly when new tasks are created.","lastModifiedDate":"2021-09-27"},{"lineNumber":73,"author":{"gitId":"-"},"content":"     *","lastModifiedDate":"2021-09-27"},{"lineNumber":74,"author":{"gitId":"-"},"content":"     * @param textToAppend is the task data in String","lastModifiedDate":"2021-09-27"},{"lineNumber":75,"author":{"gitId":"-"},"content":"     * @throws IOException if there are errors writing the file","lastModifiedDate":"2021-09-27"},{"lineNumber":76,"author":{"gitId":"-"},"content":"     */","lastModifiedDate":"2021-09-27"},{"lineNumber":77,"author":{"gitId":"-"},"content":"    public void append(String textToAppend) throws IOException {","lastModifiedDate":"2021-09-27"},{"lineNumber":78,"author":{"gitId":"-"},"content":"        FileWriter fw \u003d new FileWriter(this.path, true);","lastModifiedDate":"2021-09-27"},{"lineNumber":79,"author":{"gitId":"-"},"content":"        fw.write(textToAppend + System.lineSeparator());","lastModifiedDate":"2021-09-27"},{"lineNumber":80,"author":{"gitId":"-"},"content":"        fw.close();","lastModifiedDate":"2021-09-27"},{"lineNumber":81,"author":{"gitId":"-"},"content":"    }","lastModifiedDate":"2021-09-27"},{"lineNumber":82,"author":{"gitId":"-"},"content":"","lastModifiedDate":"2021-09-27"},{"lineNumber":83,"author":{"gitId":"-"},"content":"    /**","lastModifiedDate":"2021-09-27"},{"lineNumber":84,"author":{"gitId":"-"},"content":"     * Updates a specific line of data (a.k.a task data). Used mainly when changes are made to existing tasks.","lastModifiedDate":"2021-09-27"},{"lineNumber":85,"author":{"gitId":"-"},"content":"     *","lastModifiedDate":"2021-09-27"},{"lineNumber":86,"author":{"gitId":"-"},"content":"     * @param n is the index of the record.","lastModifiedDate":"2021-09-27"},{"lineNumber":87,"author":{"gitId":"-"},"content":"     * @param input is the new data.","lastModifiedDate":"2021-09-27"},{"lineNumber":88,"author":{"gitId":"-"},"content":"     * @throws IOException if there are errors writing the file.","lastModifiedDate":"2021-09-27"},{"lineNumber":89,"author":{"gitId":"-"},"content":"     */","lastModifiedDate":"2021-09-27"},{"lineNumber":90,"author":{"gitId":"-"},"content":"    public void updateLine(int n, String input) throws IOException {","lastModifiedDate":"2021-09-27"},{"lineNumber":91,"author":{"gitId":"-"},"content":"        Path path \u003d Paths.get(this.path);","lastModifiedDate":"2021-09-27"},{"lineNumber":92,"author":{"gitId":"-"},"content":"        String content \u003d new String(Files.readAllBytes(path));","lastModifiedDate":"2021-09-27"},{"lineNumber":93,"author":{"gitId":"-"},"content":"        String line \u003d readLine(n);","lastModifiedDate":"2021-09-27"},{"lineNumber":94,"author":{"gitId":"-"},"content":"        content \u003d content.replaceAll(line, input);","lastModifiedDate":"2021-09-27"},{"lineNumber":95,"author":{"gitId":"-"},"content":"        Files.write(path, content.getBytes(StandardCharsets.UTF_8));","lastModifiedDate":"2021-09-27"},{"lineNumber":96,"author":{"gitId":"-"},"content":"    }","lastModifiedDate":"2021-09-27"},{"lineNumber":97,"author":{"gitId":"-"},"content":"","lastModifiedDate":"2021-09-27"},{"lineNumber":98,"author":{"gitId":"-"},"content":"    /**","lastModifiedDate":"2021-09-27"},{"lineNumber":99,"author":{"gitId":"-"},"content":"     * Read a specific line of data/task data in the storage.","lastModifiedDate":"2021-09-27"},{"lineNumber":100,"author":{"gitId":"-"},"content":"     *","lastModifiedDate":"2021-09-27"},{"lineNumber":101,"author":{"gitId":"-"},"content":"     * @param n is the index of the record.","lastModifiedDate":"2021-09-27"},{"lineNumber":102,"author":{"gitId":"-"},"content":"     * @return a specific line of data/task data.","lastModifiedDate":"2021-09-27"},{"lineNumber":103,"author":{"gitId":"-"},"content":"     * @throws IOException if the line of data is not found.","lastModifiedDate":"2021-09-27"},{"lineNumber":104,"author":{"gitId":"-"},"content":"     */","lastModifiedDate":"2021-09-27"},{"lineNumber":105,"author":{"gitId":"-"},"content":"    private String readLine(int n) throws IOException {","lastModifiedDate":"2021-09-27"},{"lineNumber":106,"author":{"gitId":"-"},"content":"        return Files.readAllLines(Paths.get(this.path)).get(n);","lastModifiedDate":"2021-09-27"},{"lineNumber":107,"author":{"gitId":"-"},"content":"    }","lastModifiedDate":"2021-09-27"},{"lineNumber":108,"author":{"gitId":"-"},"content":"","lastModifiedDate":"2021-09-27"},{"lineNumber":109,"author":{"gitId":"-"},"content":"}","lastModifiedDate":"2021-09-27"}],"authorContributionMap":{"spencernah":2,"-":107}},{"path":"src/test/java/duke/parser/ParserTest.java","fileType":"java","lines":[{"lineNumber":1,"author":{"gitId":"spencernah"},"content":"package duke.parser;","lastModifiedDate":"2022-02-18"},{"lineNumber":2,"author":{"gitId":"spencernah"},"content":"","lastModifiedDate":"2022-02-18"},{"lineNumber":3,"author":{"gitId":"spencernah"},"content":"import duke.command.*;","lastModifiedDate":"2022-02-18"},{"lineNumber":4,"author":{"gitId":"spencernah"},"content":"import duke.others.DukeException;","lastModifiedDate":"2022-02-18"},{"lineNumber":5,"author":{"gitId":"spencernah"},"content":"import duke.others.Keyword;","lastModifiedDate":"2022-02-18"},{"lineNumber":6,"author":{"gitId":"spencernah"},"content":"import duke.storage.Storage;","lastModifiedDate":"2022-02-18"},{"lineNumber":7,"author":{"gitId":"spencernah"},"content":"import duke.task.*;","lastModifiedDate":"2022-02-18"},{"lineNumber":8,"author":{"gitId":"spencernah"},"content":"","lastModifiedDate":"2022-02-18"},{"lineNumber":9,"author":{"gitId":"spencernah"},"content":"import duke.ui.Ui;","lastModifiedDate":"2022-02-18"},{"lineNumber":10,"author":{"gitId":"spencernah"},"content":"import org.junit.jupiter.api.Assertions;","lastModifiedDate":"2022-02-18"},{"lineNumber":11,"author":{"gitId":"spencernah"},"content":"import org.junit.jupiter.api.BeforeEach;","lastModifiedDate":"2022-02-18"},{"lineNumber":12,"author":{"gitId":"spencernah"},"content":"import org.junit.jupiter.api.Test;","lastModifiedDate":"2022-02-18"},{"lineNumber":13,"author":{"gitId":"spencernah"},"content":"","lastModifiedDate":"2022-02-18"},{"lineNumber":14,"author":{"gitId":"spencernah"},"content":"import java.io.FileNotFoundException;","lastModifiedDate":"2022-02-18"},{"lineNumber":15,"author":{"gitId":"spencernah"},"content":"import java.io.IOException;","lastModifiedDate":"2022-02-18"},{"lineNumber":16,"author":{"gitId":"spencernah"},"content":"","lastModifiedDate":"2022-02-18"},{"lineNumber":17,"author":{"gitId":"spencernah"},"content":"public class ParserTest {","lastModifiedDate":"2022-02-18"},{"lineNumber":18,"author":{"gitId":"spencernah"},"content":"","lastModifiedDate":"2022-02-18"},{"lineNumber":19,"author":{"gitId":"spencernah"},"content":"    Ui ui \u003d new Ui();","lastModifiedDate":"2022-02-18"},{"lineNumber":20,"author":{"gitId":"spencernah"},"content":"    Storage storage \u003d new Storage(\"/Users/spencernah/code/duke/data/data_test.txt\");","lastModifiedDate":"2022-02-18"},{"lineNumber":21,"author":{"gitId":"spencernah"},"content":"    TaskList tasks;","lastModifiedDate":"2022-02-18"},{"lineNumber":22,"author":{"gitId":"spencernah"},"content":"","lastModifiedDate":"2022-02-18"},{"lineNumber":23,"author":{"gitId":"spencernah"},"content":"    @BeforeEach","lastModifiedDate":"2022-02-18"},{"lineNumber":24,"author":{"gitId":"spencernah"},"content":"    public void setup() {","lastModifiedDate":"2022-02-18"},{"lineNumber":25,"author":{"gitId":"spencernah"},"content":"        try {","lastModifiedDate":"2022-02-18"},{"lineNumber":26,"author":{"gitId":"spencernah"},"content":"            tasks \u003d new TaskList(storage.load());","lastModifiedDate":"2022-02-18"},{"lineNumber":27,"author":{"gitId":"spencernah"},"content":"        } catch (FileNotFoundException e) {","lastModifiedDate":"2022-02-18"},{"lineNumber":28,"author":{"gitId":"spencernah"},"content":"            e.printStackTrace();","lastModifiedDate":"2022-02-18"},{"lineNumber":29,"author":{"gitId":"spencernah"},"content":"        } catch (IOException e) {","lastModifiedDate":"2022-02-18"},{"lineNumber":30,"author":{"gitId":"spencernah"},"content":"            e.printStackTrace();","lastModifiedDate":"2022-02-18"},{"lineNumber":31,"author":{"gitId":"spencernah"},"content":"        }","lastModifiedDate":"2022-02-18"},{"lineNumber":32,"author":{"gitId":"spencernah"},"content":"    }","lastModifiedDate":"2022-02-18"},{"lineNumber":33,"author":{"gitId":"spencernah"},"content":"","lastModifiedDate":"2022-02-18"},{"lineNumber":34,"author":{"gitId":"spencernah"},"content":"    @Test","lastModifiedDate":"2022-02-18"},{"lineNumber":35,"author":{"gitId":"spencernah"},"content":"    public void parse_ViewByDateCommand_noDate() {","lastModifiedDate":"2022-02-18"},{"lineNumber":36,"author":{"gitId":"spencernah"},"content":"        Assertions.assertThrows(DukeException.class, () -\u003e {","lastModifiedDate":"2022-02-18"},{"lineNumber":37,"author":{"gitId":"spencernah"},"content":"            Command c \u003d Parser.parse(Keyword.VIEW_BY_DATE);","lastModifiedDate":"2022-02-18"},{"lineNumber":38,"author":{"gitId":"spencernah"},"content":"        });","lastModifiedDate":"2022-02-18"},{"lineNumber":39,"author":{"gitId":"spencernah"},"content":"    }","lastModifiedDate":"2022-02-18"},{"lineNumber":40,"author":{"gitId":"spencernah"},"content":"","lastModifiedDate":"2022-02-18"},{"lineNumber":41,"author":{"gitId":"spencernah"},"content":"    @Test","lastModifiedDate":"2022-02-18"},{"lineNumber":42,"author":{"gitId":"spencernah"},"content":"    public void parse_ViewByDateCommand_incorrectDateFormat() {","lastModifiedDate":"2022-02-18"},{"lineNumber":43,"author":{"gitId":"spencernah"},"content":"        Assertions.assertThrows(DukeException.class, () -\u003e {","lastModifiedDate":"2022-02-18"},{"lineNumber":44,"author":{"gitId":"spencernah"},"content":"            Command c \u003d Parser.parse(Keyword.VIEW_BY_DATE + \"/20190805\");","lastModifiedDate":"2022-02-18"},{"lineNumber":45,"author":{"gitId":"spencernah"},"content":"        });","lastModifiedDate":"2022-02-18"},{"lineNumber":46,"author":{"gitId":"spencernah"},"content":"    }","lastModifiedDate":"2022-02-18"},{"lineNumber":47,"author":{"gitId":"spencernah"},"content":"","lastModifiedDate":"2022-02-18"},{"lineNumber":48,"author":{"gitId":"spencernah"},"content":"    @Test","lastModifiedDate":"2022-02-18"},{"lineNumber":49,"author":{"gitId":"spencernah"},"content":"    public void parse_DoneCommand_incorrectIndex() {","lastModifiedDate":"2022-02-18"},{"lineNumber":50,"author":{"gitId":"spencernah"},"content":"        Assertions.assertThrows(DukeException.class, () -\u003e {","lastModifiedDate":"2022-02-18"},{"lineNumber":51,"author":{"gitId":"spencernah"},"content":"            Command c \u003d Parser.parse(\"done abc\");","lastModifiedDate":"2022-02-18"},{"lineNumber":52,"author":{"gitId":"spencernah"},"content":"        });","lastModifiedDate":"2022-02-18"},{"lineNumber":53,"author":{"gitId":"spencernah"},"content":"    }","lastModifiedDate":"2022-02-18"},{"lineNumber":54,"author":{"gitId":"spencernah"},"content":"","lastModifiedDate":"2022-02-18"},{"lineNumber":55,"author":{"gitId":"spencernah"},"content":"    @Test","lastModifiedDate":"2022-02-18"},{"lineNumber":56,"author":{"gitId":"spencernah"},"content":"    public void parse_DeleteCommand_incorrectIndex() {","lastModifiedDate":"2022-02-18"},{"lineNumber":57,"author":{"gitId":"spencernah"},"content":"        Assertions.assertThrows(DukeException.class, () -\u003e {","lastModifiedDate":"2022-02-18"},{"lineNumber":58,"author":{"gitId":"spencernah"},"content":"            Command c \u003d Parser.parse(\"delete abc\");","lastModifiedDate":"2022-02-18"},{"lineNumber":59,"author":{"gitId":"spencernah"},"content":"        });","lastModifiedDate":"2022-02-18"},{"lineNumber":60,"author":{"gitId":"spencernah"},"content":"    }","lastModifiedDate":"2022-02-18"},{"lineNumber":61,"author":{"gitId":"spencernah"},"content":"","lastModifiedDate":"2022-02-18"},{"lineNumber":62,"author":{"gitId":"spencernah"},"content":"    @Test","lastModifiedDate":"2022-02-18"},{"lineNumber":63,"author":{"gitId":"spencernah"},"content":"    public void parse_AddCommand_deadline_noDesc() {","lastModifiedDate":"2022-02-18"},{"lineNumber":64,"author":{"gitId":"spencernah"},"content":"        Assertions.assertThrows(DukeException.class, () -\u003e {","lastModifiedDate":"2022-02-18"},{"lineNumber":65,"author":{"gitId":"spencernah"},"content":"            Command c \u003d Parser.parse(Keyword.ADD_DEADLINE);","lastModifiedDate":"2022-02-18"},{"lineNumber":66,"author":{"gitId":"spencernah"},"content":"        });","lastModifiedDate":"2022-02-18"},{"lineNumber":67,"author":{"gitId":"spencernah"},"content":"    }","lastModifiedDate":"2022-02-18"},{"lineNumber":68,"author":{"gitId":"spencernah"},"content":"","lastModifiedDate":"2022-02-18"},{"lineNumber":69,"author":{"gitId":"spencernah"},"content":"    @Test","lastModifiedDate":"2022-02-18"},{"lineNumber":70,"author":{"gitId":"spencernah"},"content":"    public void parse_AddCommand_deadline_noDate() {","lastModifiedDate":"2022-02-18"},{"lineNumber":71,"author":{"gitId":"spencernah"},"content":"        Assertions.assertThrows(DukeException.class, () -\u003e {","lastModifiedDate":"2022-02-18"},{"lineNumber":72,"author":{"gitId":"spencernah"},"content":"            Command c \u003d Parser.parse(Keyword.ADD_DEADLINE + \"test/\");","lastModifiedDate":"2022-02-18"},{"lineNumber":73,"author":{"gitId":"spencernah"},"content":"        });","lastModifiedDate":"2022-02-18"},{"lineNumber":74,"author":{"gitId":"spencernah"},"content":"    }","lastModifiedDate":"2022-02-18"},{"lineNumber":75,"author":{"gitId":"spencernah"},"content":"","lastModifiedDate":"2022-02-18"},{"lineNumber":76,"author":{"gitId":"spencernah"},"content":"    @Test","lastModifiedDate":"2022-02-18"},{"lineNumber":77,"author":{"gitId":"spencernah"},"content":"    public void parse_AddCommand_deadline_incorrectDateFormat() {","lastModifiedDate":"2022-02-18"},{"lineNumber":78,"author":{"gitId":"spencernah"},"content":"        Assertions.assertThrows(DukeException.class, () -\u003e {","lastModifiedDate":"2022-02-18"},{"lineNumber":79,"author":{"gitId":"spencernah"},"content":"            Command c \u003d Parser.parse(Keyword.ADD_DEADLINE + \"test/20190805\");","lastModifiedDate":"2022-02-18"},{"lineNumber":80,"author":{"gitId":"spencernah"},"content":"        });","lastModifiedDate":"2022-02-18"},{"lineNumber":81,"author":{"gitId":"spencernah"},"content":"    }","lastModifiedDate":"2022-02-18"},{"lineNumber":82,"author":{"gitId":"spencernah"},"content":"","lastModifiedDate":"2022-02-18"},{"lineNumber":83,"author":{"gitId":"spencernah"},"content":"    @Test","lastModifiedDate":"2022-02-18"},{"lineNumber":84,"author":{"gitId":"spencernah"},"content":"    public void parse_AddCommand_todo_noDesc() {","lastModifiedDate":"2022-02-18"},{"lineNumber":85,"author":{"gitId":"spencernah"},"content":"        Assertions.assertThrows(DukeException.class, () -\u003e {","lastModifiedDate":"2022-02-18"},{"lineNumber":86,"author":{"gitId":"spencernah"},"content":"            Command c \u003d Parser.parse(Keyword.ADD_TODO);","lastModifiedDate":"2022-02-18"},{"lineNumber":87,"author":{"gitId":"spencernah"},"content":"        });","lastModifiedDate":"2022-02-18"},{"lineNumber":88,"author":{"gitId":"spencernah"},"content":"    }","lastModifiedDate":"2022-02-18"},{"lineNumber":89,"author":{"gitId":"spencernah"},"content":"","lastModifiedDate":"2022-02-18"},{"lineNumber":90,"author":{"gitId":"spencernah"},"content":"    @Test","lastModifiedDate":"2022-02-18"},{"lineNumber":91,"author":{"gitId":"spencernah"},"content":"    public void parse_AddCommand_Deadline_dateFormat() {","lastModifiedDate":"2022-02-18"},{"lineNumber":92,"author":{"gitId":"spencernah"},"content":"        String test \u003d \"\";","lastModifiedDate":"2022-02-18"},{"lineNumber":93,"author":{"gitId":"spencernah"},"content":"        try {","lastModifiedDate":"2022-02-18"},{"lineNumber":94,"author":{"gitId":"spencernah"},"content":"            Command c \u003d Parser.parse(Keyword.ADD_DEADLINE + \"test/2019-8-5\");","lastModifiedDate":"2022-02-18"},{"lineNumber":95,"author":{"gitId":"spencernah"},"content":"            c.execute(tasks, ui, storage);","lastModifiedDate":"2022-02-18"},{"lineNumber":96,"author":{"gitId":"spencernah"},"content":"            test \u003d ((Deadline) tasks.get(tasks.size()-1)).getFormattedDate();","lastModifiedDate":"2022-02-18"},{"lineNumber":97,"author":{"gitId":"spencernah"},"content":"        } catch (DukeException e) {","lastModifiedDate":"2022-02-18"},{"lineNumber":98,"author":{"gitId":"spencernah"},"content":"        } catch (IOException e) {","lastModifiedDate":"2022-02-18"},{"lineNumber":99,"author":{"gitId":"spencernah"},"content":"        }","lastModifiedDate":"2022-02-18"},{"lineNumber":100,"author":{"gitId":"spencernah"},"content":"        Assertions.assertEquals(test, \"05 Aug 2019\");","lastModifiedDate":"2022-02-18"},{"lineNumber":101,"author":{"gitId":"spencernah"},"content":"    }","lastModifiedDate":"2022-02-18"},{"lineNumber":102,"author":{"gitId":"spencernah"},"content":"","lastModifiedDate":"2022-02-18"},{"lineNumber":103,"author":{"gitId":"spencernah"},"content":"}","lastModifiedDate":"2022-02-18"}],"authorContributionMap":{"spencernah":103}}]
