{"authorDailyContributionsMap":{"spencernah":[{"date":"2022-02-18","commitResults":[{"hash":"ce4bd4f508c67a042008fc0333ec4bfc60437d3e","messageTitle":"A-JUnit","messageBody":"","fileTypesAndContributionMap":{"java":{"insertions":5,"deletions":0}}},{"hash":"9cadd6a91a4d1730207909b611890bbcbc832ae7","messageTitle":"A-Junit","messageBody":"","tags":["A-JUnit"],"fileTypesAndContributionMap":{"txt":{"insertions":1,"deletions":0},"java":{"insertions":104,"deletions":4}}},{"hash":"f073f7a2d612a2c6d15f7a97d6bc8032fb4c0ff9","messageTitle":"A-Gradle","messageBody":"","tags":["A-Gradle"],"fileTypesAndContributionMap":{"gradle":{"insertions":38,"deletions":0},"bat":{"insertions":89,"deletions":0}}}]},{"date":"2022-02-19","commitResults":[{"hash":"be83d12c4987fd019df3a51cf7bbc774e9bd9397","messageTitle":"A-CheckStyle","messageBody":"","tags":["A-StricterCodingStandard","A-CheckStyle"],"fileTypesAndContributionMap":{"java":{"insertions":68,"deletions":74}}}]},{"date":"2022-02-20","commitResults":[{"hash":"028c6b8215077349c9b27fa4fc36cb7d0e064616","messageTitle":"Level-10","messageBody":"","tags":["Level-10"],"fileTypesAndContributionMap":{"gradle":{"insertions":23,"deletions":3},"txt":{"insertions":3,"deletions":5},"fxml":{"insertions":40,"deletions":0},"java":{"insertions":260,"deletions":32}}},{"hash":"af6c2343285c02475c10eb08942b1e7efec7aed8","messageTitle":"A-CheckStyle","messageBody":"","tags":["v1.1","prod-v1.1","prod-v1.0","prod"],"fileTypesAndContributionMap":{"gradle":{"insertions":4,"deletions":1},"txt":{"insertions":1,"deletions":0},"fxml":{"insertions":1,"deletions":1},"java":{"insertions":168,"deletions":222}}},{"hash":"d21930bc46cfaa074eb8b2dab2e35378f3ea61bc","messageTitle":"A-CI","messageBody":"","fileTypesAndContributionMap":{"gradle":{"insertions":2,"deletions":0}}},{"hash":"7c053ddecde2eac4303053ad720d1f42ee0b86ee","messageTitle":"A-CheckStyle","messageBody":"","fileTypesAndContributionMap":{"java":{"insertions":15,"deletions":12}}},{"hash":"960a08293056fc18445b058beb1baa5ea19cc9a8","messageTitle":"A-CheckStyle","messageBody":"","fileTypesAndContributionMap":{"java":{"insertions":28,"deletions":25}}},{"hash":"a485f3f3cca9f70e7623386cc4af84bade7f0cd6","messageTitle":"B-DoAfterTasks; C-BetterSearch","messageBody":"","tags":["C-BetterSearch","B-DoAfterTasks"],"fileTypesAndContributionMap":{"txt":{"insertions":3,"deletions":3},"java":{"insertions":105,"deletions":0}}}]}]},"authorFileTypeContributionMap":{"spencernah":{"java":585,"md":0,"fxml":40,"sh":0,"bat":89,"gradle":63,"txt":4}},"authorContributionVariance":{"spencernah":22650.99},"authorDisplayNameMap":{"spencernah":"TIC4002-F18-1 SPEN.. HAO"}}
