{"authorDailyContributionsMap":{"spencernah":[{"date":"2022-02-18","commitResults":[{"hash":"ce4bd4f508c67a042008fc0333ec4bfc60437d3e","messageTitle":"A-JUnit","messageBody":"","fileTypesAndContributionMap":{"java":{"insertions":5,"deletions":0}}},{"hash":"9cadd6a91a4d1730207909b611890bbcbc832ae7","messageTitle":"A-Junit","messageBody":"","tags":["A-JUnit"],"fileTypesAndContributionMap":{"txt":{"insertions":1,"deletions":0},"java":{"insertions":104,"deletions":4}}},{"hash":"f073f7a2d612a2c6d15f7a97d6bc8032fb4c0ff9","messageTitle":"A-Gradle","messageBody":"","tags":["A-Gradle"],"fileTypesAndContributionMap":{"gradle":{"insertions":38,"deletions":0},"bat":{"insertions":89,"deletions":0}}}]},{"date":"2022-02-19","commitResults":[{"hash":"be83d12c4987fd019df3a51cf7bbc774e9bd9397","messageTitle":"A-CheckStyle","messageBody":"","tags":["A-StricterCodingStandard","A-CheckStyle"],"fileTypesAndContributionMap":{"java":{"insertions":68,"deletions":74}}}]},{"date":"2022-02-20","commitResults":[{"hash":"028c6b8215077349c9b27fa4fc36cb7d0e064616","messageTitle":"Level-10","messageBody":"","tags":["Level-10"],"fileTypesAndContributionMap":{"gradle":{"insertions":23,"deletions":3},"txt":{"insertions":3,"deletions":5},"fxml":{"insertions":40,"deletions":0},"java":{"insertions":260,"deletions":32}}},{"hash":"af6c2343285c02475c10eb08942b1e7efec7aed8","messageTitle":"A-CheckStyle","messageBody":"","tags":["v1.1","prod-v1.1","prod-v1.0","prod"],"fileTypesAndContributionMap":{"gradle":{"insertions":4,"deletions":1},"txt":{"insertions":1,"deletions":0},"fxml":{"insertions":1,"deletions":1},"java":{"insertions":168,"deletions":222}}},{"hash":"d21930bc46cfaa074eb8b2dab2e35378f3ea61bc","messageTitle":"A-CI","messageBody":"","fileTypesAndContributionMap":{"gradle":{"insertions":2,"deletions":0}}},{"hash":"7c053ddecde2eac4303053ad720d1f42ee0b86ee","messageTitle":"A-CheckStyle","messageBody":"","fileTypesAndContributionMap":{"java":{"insertions":15,"deletions":12}}},{"hash":"960a08293056fc18445b058beb1baa5ea19cc9a8","messageTitle":"A-CheckStyle","messageBody":"","fileTypesAndContributionMap":{"java":{"insertions":28,"deletions":25}}},{"hash":"a485f3f3cca9f70e7623386cc4af84bade7f0cd6","messageTitle":"B-DoAfterTasks; C-BetterSearch","messageBody":"","tags":["C-BetterSearch","B-DoAfterTasks"],"fileTypesAndContributionMap":{"txt":{"insertions":3,"deletions":3},"java":{"insertions":105,"deletions":0}}},{"hash":"7670a8e5016b5b95a90651bc5988d09c3d88b827","messageTitle":"D-Notes; A-HigherCodingQuality","messageBody":"","tags":["D-Notes","A-HigherCodeQuality"],"fileTypesAndContributionMap":{"txt":{"insertions":10,"deletions":4},"fxml":{"insertions":11,"deletions":5},"java":{"insertions":147,"deletions":82}}},{"hash":"ff1bfee0d0703fd3c5306cf8883e047ae0d94df1","messageTitle":"A-JUnit","messageBody":"","fileTypesAndContributionMap":{"java":{"insertions":74,"deletions":1}}}]},{"date":"2022-02-21","commitResults":[{"hash":"b3e063c1dff988a2040f6aaf53fff321863deba8","messageTitle":"CI","messageBody":"","fileTypesAndContributionMap":{"java":{"insertions":3,"deletions":4},"md":{"insertions":64,"deletions":0}}},{"hash":"0c5f599cf6cdfa2c861dda9620830b13b8ef40c8","messageTitle":"A-HigherCodingQuality","messageBody":"","tags":["A-HigherCodingQuality"],"fileTypesAndContributionMap":{"txt":{"insertions":12,"deletions":7},"java":{"insertions":230,"deletions":167},"md":{"insertions":64,"deletions":0}}},{"hash":"e5a913fb218821215a58b2cf1d3820ab08dab45d","messageTitle":"D-Notes; A-HigherCodingQualtiy","messageBody":"","fileTypesAndContributionMap":{"txt":{"insertions":3,"deletions":3},"java":{"insertions":302,"deletions":45}}},{"hash":"4d4d139385ca4f8f854c482038e5a9f3a8c05228","messageTitle":"FIX-CI","messageBody":"","fileTypesAndContributionMap":{"java":{"insertions":7,"deletions":2}}},{"hash":"c41bf06b0d326470e8c94e7e1bf04e7fc1075e49","messageTitle":"A-ReadMe; A-UserGuide; D-Notes; some code fix","messageBody":"","tags":["A-ReadMe"],"fileTypesAndContributionMap":{"txt":{"insertions":4,"deletions":15},"java":{"insertions":107,"deletions":20},"md":{"insertions":148,"deletions":157}}},{"hash":"ff52b9f5651aeba1cfc94a86ff6cbfc08a9493e7","messageTitle":"A-DevGuide","messageBody":"","tags":["A-DevGuide"],"fileTypesAndContributionMap":{"txt":{"insertions":1,"deletions":0},"md":{"insertions":46,"deletions":0}}},{"hash":"2d374dd06234bde6934826b5a345ec963f8a84ed","messageTitle":"Update DeveloperGuide.md","messageBody":"","fileTypesAndContributionMap":{"md":{"insertions":1,"deletions":1}}}]}]},"authorFileTypeContributionMap":{"spencernah":{"java":1225,"md":229,"fxml":46,"sh":0,"bat":89,"gradle":63,"txt":5}},"authorContributionVariance":{"spencernah":81857.62},"authorDisplayNameMap":{"spencernah":"TIC4002-F18-1 SPEN.. HAO"}}
