{"authorDailyContributionsMap":{"spencernah":[{"date":"2022-02-18","commitResults":[{"hash":"ce4bd4f508c67a042008fc0333ec4bfc60437d3e","messageTitle":"A-JUnit","messageBody":"","fileTypesAndContributionMap":{"java":{"insertions":5,"deletions":0}}},{"hash":"9cadd6a91a4d1730207909b611890bbcbc832ae7","messageTitle":"A-Junit","messageBody":"","tags":["A-JUnit"],"fileTypesAndContributionMap":{"txt":{"insertions":1,"deletions":0},"java":{"insertions":104,"deletions":4}}},{"hash":"f073f7a2d612a2c6d15f7a97d6bc8032fb4c0ff9","messageTitle":"A-Gradle","messageBody":"","tags":["A-Gradle"],"fileTypesAndContributionMap":{"gradle":{"insertions":38,"deletions":0},"bat":{"insertions":89,"deletions":0}}}]},{"date":"2022-02-19","commitResults":[{"hash":"be83d12c4987fd019df3a51cf7bbc774e9bd9397","messageTitle":"A-CheckStyle","messageBody":"","fileTypesAndContributionMap":{"java":{"insertions":68,"deletions":74}}}]}]},"authorFileTypeContributionMap":{"spencernah":{"java":132,"md":0,"fxml":0,"sh":0,"bat":89,"gradle":38,"txt":1}},"authorContributionVariance":{"spencernah":1821.1517},"authorDisplayNameMap":{"spencernah":"TIC4002-F18-1 SPEN.. HAO"}}
