[{"path":"build.gradle","fileType":"gradle","lines":[{"lineNumber":1,"author":{"gitId":"badfr0g"},"content":"plugins {","lastModifiedDate":"2022-01-23"},{"lineNumber":2,"author":{"gitId":"badfr0g"},"content":"    id \u0027java\u0027","lastModifiedDate":"2022-01-23"},{"lineNumber":3,"author":{"gitId":"badfr0g"},"content":"    id \u0027application\u0027","lastModifiedDate":"2022-01-23"},{"lineNumber":4,"author":{"gitId":"badfr0g"},"content":"    id \u0027checkstyle\u0027","lastModifiedDate":"2022-01-23"},{"lineNumber":5,"author":{"gitId":"badfr0g"},"content":"    id \u0027com.github.johnrengelman.shadow\u0027 version \u00275.1.0\u0027","lastModifiedDate":"2022-01-23"},{"lineNumber":6,"author":{"gitId":"badfr0g"},"content":"}","lastModifiedDate":"2022-01-23"},{"lineNumber":7,"author":{"gitId":"badfr0g"},"content":"","lastModifiedDate":"2022-01-23"},{"lineNumber":8,"author":{"gitId":"badfr0g"},"content":"repositories {","lastModifiedDate":"2022-01-23"},{"lineNumber":9,"author":{"gitId":"badfr0g"},"content":"    mavenCentral()","lastModifiedDate":"2022-01-23"},{"lineNumber":10,"author":{"gitId":"badfr0g"},"content":"}","lastModifiedDate":"2022-01-23"},{"lineNumber":11,"author":{"gitId":"badfr0g"},"content":"","lastModifiedDate":"2022-01-23"},{"lineNumber":12,"author":{"gitId":"badfr0g"},"content":"dependencies {","lastModifiedDate":"2022-01-23"},{"lineNumber":13,"author":{"gitId":"badfr0g"},"content":"    testImplementation group: \u0027org.junit.jupiter\u0027, name: \u0027junit-jupiter-api\u0027, version: \u00275.5.0\u0027","lastModifiedDate":"2022-01-23"},{"lineNumber":14,"author":{"gitId":"badfr0g"},"content":"    testRuntimeOnly group: \u0027org.junit.jupiter\u0027, name: \u0027junit-jupiter-engine\u0027, version: \u00275.5.0\u0027","lastModifiedDate":"2022-01-23"},{"lineNumber":15,"author":{"gitId":"badfr0g"},"content":"}","lastModifiedDate":"2022-01-23"},{"lineNumber":16,"author":{"gitId":"badfr0g"},"content":"","lastModifiedDate":"2022-01-23"},{"lineNumber":17,"author":{"gitId":"badfr0g"},"content":"test {","lastModifiedDate":"2022-01-23"},{"lineNumber":18,"author":{"gitId":"badfr0g"},"content":"    useJUnitPlatform()","lastModifiedDate":"2022-01-23"},{"lineNumber":19,"author":{"gitId":"badfr0g"},"content":"","lastModifiedDate":"2022-01-23"},{"lineNumber":20,"author":{"gitId":"badfr0g"},"content":"    testLogging {","lastModifiedDate":"2022-01-23"},{"lineNumber":21,"author":{"gitId":"badfr0g"},"content":"        events \"passed\", \"skipped\", \"failed\"","lastModifiedDate":"2022-01-23"},{"lineNumber":22,"author":{"gitId":"badfr0g"},"content":"","lastModifiedDate":"2022-01-23"},{"lineNumber":23,"author":{"gitId":"badfr0g"},"content":"        showExceptions true","lastModifiedDate":"2022-01-23"},{"lineNumber":24,"author":{"gitId":"badfr0g"},"content":"        exceptionFormat \"full\"","lastModifiedDate":"2022-01-23"},{"lineNumber":25,"author":{"gitId":"badfr0g"},"content":"        showCauses true","lastModifiedDate":"2022-01-23"},{"lineNumber":26,"author":{"gitId":"badfr0g"},"content":"        showStackTraces true","lastModifiedDate":"2022-01-23"},{"lineNumber":27,"author":{"gitId":"badfr0g"},"content":"        showStandardStreams \u003d false","lastModifiedDate":"2022-01-23"},{"lineNumber":28,"author":{"gitId":"badfr0g"},"content":"    }","lastModifiedDate":"2022-01-23"},{"lineNumber":29,"author":{"gitId":"badfr0g"},"content":"}","lastModifiedDate":"2022-01-23"},{"lineNumber":30,"author":{"gitId":"badfr0g"},"content":"","lastModifiedDate":"2022-01-23"},{"lineNumber":31,"author":{"gitId":"badfr0g"},"content":"application {","lastModifiedDate":"2022-01-23"},{"lineNumber":32,"author":{"gitId":"badfr0g"},"content":"    mainClassName \u003d \"seedu.duke.Duke\"","lastModifiedDate":"2022-01-23"},{"lineNumber":33,"author":{"gitId":"badfr0g"},"content":"}","lastModifiedDate":"2022-01-23"},{"lineNumber":34,"author":{"gitId":"badfr0g"},"content":"","lastModifiedDate":"2022-01-23"},{"lineNumber":35,"author":{"gitId":"badfr0g"},"content":"shadowJar {","lastModifiedDate":"2022-01-23"},{"lineNumber":36,"author":{"gitId":"badfr0g"},"content":"    archiveBaseName \u003d \"duke\"","lastModifiedDate":"2022-01-23"},{"lineNumber":37,"author":{"gitId":"badfr0g"},"content":"    archiveClassifier \u003d null","lastModifiedDate":"2022-01-23"},{"lineNumber":38,"author":{"gitId":"badfr0g"},"content":"}","lastModifiedDate":"2022-01-23"},{"lineNumber":39,"author":{"gitId":"badfr0g"},"content":"","lastModifiedDate":"2022-01-23"},{"lineNumber":40,"author":{"gitId":"badfr0g"},"content":"checkstyle {","lastModifiedDate":"2022-01-23"},{"lineNumber":41,"author":{"gitId":"badfr0g"},"content":"    toolVersion \u003d \u00278.29\u0027","lastModifiedDate":"2022-01-23"},{"lineNumber":42,"author":{"gitId":"badfr0g"},"content":"}","lastModifiedDate":"2022-01-23"},{"lineNumber":43,"author":{"gitId":"badfr0g"},"content":"","lastModifiedDate":"2022-01-23"},{"lineNumber":44,"author":{"gitId":"badfr0g"},"content":"run{","lastModifiedDate":"2022-01-23"},{"lineNumber":45,"author":{"gitId":"badfr0g"},"content":"    standardInput \u003d System.in","lastModifiedDate":"2022-01-23"},{"lineNumber":46,"author":{"gitId":"badfr0g"},"content":"}","lastModifiedDate":"2022-01-23"}],"authorContributionMap":{"badfr0g":46}},{"path":"gradlew.bat","fileType":"bat","lines":[{"lineNumber":1,"author":{"gitId":"badfr0g"},"content":"@rem","lastModifiedDate":"2022-01-23"},{"lineNumber":2,"author":{"gitId":"badfr0g"},"content":"@rem Copyright 2015 the original author or authors.","lastModifiedDate":"2022-01-23"},{"lineNumber":3,"author":{"gitId":"badfr0g"},"content":"@rem","lastModifiedDate":"2022-01-23"},{"lineNumber":4,"author":{"gitId":"badfr0g"},"content":"@rem Licensed under the Apache License, Version 2.0 (the \"License\");","lastModifiedDate":"2022-01-23"},{"lineNumber":5,"author":{"gitId":"badfr0g"},"content":"@rem you may not use this file except in compliance with the License.","lastModifiedDate":"2022-01-23"},{"lineNumber":6,"author":{"gitId":"badfr0g"},"content":"@rem You may obtain a copy of the License at","lastModifiedDate":"2022-01-23"},{"lineNumber":7,"author":{"gitId":"badfr0g"},"content":"@rem","lastModifiedDate":"2022-01-23"},{"lineNumber":8,"author":{"gitId":"badfr0g"},"content":"@rem      https://www.apache.org/licenses/LICENSE-2.0","lastModifiedDate":"2022-01-23"},{"lineNumber":9,"author":{"gitId":"badfr0g"},"content":"@rem","lastModifiedDate":"2022-01-23"},{"lineNumber":10,"author":{"gitId":"badfr0g"},"content":"@rem Unless required by applicable law or agreed to in writing, software","lastModifiedDate":"2022-01-23"},{"lineNumber":11,"author":{"gitId":"badfr0g"},"content":"@rem distributed under the License is distributed on an \"AS IS\" BASIS,","lastModifiedDate":"2022-01-23"},{"lineNumber":12,"author":{"gitId":"badfr0g"},"content":"@rem WITHOUT WARRANTIES OR CONDITIONS OF ANY KIND, either express or implied.","lastModifiedDate":"2022-01-23"},{"lineNumber":13,"author":{"gitId":"badfr0g"},"content":"@rem See the License for the specific language governing permissions and","lastModifiedDate":"2022-01-23"},{"lineNumber":14,"author":{"gitId":"badfr0g"},"content":"@rem limitations under the License.","lastModifiedDate":"2022-01-23"},{"lineNumber":15,"author":{"gitId":"badfr0g"},"content":"@rem","lastModifiedDate":"2022-01-23"},{"lineNumber":16,"author":{"gitId":"badfr0g"},"content":"","lastModifiedDate":"2022-01-23"},{"lineNumber":17,"author":{"gitId":"badfr0g"},"content":"@if \"%DEBUG%\" \u003d\u003d \"\" @echo off","lastModifiedDate":"2022-01-23"},{"lineNumber":18,"author":{"gitId":"badfr0g"},"content":"@rem ##########################################################################","lastModifiedDate":"2022-01-23"},{"lineNumber":19,"author":{"gitId":"badfr0g"},"content":"@rem","lastModifiedDate":"2022-01-23"},{"lineNumber":20,"author":{"gitId":"badfr0g"},"content":"@rem  Gradle startup script for Windows","lastModifiedDate":"2022-01-23"},{"lineNumber":21,"author":{"gitId":"badfr0g"},"content":"@rem","lastModifiedDate":"2022-01-23"},{"lineNumber":22,"author":{"gitId":"badfr0g"},"content":"@rem ##########################################################################","lastModifiedDate":"2022-01-23"},{"lineNumber":23,"author":{"gitId":"badfr0g"},"content":"","lastModifiedDate":"2022-01-23"},{"lineNumber":24,"author":{"gitId":"badfr0g"},"content":"@rem Set local scope for the variables with windows NT shell","lastModifiedDate":"2022-01-23"},{"lineNumber":25,"author":{"gitId":"badfr0g"},"content":"if \"%OS%\"\u003d\u003d\"Windows_NT\" setlocal","lastModifiedDate":"2022-01-23"},{"lineNumber":26,"author":{"gitId":"badfr0g"},"content":"","lastModifiedDate":"2022-01-23"},{"lineNumber":27,"author":{"gitId":"badfr0g"},"content":"set DIRNAME\u003d%~dp0","lastModifiedDate":"2022-01-23"},{"lineNumber":28,"author":{"gitId":"badfr0g"},"content":"if \"%DIRNAME%\" \u003d\u003d \"\" set DIRNAME\u003d.","lastModifiedDate":"2022-01-23"},{"lineNumber":29,"author":{"gitId":"badfr0g"},"content":"set APP_BASE_NAME\u003d%~n0","lastModifiedDate":"2022-01-23"},{"lineNumber":30,"author":{"gitId":"badfr0g"},"content":"set APP_HOME\u003d%DIRNAME%","lastModifiedDate":"2022-01-23"},{"lineNumber":31,"author":{"gitId":"badfr0g"},"content":"","lastModifiedDate":"2022-01-23"},{"lineNumber":32,"author":{"gitId":"badfr0g"},"content":"@rem Resolve any \".\" and \"..\" in APP_HOME to make it shorter.","lastModifiedDate":"2022-01-23"},{"lineNumber":33,"author":{"gitId":"badfr0g"},"content":"for %%i in (\"%APP_HOME%\") do set APP_HOME\u003d%%~fi","lastModifiedDate":"2022-01-23"},{"lineNumber":34,"author":{"gitId":"badfr0g"},"content":"","lastModifiedDate":"2022-01-23"},{"lineNumber":35,"author":{"gitId":"badfr0g"},"content":"@rem Add default JVM options here. You can also use JAVA_OPTS and GRADLE_OPTS to pass JVM options to this script.","lastModifiedDate":"2022-01-23"},{"lineNumber":36,"author":{"gitId":"badfr0g"},"content":"set DEFAULT_JVM_OPTS\u003d\"-Xmx64m\" \"-Xms64m\"","lastModifiedDate":"2022-01-23"},{"lineNumber":37,"author":{"gitId":"badfr0g"},"content":"","lastModifiedDate":"2022-01-23"},{"lineNumber":38,"author":{"gitId":"badfr0g"},"content":"@rem Find java.exe","lastModifiedDate":"2022-01-23"},{"lineNumber":39,"author":{"gitId":"badfr0g"},"content":"if defined JAVA_HOME goto findJavaFromJavaHome","lastModifiedDate":"2022-01-23"},{"lineNumber":40,"author":{"gitId":"badfr0g"},"content":"","lastModifiedDate":"2022-01-23"},{"lineNumber":41,"author":{"gitId":"badfr0g"},"content":"set JAVA_EXE\u003djava.exe","lastModifiedDate":"2022-01-23"},{"lineNumber":42,"author":{"gitId":"badfr0g"},"content":"%JAVA_EXE% -version \u003eNUL 2\u003e\u00261","lastModifiedDate":"2022-01-23"},{"lineNumber":43,"author":{"gitId":"badfr0g"},"content":"if \"%ERRORLEVEL%\" \u003d\u003d \"0\" goto execute","lastModifiedDate":"2022-01-23"},{"lineNumber":44,"author":{"gitId":"badfr0g"},"content":"","lastModifiedDate":"2022-01-23"},{"lineNumber":45,"author":{"gitId":"badfr0g"},"content":"echo.","lastModifiedDate":"2022-01-23"},{"lineNumber":46,"author":{"gitId":"badfr0g"},"content":"echo ERROR: JAVA_HOME is not set and no \u0027java\u0027 command could be found in your PATH.","lastModifiedDate":"2022-01-23"},{"lineNumber":47,"author":{"gitId":"badfr0g"},"content":"echo.","lastModifiedDate":"2022-01-23"},{"lineNumber":48,"author":{"gitId":"badfr0g"},"content":"echo Please set the JAVA_HOME variable in your environment to match the","lastModifiedDate":"2022-01-23"},{"lineNumber":49,"author":{"gitId":"badfr0g"},"content":"echo location of your Java installation.","lastModifiedDate":"2022-01-23"},{"lineNumber":50,"author":{"gitId":"badfr0g"},"content":"","lastModifiedDate":"2022-01-23"},{"lineNumber":51,"author":{"gitId":"badfr0g"},"content":"goto fail","lastModifiedDate":"2022-01-23"},{"lineNumber":52,"author":{"gitId":"badfr0g"},"content":"","lastModifiedDate":"2022-01-23"},{"lineNumber":53,"author":{"gitId":"badfr0g"},"content":":findJavaFromJavaHome","lastModifiedDate":"2022-01-23"},{"lineNumber":54,"author":{"gitId":"badfr0g"},"content":"set JAVA_HOME\u003d%JAVA_HOME:\"\u003d%","lastModifiedDate":"2022-01-23"},{"lineNumber":55,"author":{"gitId":"badfr0g"},"content":"set JAVA_EXE\u003d%JAVA_HOME%/bin/java.exe","lastModifiedDate":"2022-01-23"},{"lineNumber":56,"author":{"gitId":"badfr0g"},"content":"","lastModifiedDate":"2022-01-23"},{"lineNumber":57,"author":{"gitId":"badfr0g"},"content":"if exist \"%JAVA_EXE%\" goto execute","lastModifiedDate":"2022-01-23"},{"lineNumber":58,"author":{"gitId":"badfr0g"},"content":"","lastModifiedDate":"2022-01-23"},{"lineNumber":59,"author":{"gitId":"badfr0g"},"content":"echo.","lastModifiedDate":"2022-01-23"},{"lineNumber":60,"author":{"gitId":"badfr0g"},"content":"echo ERROR: JAVA_HOME is set to an invalid directory: %JAVA_HOME%","lastModifiedDate":"2022-01-23"},{"lineNumber":61,"author":{"gitId":"badfr0g"},"content":"echo.","lastModifiedDate":"2022-01-23"},{"lineNumber":62,"author":{"gitId":"badfr0g"},"content":"echo Please set the JAVA_HOME variable in your environment to match the","lastModifiedDate":"2022-01-23"},{"lineNumber":63,"author":{"gitId":"badfr0g"},"content":"echo location of your Java installation.","lastModifiedDate":"2022-01-23"},{"lineNumber":64,"author":{"gitId":"badfr0g"},"content":"","lastModifiedDate":"2022-01-23"},{"lineNumber":65,"author":{"gitId":"badfr0g"},"content":"goto fail","lastModifiedDate":"2022-01-23"},{"lineNumber":66,"author":{"gitId":"badfr0g"},"content":"","lastModifiedDate":"2022-01-23"},{"lineNumber":67,"author":{"gitId":"badfr0g"},"content":":execute","lastModifiedDate":"2022-01-23"},{"lineNumber":68,"author":{"gitId":"badfr0g"},"content":"@rem Setup the command line","lastModifiedDate":"2022-01-23"},{"lineNumber":69,"author":{"gitId":"badfr0g"},"content":"","lastModifiedDate":"2022-01-23"},{"lineNumber":70,"author":{"gitId":"badfr0g"},"content":"set CLASSPATH\u003d%APP_HOME%\\gradle\\wrapper\\gradle-wrapper.jar","lastModifiedDate":"2022-01-23"},{"lineNumber":71,"author":{"gitId":"badfr0g"},"content":"","lastModifiedDate":"2022-01-23"},{"lineNumber":72,"author":{"gitId":"badfr0g"},"content":"","lastModifiedDate":"2022-01-23"},{"lineNumber":73,"author":{"gitId":"badfr0g"},"content":"@rem Execute Gradle","lastModifiedDate":"2022-01-23"},{"lineNumber":74,"author":{"gitId":"badfr0g"},"content":"\"%JAVA_EXE%\" %DEFAULT_JVM_OPTS% %JAVA_OPTS% %GRADLE_OPTS% \"-Dorg.gradle.appname\u003d%APP_BASE_NAME%\" -classpath \"%CLASSPATH%\" org.gradle.wrapper.GradleWrapperMain %*","lastModifiedDate":"2022-01-23"},{"lineNumber":75,"author":{"gitId":"badfr0g"},"content":"","lastModifiedDate":"2022-01-23"},{"lineNumber":76,"author":{"gitId":"badfr0g"},"content":":end","lastModifiedDate":"2022-01-23"},{"lineNumber":77,"author":{"gitId":"badfr0g"},"content":"@rem End local scope for the variables with windows NT shell","lastModifiedDate":"2022-01-23"},{"lineNumber":78,"author":{"gitId":"badfr0g"},"content":"if \"%ERRORLEVEL%\"\u003d\u003d\"0\" goto mainEnd","lastModifiedDate":"2022-01-23"},{"lineNumber":79,"author":{"gitId":"badfr0g"},"content":"","lastModifiedDate":"2022-01-23"},{"lineNumber":80,"author":{"gitId":"badfr0g"},"content":":fail","lastModifiedDate":"2022-01-23"},{"lineNumber":81,"author":{"gitId":"badfr0g"},"content":"rem Set variable GRADLE_EXIT_CONSOLE if you need the _script_ return code instead of","lastModifiedDate":"2022-01-23"},{"lineNumber":82,"author":{"gitId":"badfr0g"},"content":"rem the _cmd.exe /c_ return code!","lastModifiedDate":"2022-01-23"},{"lineNumber":83,"author":{"gitId":"badfr0g"},"content":"if  not \"\" \u003d\u003d \"%GRADLE_EXIT_CONSOLE%\" exit 1","lastModifiedDate":"2022-01-23"},{"lineNumber":84,"author":{"gitId":"badfr0g"},"content":"exit /b 1","lastModifiedDate":"2022-01-23"},{"lineNumber":85,"author":{"gitId":"badfr0g"},"content":"","lastModifiedDate":"2022-01-23"},{"lineNumber":86,"author":{"gitId":"badfr0g"},"content":":mainEnd","lastModifiedDate":"2022-01-23"},{"lineNumber":87,"author":{"gitId":"badfr0g"},"content":"if \"%OS%\"\u003d\u003d\"Windows_NT\" endlocal","lastModifiedDate":"2022-01-23"},{"lineNumber":88,"author":{"gitId":"badfr0g"},"content":"","lastModifiedDate":"2022-01-23"},{"lineNumber":89,"author":{"gitId":"badfr0g"},"content":":omega","lastModifiedDate":"2022-01-23"}],"authorContributionMap":{"badfr0g":89}}]
