[{"path":"build.gradle","fileType":"gradle","lines":[{"lineNumber":1,"author":{"gitId":"badfr0g"},"content":"plugins {","lastModifiedDate":"2022-01-23"},{"lineNumber":2,"author":{"gitId":"badfr0g"},"content":"    id \u0027java\u0027","lastModifiedDate":"2022-01-23"},{"lineNumber":3,"author":{"gitId":"badfr0g"},"content":"    id \u0027application\u0027","lastModifiedDate":"2022-01-23"},{"lineNumber":4,"author":{"gitId":"badfr0g"},"content":"    id \u0027checkstyle\u0027","lastModifiedDate":"2022-01-23"},{"lineNumber":5,"author":{"gitId":"badfr0g"},"content":"    id \u0027com.github.johnrengelman.shadow\u0027 version \u00275.1.0\u0027","lastModifiedDate":"2022-01-23"},{"lineNumber":6,"author":{"gitId":"badfr0g"},"content":"}","lastModifiedDate":"2022-01-23"},{"lineNumber":7,"author":{"gitId":"badfr0g"},"content":"","lastModifiedDate":"2022-01-23"},{"lineNumber":8,"author":{"gitId":"badfr0g"},"content":"repositories {","lastModifiedDate":"2022-01-23"},{"lineNumber":9,"author":{"gitId":"badfr0g"},"content":"    mavenCentral()","lastModifiedDate":"2022-01-23"},{"lineNumber":10,"author":{"gitId":"badfr0g"},"content":"}","lastModifiedDate":"2022-01-23"},{"lineNumber":11,"author":{"gitId":"badfr0g"},"content":"","lastModifiedDate":"2022-01-23"},{"lineNumber":12,"author":{"gitId":"badfr0g"},"content":"dependencies {","lastModifiedDate":"2022-01-23"},{"lineNumber":13,"author":{"gitId":"badfr0g"},"content":"    testImplementation group: \u0027org.junit.jupiter\u0027, name: \u0027junit-jupiter-api\u0027, version: \u00275.5.0\u0027","lastModifiedDate":"2022-01-23"},{"lineNumber":14,"author":{"gitId":"badfr0g"},"content":"    testRuntimeOnly group: \u0027org.junit.jupiter\u0027, name: \u0027junit-jupiter-engine\u0027, version: \u00275.5.0\u0027","lastModifiedDate":"2022-01-23"},{"lineNumber":15,"author":{"gitId":"badfr0g"},"content":"}","lastModifiedDate":"2022-01-23"},{"lineNumber":16,"author":{"gitId":"badfr0g"},"content":"","lastModifiedDate":"2022-01-23"},{"lineNumber":17,"author":{"gitId":"badfr0g"},"content":"test {","lastModifiedDate":"2022-01-23"},{"lineNumber":18,"author":{"gitId":"badfr0g"},"content":"    useJUnitPlatform()","lastModifiedDate":"2022-01-23"},{"lineNumber":19,"author":{"gitId":"badfr0g"},"content":"","lastModifiedDate":"2022-01-23"},{"lineNumber":20,"author":{"gitId":"badfr0g"},"content":"    testLogging {","lastModifiedDate":"2022-01-23"},{"lineNumber":21,"author":{"gitId":"badfr0g"},"content":"        events \"passed\", \"skipped\", \"failed\"","lastModifiedDate":"2022-01-23"},{"lineNumber":22,"author":{"gitId":"badfr0g"},"content":"","lastModifiedDate":"2022-01-23"},{"lineNumber":23,"author":{"gitId":"badfr0g"},"content":"        showExceptions true","lastModifiedDate":"2022-01-23"},{"lineNumber":24,"author":{"gitId":"badfr0g"},"content":"        exceptionFormat \"full\"","lastModifiedDate":"2022-01-23"},{"lineNumber":25,"author":{"gitId":"badfr0g"},"content":"        showCauses true","lastModifiedDate":"2022-01-23"},{"lineNumber":26,"author":{"gitId":"badfr0g"},"content":"        showStackTraces true","lastModifiedDate":"2022-01-23"},{"lineNumber":27,"author":{"gitId":"badfr0g"},"content":"        showStandardStreams \u003d false","lastModifiedDate":"2022-01-23"},{"lineNumber":28,"author":{"gitId":"badfr0g"},"content":"    }","lastModifiedDate":"2022-01-23"},{"lineNumber":29,"author":{"gitId":"badfr0g"},"content":"}","lastModifiedDate":"2022-01-23"},{"lineNumber":30,"author":{"gitId":"badfr0g"},"content":"","lastModifiedDate":"2022-01-23"},{"lineNumber":31,"author":{"gitId":"badfr0g"},"content":"application {","lastModifiedDate":"2022-01-23"},{"lineNumber":32,"author":{"gitId":"badfr0g"},"content":"    mainClassName \u003d \"duke.Duke\"","lastModifiedDate":"2022-01-29"},{"lineNumber":33,"author":{"gitId":"badfr0g"},"content":"}","lastModifiedDate":"2022-01-23"},{"lineNumber":34,"author":{"gitId":"badfr0g"},"content":"","lastModifiedDate":"2022-01-23"},{"lineNumber":35,"author":{"gitId":"badfr0g"},"content":"shadowJar {","lastModifiedDate":"2022-01-23"},{"lineNumber":36,"author":{"gitId":"badfr0g"},"content":"    archiveBaseName \u003d \"duke\"","lastModifiedDate":"2022-01-23"},{"lineNumber":37,"author":{"gitId":"badfr0g"},"content":"    archiveClassifier \u003d null","lastModifiedDate":"2022-01-23"},{"lineNumber":38,"author":{"gitId":"badfr0g"},"content":"}","lastModifiedDate":"2022-01-23"},{"lineNumber":39,"author":{"gitId":"badfr0g"},"content":"","lastModifiedDate":"2022-01-23"},{"lineNumber":40,"author":{"gitId":"badfr0g"},"content":"checkstyle {","lastModifiedDate":"2022-01-23"},{"lineNumber":41,"author":{"gitId":"badfr0g"},"content":"    toolVersion \u003d \u00278.29\u0027","lastModifiedDate":"2022-01-23"},{"lineNumber":42,"author":{"gitId":"badfr0g"},"content":"}","lastModifiedDate":"2022-01-23"},{"lineNumber":43,"author":{"gitId":"badfr0g"},"content":"","lastModifiedDate":"2022-01-23"},{"lineNumber":44,"author":{"gitId":"badfr0g"},"content":"run{","lastModifiedDate":"2022-01-23"},{"lineNumber":45,"author":{"gitId":"badfr0g"},"content":"    standardInput \u003d System.in","lastModifiedDate":"2022-01-23"},{"lineNumber":46,"author":{"gitId":"badfr0g"},"content":"}","lastModifiedDate":"2022-01-23"}],"authorContributionMap":{"badfr0g":46}},{"path":"gradlew.bat","fileType":"bat","lines":[{"lineNumber":1,"author":{"gitId":"badfr0g"},"content":"@rem","lastModifiedDate":"2022-01-23"},{"lineNumber":2,"author":{"gitId":"badfr0g"},"content":"@rem Copyright 2015 the original author or authors.","lastModifiedDate":"2022-01-23"},{"lineNumber":3,"author":{"gitId":"badfr0g"},"content":"@rem","lastModifiedDate":"2022-01-23"},{"lineNumber":4,"author":{"gitId":"badfr0g"},"content":"@rem Licensed under the Apache License, Version 2.0 (the \"License\");","lastModifiedDate":"2022-01-23"},{"lineNumber":5,"author":{"gitId":"badfr0g"},"content":"@rem you may not use this file except in compliance with the License.","lastModifiedDate":"2022-01-23"},{"lineNumber":6,"author":{"gitId":"badfr0g"},"content":"@rem You may obtain a copy of the License at","lastModifiedDate":"2022-01-23"},{"lineNumber":7,"author":{"gitId":"badfr0g"},"content":"@rem","lastModifiedDate":"2022-01-23"},{"lineNumber":8,"author":{"gitId":"badfr0g"},"content":"@rem      https://www.apache.org/licenses/LICENSE-2.0","lastModifiedDate":"2022-01-23"},{"lineNumber":9,"author":{"gitId":"badfr0g"},"content":"@rem","lastModifiedDate":"2022-01-23"},{"lineNumber":10,"author":{"gitId":"badfr0g"},"content":"@rem Unless required by applicable law or agreed to in writing, software","lastModifiedDate":"2022-01-23"},{"lineNumber":11,"author":{"gitId":"badfr0g"},"content":"@rem distributed under the License is distributed on an \"AS IS\" BASIS,","lastModifiedDate":"2022-01-23"},{"lineNumber":12,"author":{"gitId":"badfr0g"},"content":"@rem WITHOUT WARRANTIES OR CONDITIONS OF ANY KIND, either express or implied.","lastModifiedDate":"2022-01-23"},{"lineNumber":13,"author":{"gitId":"badfr0g"},"content":"@rem See the License for the specific language governing permissions and","lastModifiedDate":"2022-01-23"},{"lineNumber":14,"author":{"gitId":"badfr0g"},"content":"@rem limitations under the License.","lastModifiedDate":"2022-01-23"},{"lineNumber":15,"author":{"gitId":"badfr0g"},"content":"@rem","lastModifiedDate":"2022-01-23"},{"lineNumber":16,"author":{"gitId":"badfr0g"},"content":"","lastModifiedDate":"2022-01-23"},{"lineNumber":17,"author":{"gitId":"badfr0g"},"content":"@if \"%DEBUG%\" \u003d\u003d \"\" @echo off","lastModifiedDate":"2022-01-23"},{"lineNumber":18,"author":{"gitId":"badfr0g"},"content":"@rem ##########################################################################","lastModifiedDate":"2022-01-23"},{"lineNumber":19,"author":{"gitId":"badfr0g"},"content":"@rem","lastModifiedDate":"2022-01-23"},{"lineNumber":20,"author":{"gitId":"badfr0g"},"content":"@rem  Gradle startup script for Windows","lastModifiedDate":"2022-01-23"},{"lineNumber":21,"author":{"gitId":"badfr0g"},"content":"@rem","lastModifiedDate":"2022-01-23"},{"lineNumber":22,"author":{"gitId":"badfr0g"},"content":"@rem ##########################################################################","lastModifiedDate":"2022-01-23"},{"lineNumber":23,"author":{"gitId":"badfr0g"},"content":"","lastModifiedDate":"2022-01-23"},{"lineNumber":24,"author":{"gitId":"badfr0g"},"content":"@rem Set local scope for the variables with windows NT shell","lastModifiedDate":"2022-01-23"},{"lineNumber":25,"author":{"gitId":"badfr0g"},"content":"if \"%OS%\"\u003d\u003d\"Windows_NT\" setlocal","lastModifiedDate":"2022-01-23"},{"lineNumber":26,"author":{"gitId":"badfr0g"},"content":"","lastModifiedDate":"2022-01-23"},{"lineNumber":27,"author":{"gitId":"badfr0g"},"content":"set DIRNAME\u003d%~dp0","lastModifiedDate":"2022-01-23"},{"lineNumber":28,"author":{"gitId":"badfr0g"},"content":"if \"%DIRNAME%\" \u003d\u003d \"\" set DIRNAME\u003d.","lastModifiedDate":"2022-01-23"},{"lineNumber":29,"author":{"gitId":"badfr0g"},"content":"set APP_BASE_NAME\u003d%~n0","lastModifiedDate":"2022-01-23"},{"lineNumber":30,"author":{"gitId":"badfr0g"},"content":"set APP_HOME\u003d%DIRNAME%","lastModifiedDate":"2022-01-23"},{"lineNumber":31,"author":{"gitId":"badfr0g"},"content":"","lastModifiedDate":"2022-01-23"},{"lineNumber":32,"author":{"gitId":"badfr0g"},"content":"@rem Resolve any \".\" and \"..\" in APP_HOME to make it shorter.","lastModifiedDate":"2022-01-23"},{"lineNumber":33,"author":{"gitId":"badfr0g"},"content":"for %%i in (\"%APP_HOME%\") do set APP_HOME\u003d%%~fi","lastModifiedDate":"2022-01-23"},{"lineNumber":34,"author":{"gitId":"badfr0g"},"content":"","lastModifiedDate":"2022-01-23"},{"lineNumber":35,"author":{"gitId":"badfr0g"},"content":"@rem Add default JVM options here. You can also use JAVA_OPTS and GRADLE_OPTS to pass JVM options to this script.","lastModifiedDate":"2022-01-23"},{"lineNumber":36,"author":{"gitId":"badfr0g"},"content":"set DEFAULT_JVM_OPTS\u003d\"-Xmx64m\" \"-Xms64m\"","lastModifiedDate":"2022-01-23"},{"lineNumber":37,"author":{"gitId":"badfr0g"},"content":"","lastModifiedDate":"2022-01-23"},{"lineNumber":38,"author":{"gitId":"badfr0g"},"content":"@rem Find java.exe","lastModifiedDate":"2022-01-23"},{"lineNumber":39,"author":{"gitId":"badfr0g"},"content":"if defined JAVA_HOME goto findJavaFromJavaHome","lastModifiedDate":"2022-01-23"},{"lineNumber":40,"author":{"gitId":"badfr0g"},"content":"","lastModifiedDate":"2022-01-23"},{"lineNumber":41,"author":{"gitId":"badfr0g"},"content":"set JAVA_EXE\u003djava.exe","lastModifiedDate":"2022-01-23"},{"lineNumber":42,"author":{"gitId":"badfr0g"},"content":"%JAVA_EXE% -version \u003eNUL 2\u003e\u00261","lastModifiedDate":"2022-01-23"},{"lineNumber":43,"author":{"gitId":"badfr0g"},"content":"if \"%ERRORLEVEL%\" \u003d\u003d \"0\" goto execute","lastModifiedDate":"2022-01-23"},{"lineNumber":44,"author":{"gitId":"badfr0g"},"content":"","lastModifiedDate":"2022-01-23"},{"lineNumber":45,"author":{"gitId":"badfr0g"},"content":"echo.","lastModifiedDate":"2022-01-23"},{"lineNumber":46,"author":{"gitId":"badfr0g"},"content":"echo ERROR: JAVA_HOME is not set and no \u0027java\u0027 command could be found in your PATH.","lastModifiedDate":"2022-01-23"},{"lineNumber":47,"author":{"gitId":"badfr0g"},"content":"echo.","lastModifiedDate":"2022-01-23"},{"lineNumber":48,"author":{"gitId":"badfr0g"},"content":"echo Please set the JAVA_HOME variable in your environment to match the","lastModifiedDate":"2022-01-23"},{"lineNumber":49,"author":{"gitId":"badfr0g"},"content":"echo location of your Java installation.","lastModifiedDate":"2022-01-23"},{"lineNumber":50,"author":{"gitId":"badfr0g"},"content":"","lastModifiedDate":"2022-01-23"},{"lineNumber":51,"author":{"gitId":"badfr0g"},"content":"goto fail","lastModifiedDate":"2022-01-23"},{"lineNumber":52,"author":{"gitId":"badfr0g"},"content":"","lastModifiedDate":"2022-01-23"},{"lineNumber":53,"author":{"gitId":"badfr0g"},"content":":findJavaFromJavaHome","lastModifiedDate":"2022-01-23"},{"lineNumber":54,"author":{"gitId":"badfr0g"},"content":"set JAVA_HOME\u003d%JAVA_HOME:\"\u003d%","lastModifiedDate":"2022-01-23"},{"lineNumber":55,"author":{"gitId":"badfr0g"},"content":"set JAVA_EXE\u003d%JAVA_HOME%/bin/java.exe","lastModifiedDate":"2022-01-23"},{"lineNumber":56,"author":{"gitId":"badfr0g"},"content":"","lastModifiedDate":"2022-01-23"},{"lineNumber":57,"author":{"gitId":"badfr0g"},"content":"if exist \"%JAVA_EXE%\" goto execute","lastModifiedDate":"2022-01-23"},{"lineNumber":58,"author":{"gitId":"badfr0g"},"content":"","lastModifiedDate":"2022-01-23"},{"lineNumber":59,"author":{"gitId":"badfr0g"},"content":"echo.","lastModifiedDate":"2022-01-23"},{"lineNumber":60,"author":{"gitId":"badfr0g"},"content":"echo ERROR: JAVA_HOME is set to an invalid directory: %JAVA_HOME%","lastModifiedDate":"2022-01-23"},{"lineNumber":61,"author":{"gitId":"badfr0g"},"content":"echo.","lastModifiedDate":"2022-01-23"},{"lineNumber":62,"author":{"gitId":"badfr0g"},"content":"echo Please set the JAVA_HOME variable in your environment to match the","lastModifiedDate":"2022-01-23"},{"lineNumber":63,"author":{"gitId":"badfr0g"},"content":"echo location of your Java installation.","lastModifiedDate":"2022-01-23"},{"lineNumber":64,"author":{"gitId":"badfr0g"},"content":"","lastModifiedDate":"2022-01-23"},{"lineNumber":65,"author":{"gitId":"badfr0g"},"content":"goto fail","lastModifiedDate":"2022-01-23"},{"lineNumber":66,"author":{"gitId":"badfr0g"},"content":"","lastModifiedDate":"2022-01-23"},{"lineNumber":67,"author":{"gitId":"badfr0g"},"content":":execute","lastModifiedDate":"2022-01-23"},{"lineNumber":68,"author":{"gitId":"badfr0g"},"content":"@rem Setup the command line","lastModifiedDate":"2022-01-23"},{"lineNumber":69,"author":{"gitId":"badfr0g"},"content":"","lastModifiedDate":"2022-01-23"},{"lineNumber":70,"author":{"gitId":"badfr0g"},"content":"set CLASSPATH\u003d%APP_HOME%\\gradle\\wrapper\\gradle-wrapper.jar","lastModifiedDate":"2022-01-23"},{"lineNumber":71,"author":{"gitId":"badfr0g"},"content":"","lastModifiedDate":"2022-01-23"},{"lineNumber":72,"author":{"gitId":"badfr0g"},"content":"","lastModifiedDate":"2022-01-23"},{"lineNumber":73,"author":{"gitId":"badfr0g"},"content":"@rem Execute Gradle","lastModifiedDate":"2022-01-23"},{"lineNumber":74,"author":{"gitId":"badfr0g"},"content":"\"%JAVA_EXE%\" %DEFAULT_JVM_OPTS% %JAVA_OPTS% %GRADLE_OPTS% \"-Dorg.gradle.appname\u003d%APP_BASE_NAME%\" -classpath \"%CLASSPATH%\" org.gradle.wrapper.GradleWrapperMain %*","lastModifiedDate":"2022-01-23"},{"lineNumber":75,"author":{"gitId":"badfr0g"},"content":"","lastModifiedDate":"2022-01-23"},{"lineNumber":76,"author":{"gitId":"badfr0g"},"content":":end","lastModifiedDate":"2022-01-23"},{"lineNumber":77,"author":{"gitId":"badfr0g"},"content":"@rem End local scope for the variables with windows NT shell","lastModifiedDate":"2022-01-23"},{"lineNumber":78,"author":{"gitId":"badfr0g"},"content":"if \"%ERRORLEVEL%\"\u003d\u003d\"0\" goto mainEnd","lastModifiedDate":"2022-01-23"},{"lineNumber":79,"author":{"gitId":"badfr0g"},"content":"","lastModifiedDate":"2022-01-23"},{"lineNumber":80,"author":{"gitId":"badfr0g"},"content":":fail","lastModifiedDate":"2022-01-23"},{"lineNumber":81,"author":{"gitId":"badfr0g"},"content":"rem Set variable GRADLE_EXIT_CONSOLE if you need the _script_ return code instead of","lastModifiedDate":"2022-01-23"},{"lineNumber":82,"author":{"gitId":"badfr0g"},"content":"rem the _cmd.exe /c_ return code!","lastModifiedDate":"2022-01-23"},{"lineNumber":83,"author":{"gitId":"badfr0g"},"content":"if  not \"\" \u003d\u003d \"%GRADLE_EXIT_CONSOLE%\" exit 1","lastModifiedDate":"2022-01-23"},{"lineNumber":84,"author":{"gitId":"badfr0g"},"content":"exit /b 1","lastModifiedDate":"2022-01-23"},{"lineNumber":85,"author":{"gitId":"badfr0g"},"content":"","lastModifiedDate":"2022-01-23"},{"lineNumber":86,"author":{"gitId":"badfr0g"},"content":":mainEnd","lastModifiedDate":"2022-01-23"},{"lineNumber":87,"author":{"gitId":"badfr0g"},"content":"if \"%OS%\"\u003d\u003d\"Windows_NT\" endlocal","lastModifiedDate":"2022-01-23"},{"lineNumber":88,"author":{"gitId":"badfr0g"},"content":"","lastModifiedDate":"2022-01-23"},{"lineNumber":89,"author":{"gitId":"badfr0g"},"content":":omega","lastModifiedDate":"2022-01-23"}],"authorContributionMap":{"badfr0g":89}},{"path":"src/main/java/duke/Duke.java","fileType":"java","lines":[{"lineNumber":1,"author":{"gitId":"-"},"content":"import duke.dukeUI.*;","lastModifiedDate":"2021-09-22"},{"lineNumber":2,"author":{"gitId":"-"},"content":"import duke.dukeTaskList.*;","lastModifiedDate":"2021-09-22"},{"lineNumber":3,"author":{"gitId":"-"},"content":"import duke.dukeStorage.*;","lastModifiedDate":"2021-09-22"},{"lineNumber":4,"author":{"gitId":"-"},"content":"import duke.dukeException.*;","lastModifiedDate":"2021-09-05"},{"lineNumber":5,"author":{"gitId":"-"},"content":"import duke.dukeUI.*;","lastModifiedDate":"2021-09-22"},{"lineNumber":6,"author":{"gitId":"-"},"content":"import duke.dukeTask.*;","lastModifiedDate":"2021-09-22"},{"lineNumber":7,"author":{"gitId":"-"},"content":"import duke.dukeCommand.*;","lastModifiedDate":"2021-09-22"},{"lineNumber":8,"author":{"gitId":"-"},"content":"import duke.dukeParser.*;","lastModifiedDate":"2021-09-22"},{"lineNumber":9,"author":{"gitId":"-"},"content":"import java.io.IOException;","lastModifiedDate":"2021-09-14"},{"lineNumber":10,"author":{"gitId":"-"},"content":"import java.io.FileNotFoundException;","lastModifiedDate":"2021-09-22"},{"lineNumber":11,"author":{"gitId":"-"},"content":"import java.text.ParseException;","lastModifiedDate":"2021-09-24"},{"lineNumber":12,"author":{"gitId":"-"},"content":"","lastModifiedDate":"2021-09-05"},{"lineNumber":13,"author":{"gitId":"-"},"content":"public class Duke{","lastModifiedDate":"2019-07-29"},{"lineNumber":14,"author":{"gitId":"-"},"content":"    private DukeStorage storage;","lastModifiedDate":"2021-09-22"},{"lineNumber":15,"author":{"gitId":"-"},"content":"    private DukeTaskList taskList;","lastModifiedDate":"2021-09-22"},{"lineNumber":16,"author":{"gitId":"-"},"content":"    private DukeUI ui;","lastModifiedDate":"2021-09-22"},{"lineNumber":17,"author":{"gitId":"-"},"content":"","lastModifiedDate":"2021-09-22"},{"lineNumber":18,"author":{"gitId":"-"},"content":"    public Duke(String filePath) {","lastModifiedDate":"2021-09-22"},{"lineNumber":19,"author":{"gitId":"-"},"content":"        ui \u003d new DukeUI();","lastModifiedDate":"2021-09-22"},{"lineNumber":20,"author":{"gitId":"-"},"content":"        storage \u003d new DukeStorage(filePath);","lastModifiedDate":"2021-09-22"},{"lineNumber":21,"author":{"gitId":"-"},"content":"        taskList \u003d new DukeTaskList();","lastModifiedDate":"2021-09-22"},{"lineNumber":22,"author":{"gitId":"-"},"content":"    }","lastModifiedDate":"2021-08-21"},{"lineNumber":23,"author":{"gitId":"-"},"content":"","lastModifiedDate":"2021-08-21"},{"lineNumber":24,"author":{"gitId":"-"},"content":"    public void run() {","lastModifiedDate":"2021-09-22"},{"lineNumber":25,"author":{"gitId":"-"},"content":"","lastModifiedDate":"2021-09-22"},{"lineNumber":26,"author":{"gitId":"-"},"content":"        ui.welcomeMessage();","lastModifiedDate":"2021-09-22"},{"lineNumber":27,"author":{"gitId":"-"},"content":"        try{","lastModifiedDate":"2021-09-14"},{"lineNumber":28,"author":{"gitId":"-"},"content":"            storage.readFile();","lastModifiedDate":"2021-09-22"},{"lineNumber":29,"author":{"gitId":"-"},"content":"        }catch(FileNotFoundException e){","lastModifiedDate":"2021-09-22"},{"lineNumber":30,"author":{"gitId":"-"},"content":"            System.out.println(e);","lastModifiedDate":"2021-09-22"},{"lineNumber":31,"author":{"gitId":"-"},"content":"        }catch(IOException e){","lastModifiedDate":"2021-09-22"},{"lineNumber":32,"author":{"gitId":"-"},"content":"            System.out.println(e);","lastModifiedDate":"2021-09-22"},{"lineNumber":33,"author":{"gitId":"-"},"content":"        }catch(ParseException e){","lastModifiedDate":"2021-09-24"},{"lineNumber":34,"author":{"gitId":"-"},"content":"            System.out.println(e);","lastModifiedDate":"2021-09-24"},{"lineNumber":35,"author":{"gitId":"-"},"content":"        }catch(DukeException e){","lastModifiedDate":"2021-09-24"},{"lineNumber":36,"author":{"gitId":"-"},"content":"            System.out.println(e);","lastModifiedDate":"2021-09-24"},{"lineNumber":37,"author":{"gitId":"-"},"content":"        }","lastModifiedDate":"2021-09-14"},{"lineNumber":38,"author":{"gitId":"-"},"content":"","lastModifiedDate":"2021-09-22"},{"lineNumber":39,"author":{"gitId":"-"},"content":"        while (true) {","lastModifiedDate":"2021-08-21"},{"lineNumber":40,"author":{"gitId":"-"},"content":"            try {","lastModifiedDate":"2021-09-10"},{"lineNumber":41,"author":{"gitId":"-"},"content":"                String fullCommand \u003d ui.readUserInput();","lastModifiedDate":"2021-09-22"},{"lineNumber":42,"author":{"gitId":"-"},"content":"                Command c \u003d DukeParser.parseInput(fullCommand);","lastModifiedDate":"2021-09-22"},{"lineNumber":43,"author":{"gitId":"-"},"content":"                c.execute(taskList, ui, storage);","lastModifiedDate":"2021-09-22"},{"lineNumber":44,"author":{"gitId":"-"},"content":"            }catch (Exception e) {","lastModifiedDate":"2021-09-22"},{"lineNumber":45,"author":{"gitId":"-"},"content":"                ui.showError(e.getMessage());","lastModifiedDate":"2021-09-22"},{"lineNumber":46,"author":{"gitId":"-"},"content":"            }","lastModifiedDate":"2021-09-14"},{"lineNumber":47,"author":{"gitId":"-"},"content":"        }","lastModifiedDate":"2021-09-05"},{"lineNumber":48,"author":{"gitId":"-"},"content":"","lastModifiedDate":"2021-09-05"},{"lineNumber":49,"author":{"gitId":"-"},"content":"    }","lastModifiedDate":"2021-09-14"},{"lineNumber":50,"author":{"gitId":"-"},"content":"","lastModifiedDate":"2021-09-14"},{"lineNumber":51,"author":{"gitId":"-"},"content":"    public static void main(String[] args) {","lastModifiedDate":"2021-09-22"},{"lineNumber":52,"author":{"gitId":"badfr0g"},"content":"        new Duke(\"taskList.txt\").run();","lastModifiedDate":"2022-01-29"},{"lineNumber":53,"author":{"gitId":"-"},"content":"    }","lastModifiedDate":"2021-09-14"},{"lineNumber":54,"author":{"gitId":"-"},"content":"}","lastModifiedDate":"2021-08-21"}],"authorContributionMap":{"badfr0g":1,"-":53}},{"path":"src/main/java/duke/dukeCommand/DoneCommand.java","fileType":"java","lines":[{"lineNumber":1,"author":{"gitId":"-"},"content":"package duke.dukeCommand;","lastModifiedDate":"2021-09-22"},{"lineNumber":2,"author":{"gitId":"-"},"content":"import duke.dukeUI.*;","lastModifiedDate":"2021-09-22"},{"lineNumber":3,"author":{"gitId":"-"},"content":"import duke.dukeTaskList.*;","lastModifiedDate":"2021-09-22"},{"lineNumber":4,"author":{"gitId":"-"},"content":"import duke.dukeStorage.*;","lastModifiedDate":"2021-09-22"},{"lineNumber":5,"author":{"gitId":"-"},"content":"import duke.dukeException.*;","lastModifiedDate":"2021-09-22"},{"lineNumber":6,"author":{"gitId":"-"},"content":"import duke.dukeUI.*;","lastModifiedDate":"2021-09-22"},{"lineNumber":7,"author":{"gitId":"-"},"content":"import java.io.IOException;","lastModifiedDate":"2021-09-22"},{"lineNumber":8,"author":{"gitId":"-"},"content":"","lastModifiedDate":"2021-09-22"},{"lineNumber":9,"author":{"gitId":"-"},"content":"public class DoneCommand extends Command{","lastModifiedDate":"2021-09-22"},{"lineNumber":10,"author":{"gitId":"-"},"content":"","lastModifiedDate":"2021-09-22"},{"lineNumber":11,"author":{"gitId":"-"},"content":"    public DoneCommand(String input){","lastModifiedDate":"2021-09-22"},{"lineNumber":12,"author":{"gitId":"-"},"content":"        super(input);","lastModifiedDate":"2021-09-22"},{"lineNumber":13,"author":{"gitId":"-"},"content":"    }","lastModifiedDate":"2021-09-22"},{"lineNumber":14,"author":{"gitId":"-"},"content":"","lastModifiedDate":"2021-09-22"},{"lineNumber":15,"author":{"gitId":"-"},"content":"    @Override","lastModifiedDate":"2021-09-22"},{"lineNumber":16,"author":{"gitId":"-"},"content":"    public void execute(DukeTaskList taskList, DukeUI ui, DukeStorage storage) throws DukeException, IOException{","lastModifiedDate":"2021-09-22"},{"lineNumber":17,"author":{"gitId":"-"},"content":"        try{","lastModifiedDate":"2021-09-22"},{"lineNumber":18,"author":{"gitId":"-"},"content":"            DukeUI.donePrint();","lastModifiedDate":"2021-09-22"},{"lineNumber":19,"author":{"gitId":"-"},"content":"            DukeStorage.doneFunction(Integer.valueOf(input.trim())-1);","lastModifiedDate":"2021-09-25"},{"lineNumber":20,"author":{"gitId":"-"},"content":"            DukeStorage.changeIsDone(Integer.valueOf(input.trim())-1);","lastModifiedDate":"2021-09-25"},{"lineNumber":21,"author":{"gitId":"-"},"content":"        }catch (IndexOutOfBoundsException e){","lastModifiedDate":"2021-09-22"},{"lineNumber":22,"author":{"gitId":"badfr0g"},"content":"            throw new DukeException(\"OOPS!!! Please enter an index.\");","lastModifiedDate":"2022-01-29"},{"lineNumber":23,"author":{"gitId":"-"},"content":"        }","lastModifiedDate":"2021-09-22"},{"lineNumber":24,"author":{"gitId":"-"},"content":"        catch (NullPointerException e){","lastModifiedDate":"2021-09-22"},{"lineNumber":25,"author":{"gitId":"badfr0g"},"content":"            throw new DukeException(\"OOPS!!! The index you have key in dose not exist.\");","lastModifiedDate":"2022-01-29"},{"lineNumber":26,"author":{"gitId":"-"},"content":"        }catch(IOException e1){","lastModifiedDate":"2021-09-22"},{"lineNumber":27,"author":{"gitId":"-"},"content":"            e1.printStackTrace();","lastModifiedDate":"2021-09-22"},{"lineNumber":28,"author":{"gitId":"-"},"content":"        }","lastModifiedDate":"2021-09-22"},{"lineNumber":29,"author":{"gitId":"-"},"content":"","lastModifiedDate":"2021-09-22"},{"lineNumber":30,"author":{"gitId":"-"},"content":"    }","lastModifiedDate":"2021-09-22"},{"lineNumber":31,"author":{"gitId":"-"},"content":"","lastModifiedDate":"2021-09-22"},{"lineNumber":32,"author":{"gitId":"-"},"content":"}","lastModifiedDate":"2021-09-22"}],"authorContributionMap":{"badfr0g":2,"-":30}},{"path":"src/main/java/duke/dukeStorage/DukeStorage.java","fileType":"java","lines":[{"lineNumber":1,"author":{"gitId":"-"},"content":"package duke.dukeStorage;","lastModifiedDate":"2021-09-22"},{"lineNumber":2,"author":{"gitId":"-"},"content":"","lastModifiedDate":"2021-09-22"},{"lineNumber":3,"author":{"gitId":"-"},"content":"import java.util.ArrayList;","lastModifiedDate":"2021-09-22"},{"lineNumber":4,"author":{"gitId":"-"},"content":"import java.util.Date;","lastModifiedDate":"2021-09-24"},{"lineNumber":5,"author":{"gitId":"-"},"content":"import java.io.File;","lastModifiedDate":"2021-09-22"},{"lineNumber":6,"author":{"gitId":"-"},"content":"import java.io.FileReader;","lastModifiedDate":"2021-09-22"},{"lineNumber":7,"author":{"gitId":"-"},"content":"import java.io.BufferedReader;","lastModifiedDate":"2021-09-22"},{"lineNumber":8,"author":{"gitId":"-"},"content":"import java.io.FileWriter;","lastModifiedDate":"2021-09-22"},{"lineNumber":9,"author":{"gitId":"-"},"content":"import java.io.PrintWriter;","lastModifiedDate":"2021-09-22"},{"lineNumber":10,"author":{"gitId":"-"},"content":"import java.io.IOException;","lastModifiedDate":"2021-09-22"},{"lineNumber":11,"author":{"gitId":"-"},"content":"import java.io.FileOutputStream;","lastModifiedDate":"2021-09-22"},{"lineNumber":12,"author":{"gitId":"-"},"content":"import java.io.FileNotFoundException;","lastModifiedDate":"2021-09-22"},{"lineNumber":13,"author":{"gitId":"-"},"content":"import java.text.ParseException;","lastModifiedDate":"2021-09-24"},{"lineNumber":14,"author":{"gitId":"-"},"content":"import duke.dukeCommand.*;","lastModifiedDate":"2021-09-22"},{"lineNumber":15,"author":{"gitId":"-"},"content":"import duke.dukeTask.*;","lastModifiedDate":"2021-09-22"},{"lineNumber":16,"author":{"gitId":"-"},"content":"import duke.dukeTaskList.*;","lastModifiedDate":"2021-09-22"},{"lineNumber":17,"author":{"gitId":"-"},"content":"import duke.dukeException.*;","lastModifiedDate":"2021-09-24"},{"lineNumber":18,"author":{"gitId":"-"},"content":"","lastModifiedDate":"2021-09-22"},{"lineNumber":19,"author":{"gitId":"-"},"content":"public class DukeStorage {","lastModifiedDate":"2021-09-22"},{"lineNumber":20,"author":{"gitId":"-"},"content":"","lastModifiedDate":"2021-09-22"},{"lineNumber":21,"author":{"gitId":"-"},"content":"    private static String file_path;","lastModifiedDate":"2021-09-22"},{"lineNumber":22,"author":{"gitId":"-"},"content":"    private BufferedReader fileRead;","lastModifiedDate":"2021-09-22"},{"lineNumber":23,"author":{"gitId":"-"},"content":"    private File file;","lastModifiedDate":"2021-09-22"},{"lineNumber":24,"author":{"gitId":"-"},"content":"","lastModifiedDate":"2021-09-22"},{"lineNumber":25,"author":{"gitId":"-"},"content":"    public DukeStorage(String path){","lastModifiedDate":"2021-09-22"},{"lineNumber":26,"author":{"gitId":"-"},"content":"        file_path \u003d path;","lastModifiedDate":"2021-09-22"},{"lineNumber":27,"author":{"gitId":"-"},"content":"        try{","lastModifiedDate":"2021-09-22"},{"lineNumber":28,"author":{"gitId":"-"},"content":"            fileRead \u003d new BufferedReader(new FileReader(file_path));","lastModifiedDate":"2021-09-22"},{"lineNumber":29,"author":{"gitId":"-"},"content":"            fileRead.close();","lastModifiedDate":"2021-09-22"},{"lineNumber":30,"author":{"gitId":"-"},"content":"        }","lastModifiedDate":"2021-09-22"},{"lineNumber":31,"author":{"gitId":"-"},"content":"        catch (FileNotFoundException e){","lastModifiedDate":"2021-09-22"},{"lineNumber":32,"author":{"gitId":"-"},"content":"            createFile();","lastModifiedDate":"2021-09-22"},{"lineNumber":33,"author":{"gitId":"-"},"content":"        }catch(IOException e1){","lastModifiedDate":"2021-09-22"},{"lineNumber":34,"author":{"gitId":"-"},"content":"            e1.printStackTrace();","lastModifiedDate":"2021-09-22"},{"lineNumber":35,"author":{"gitId":"-"},"content":"        }","lastModifiedDate":"2021-09-22"},{"lineNumber":36,"author":{"gitId":"-"},"content":"","lastModifiedDate":"2021-09-22"},{"lineNumber":37,"author":{"gitId":"-"},"content":"    }","lastModifiedDate":"2021-09-22"},{"lineNumber":38,"author":{"gitId":"-"},"content":"","lastModifiedDate":"2021-09-22"},{"lineNumber":39,"author":{"gitId":"-"},"content":"    public void createFile(){","lastModifiedDate":"2021-09-22"},{"lineNumber":40,"author":{"gitId":"-"},"content":"        try {","lastModifiedDate":"2021-09-22"},{"lineNumber":41,"author":{"gitId":"-"},"content":"            if(file.getParentFile().mkdirs()){","lastModifiedDate":"2021-09-22"},{"lineNumber":42,"author":{"gitId":"-"},"content":"            }","lastModifiedDate":"2021-09-22"},{"lineNumber":43,"author":{"gitId":"-"},"content":"            if(file.createNewFile()){","lastModifiedDate":"2021-09-22"},{"lineNumber":44,"author":{"gitId":"-"},"content":"            }","lastModifiedDate":"2021-09-22"},{"lineNumber":45,"author":{"gitId":"-"},"content":"        }","lastModifiedDate":"2021-09-22"},{"lineNumber":46,"author":{"gitId":"-"},"content":"        catch(IOException e){","lastModifiedDate":"2021-09-22"},{"lineNumber":47,"author":{"gitId":"-"},"content":"            new IOException(\"The file \" + file.getAbsolutePath() + \" is unable to be create.\");","lastModifiedDate":"2021-09-22"},{"lineNumber":48,"author":{"gitId":"-"},"content":"        }","lastModifiedDate":"2021-09-22"},{"lineNumber":49,"author":{"gitId":"-"},"content":"    }","lastModifiedDate":"2021-09-22"},{"lineNumber":50,"author":{"gitId":"-"},"content":"","lastModifiedDate":"2021-09-22"},{"lineNumber":51,"author":{"gitId":"-"},"content":"    public static void deleteFromFile(int taskIndex) throws IOException {","lastModifiedDate":"2021-09-22"},{"lineNumber":52,"author":{"gitId":"-"},"content":"        FileWriter fileWriter \u003d new FileWriter(file_path, true);","lastModifiedDate":"2021-09-22"},{"lineNumber":53,"author":{"gitId":"-"},"content":"        BufferedReader fileRead \u003d new BufferedReader(new FileReader(file_path));","lastModifiedDate":"2021-09-22"},{"lineNumber":54,"author":{"gitId":"-"},"content":"        PrintWriter printWriter \u003d new PrintWriter(fileWriter);","lastModifiedDate":"2021-09-22"},{"lineNumber":55,"author":{"gitId":"-"},"content":"        StringBuffer inputBuffer \u003d new StringBuffer();","lastModifiedDate":"2021-09-22"},{"lineNumber":56,"author":{"gitId":"-"},"content":"        String line \u003d \"\";","lastModifiedDate":"2021-09-22"},{"lineNumber":57,"author":{"gitId":"-"},"content":"        for(int i \u003d 0; i \u003c DukeTaskList.getSize(); i++ ){","lastModifiedDate":"2021-09-22"},{"lineNumber":58,"author":{"gitId":"-"},"content":"            line \u003d fileRead.readLine();","lastModifiedDate":"2021-09-22"},{"lineNumber":59,"author":{"gitId":"-"},"content":"            if(i !\u003d taskIndex){","lastModifiedDate":"2021-09-22"},{"lineNumber":60,"author":{"gitId":"-"},"content":"                // keep all other task other than deleted task","lastModifiedDate":"2021-09-22"},{"lineNumber":61,"author":{"gitId":"-"},"content":"                inputBuffer.append(line);","lastModifiedDate":"2021-09-22"},{"lineNumber":62,"author":{"gitId":"-"},"content":"                inputBuffer.append(\u0027\\n\u0027);","lastModifiedDate":"2021-09-22"},{"lineNumber":63,"author":{"gitId":"-"},"content":"            }","lastModifiedDate":"2021-09-22"},{"lineNumber":64,"author":{"gitId":"-"},"content":"        }","lastModifiedDate":"2021-09-22"},{"lineNumber":65,"author":{"gitId":"-"},"content":"        FileOutputStream fileOut \u003d new FileOutputStream(file_path);","lastModifiedDate":"2021-09-22"},{"lineNumber":66,"author":{"gitId":"-"},"content":"        fileOut.write(inputBuffer.toString().getBytes());","lastModifiedDate":"2021-09-22"},{"lineNumber":67,"author":{"gitId":"-"},"content":"        fileWriter.close();","lastModifiedDate":"2021-09-22"},{"lineNumber":68,"author":{"gitId":"-"},"content":"        fileRead.close();","lastModifiedDate":"2021-09-22"},{"lineNumber":69,"author":{"gitId":"-"},"content":"        printWriter.close();","lastModifiedDate":"2021-09-22"},{"lineNumber":70,"author":{"gitId":"-"},"content":"        fileOut.close();","lastModifiedDate":"2021-09-22"},{"lineNumber":71,"author":{"gitId":"-"},"content":"    }","lastModifiedDate":"2021-09-22"},{"lineNumber":72,"author":{"gitId":"-"},"content":"","lastModifiedDate":"2021-09-22"},{"lineNumber":73,"author":{"gitId":"-"},"content":"    public static void saveFunction(Task description){","lastModifiedDate":"2021-09-22"},{"lineNumber":74,"author":{"gitId":"-"},"content":"        DukeTaskList.addList(description);","lastModifiedDate":"2021-09-22"},{"lineNumber":75,"author":{"gitId":"-"},"content":"        System.out.println(\"Got it. I\u0027ve added this task:\");","lastModifiedDate":"2021-09-22"},{"lineNumber":76,"author":{"gitId":"-"},"content":"        System.out.println(\"   \" + description);","lastModifiedDate":"2021-09-22"},{"lineNumber":77,"author":{"gitId":"-"},"content":"        System.out.println(\"Now you have \" + DukeTaskList.getSize() + \" tasks in the list.\");","lastModifiedDate":"2021-09-22"},{"lineNumber":78,"author":{"gitId":"-"},"content":"    }","lastModifiedDate":"2021-09-22"},{"lineNumber":79,"author":{"gitId":"-"},"content":"","lastModifiedDate":"2021-09-22"},{"lineNumber":80,"author":{"gitId":"-"},"content":"    public static void deleteFunction(int listLocation){","lastModifiedDate":"2021-09-22"},{"lineNumber":81,"author":{"gitId":"-"},"content":"        System.out.println(\"Noted. I\u0027ve removed this task:\");","lastModifiedDate":"2021-09-22"},{"lineNumber":82,"author":{"gitId":"-"},"content":"        System.out.println(\"   \" + DukeTaskList.getTask(listLocation).toString());","lastModifiedDate":"2021-09-22"},{"lineNumber":83,"author":{"gitId":"-"},"content":"        DukeTaskList.deleteList(listLocation);","lastModifiedDate":"2021-09-22"},{"lineNumber":84,"author":{"gitId":"-"},"content":"        System.out.println(\"Now you have \" + DukeTaskList.getSize() + \" tasks in the list.\");","lastModifiedDate":"2021-09-25"},{"lineNumber":85,"author":{"gitId":"-"},"content":"    }","lastModifiedDate":"2021-09-22"},{"lineNumber":86,"author":{"gitId":"-"},"content":"","lastModifiedDate":"2021-09-22"},{"lineNumber":87,"author":{"gitId":"-"},"content":"    public static void doneFunction(int listLocation){","lastModifiedDate":"2021-09-22"},{"lineNumber":88,"author":{"gitId":"-"},"content":"        Task t \u003d DukeTaskList.getTask(listLocation);","lastModifiedDate":"2021-09-22"},{"lineNumber":89,"author":{"gitId":"-"},"content":"        t.markAsDone();","lastModifiedDate":"2021-09-22"},{"lineNumber":90,"author":{"gitId":"-"},"content":"        System.out.println(\"    \" + t.toString()) ;","lastModifiedDate":"2021-09-22"},{"lineNumber":91,"author":{"gitId":"-"},"content":"    }","lastModifiedDate":"2021-09-22"},{"lineNumber":92,"author":{"gitId":"-"},"content":"","lastModifiedDate":"2021-09-22"},{"lineNumber":93,"author":{"gitId":"-"},"content":"    public static void changeIsDone(int taskIndex) throws IOException {","lastModifiedDate":"2021-09-22"},{"lineNumber":94,"author":{"gitId":"-"},"content":"        FileWriter fileWriter \u003d new FileWriter(file_path, true);","lastModifiedDate":"2021-09-22"},{"lineNumber":95,"author":{"gitId":"-"},"content":"        BufferedReader fileRead \u003d new BufferedReader(new FileReader(file_path));","lastModifiedDate":"2021-09-22"},{"lineNumber":96,"author":{"gitId":"-"},"content":"        PrintWriter printWriter \u003d new PrintWriter(fileWriter);","lastModifiedDate":"2021-09-22"},{"lineNumber":97,"author":{"gitId":"-"},"content":"        StringBuffer inputBuffer \u003d new StringBuffer();","lastModifiedDate":"2021-09-22"},{"lineNumber":98,"author":{"gitId":"-"},"content":"        String line \u003d \"\";","lastModifiedDate":"2021-09-22"},{"lineNumber":99,"author":{"gitId":"-"},"content":"        for(int i \u003d 0; i \u003c DukeTaskList.getSize(); i++ ){","lastModifiedDate":"2021-09-22"},{"lineNumber":100,"author":{"gitId":"-"},"content":"            line \u003d fileRead.readLine();","lastModifiedDate":"2021-09-22"},{"lineNumber":101,"author":{"gitId":"-"},"content":"            if(i \u003d\u003d taskIndex){","lastModifiedDate":"2021-09-22"},{"lineNumber":102,"author":{"gitId":"-"},"content":"                // change task to done in txt file","lastModifiedDate":"2021-09-22"},{"lineNumber":103,"author":{"gitId":"-"},"content":"                String[] splitLine \u003d line.split(\" \\\\| \");","lastModifiedDate":"2021-09-22"},{"lineNumber":104,"author":{"gitId":"-"},"content":"                String changeToDone \u003d \"\";","lastModifiedDate":"2021-09-22"},{"lineNumber":105,"author":{"gitId":"-"},"content":"                for(int k \u003d 0; k \u003c splitLine.length; k++){","lastModifiedDate":"2021-09-22"},{"lineNumber":106,"author":{"gitId":"-"},"content":"                    if(k \u003d\u003d splitLine.length-1){","lastModifiedDate":"2021-09-22"},{"lineNumber":107,"author":{"gitId":"-"},"content":"                        changeToDone +\u003d splitLine[k];","lastModifiedDate":"2021-09-22"},{"lineNumber":108,"author":{"gitId":"-"},"content":"                    }else if (k \u003d\u003d 1){","lastModifiedDate":"2021-09-22"},{"lineNumber":109,"author":{"gitId":"-"},"content":"                        changeToDone +\u003d \"1\" + \" | \";","lastModifiedDate":"2021-09-22"},{"lineNumber":110,"author":{"gitId":"-"},"content":"                    }else{","lastModifiedDate":"2021-09-22"},{"lineNumber":111,"author":{"gitId":"-"},"content":"                        changeToDone +\u003d splitLine[k] + \" | \";","lastModifiedDate":"2021-09-22"},{"lineNumber":112,"author":{"gitId":"-"},"content":"                    }","lastModifiedDate":"2021-09-22"},{"lineNumber":113,"author":{"gitId":"-"},"content":"","lastModifiedDate":"2021-09-22"},{"lineNumber":114,"author":{"gitId":"-"},"content":"                }","lastModifiedDate":"2021-09-22"},{"lineNumber":115,"author":{"gitId":"-"},"content":"                inputBuffer.append(changeToDone);","lastModifiedDate":"2021-09-22"},{"lineNumber":116,"author":{"gitId":"-"},"content":"            }else{","lastModifiedDate":"2021-09-22"},{"lineNumber":117,"author":{"gitId":"-"},"content":"                inputBuffer.append(line);","lastModifiedDate":"2021-09-22"},{"lineNumber":118,"author":{"gitId":"-"},"content":"            }","lastModifiedDate":"2021-09-22"},{"lineNumber":119,"author":{"gitId":"-"},"content":"            inputBuffer.append(\u0027\\n\u0027);","lastModifiedDate":"2021-09-22"},{"lineNumber":120,"author":{"gitId":"-"},"content":"        }","lastModifiedDate":"2021-09-22"},{"lineNumber":121,"author":{"gitId":"-"},"content":"        FileOutputStream fileOut \u003d new FileOutputStream(file_path);","lastModifiedDate":"2021-09-22"},{"lineNumber":122,"author":{"gitId":"-"},"content":"        fileOut.write(inputBuffer.toString().getBytes());","lastModifiedDate":"2021-09-22"},{"lineNumber":123,"author":{"gitId":"-"},"content":"        fileWriter.close();","lastModifiedDate":"2021-09-22"},{"lineNumber":124,"author":{"gitId":"-"},"content":"        fileRead.close();","lastModifiedDate":"2021-09-22"},{"lineNumber":125,"author":{"gitId":"-"},"content":"        printWriter.close();","lastModifiedDate":"2021-09-22"},{"lineNumber":126,"author":{"gitId":"-"},"content":"        fileOut.close();","lastModifiedDate":"2021-09-22"},{"lineNumber":127,"author":{"gitId":"-"},"content":"    }","lastModifiedDate":"2021-09-22"},{"lineNumber":128,"author":{"gitId":"-"},"content":"","lastModifiedDate":"2021-09-22"},{"lineNumber":129,"author":{"gitId":"-"},"content":"    /**","lastModifiedDate":"2021-09-22"},{"lineNumber":130,"author":{"gitId":"-"},"content":"     * Save file","lastModifiedDate":"2021-09-22"},{"lineNumber":131,"author":{"gitId":"-"},"content":"     */","lastModifiedDate":"2021-09-22"},{"lineNumber":132,"author":{"gitId":"-"},"content":"     public static void saveToFile(String taskClass, String description, String date) throws IOException {","lastModifiedDate":"2021-09-22"},{"lineNumber":133,"author":{"gitId":"-"},"content":"         FileWriter fileWriter \u003d new FileWriter(file_path, true);","lastModifiedDate":"2021-09-22"},{"lineNumber":134,"author":{"gitId":"-"},"content":"         PrintWriter printWriter \u003d new PrintWriter(fileWriter);","lastModifiedDate":"2021-09-22"},{"lineNumber":135,"author":{"gitId":"-"},"content":"         String taskData \u003d taskClass + \" | \" + \"0\" + \" | \" + description;","lastModifiedDate":"2021-09-22"},{"lineNumber":136,"author":{"gitId":"-"},"content":"         if (taskClass \u003d\u003d \"T\"){","lastModifiedDate":"2021-09-24"},{"lineNumber":137,"author":{"gitId":"-"},"content":"             printWriter.println(taskData);  //New line","lastModifiedDate":"2021-09-22"},{"lineNumber":138,"author":{"gitId":"-"},"content":"         }else{","lastModifiedDate":"2021-09-22"},{"lineNumber":139,"author":{"gitId":"-"},"content":"             taskData \u003d taskData + \" | \" + date;","lastModifiedDate":"2021-09-22"},{"lineNumber":140,"author":{"gitId":"-"},"content":"             printWriter.println(taskData);  //New line","lastModifiedDate":"2021-09-22"},{"lineNumber":141,"author":{"gitId":"-"},"content":"         }","lastModifiedDate":"2021-09-22"},{"lineNumber":142,"author":{"gitId":"-"},"content":"         fileWriter.close();","lastModifiedDate":"2021-09-22"},{"lineNumber":143,"author":{"gitId":"-"},"content":"         printWriter.close();","lastModifiedDate":"2021-09-22"},{"lineNumber":144,"author":{"gitId":"-"},"content":"     }","lastModifiedDate":"2021-09-22"},{"lineNumber":145,"author":{"gitId":"-"},"content":"","lastModifiedDate":"2021-09-22"},{"lineNumber":146,"author":{"gitId":"-"},"content":"    /**","lastModifiedDate":"2021-09-22"},{"lineNumber":147,"author":{"gitId":"-"},"content":"     * Read file","lastModifiedDate":"2021-09-22"},{"lineNumber":148,"author":{"gitId":"-"},"content":"     */","lastModifiedDate":"2021-09-22"},{"lineNumber":149,"author":{"gitId":"-"},"content":"    public void readFile() throws FileNotFoundException, IOException, ParseException, DukeException {","lastModifiedDate":"2021-09-24"},{"lineNumber":150,"author":{"gitId":"-"},"content":"        DukeTaskList taskList \u003d new DukeTaskList();","lastModifiedDate":"2021-09-22"},{"lineNumber":151,"author":{"gitId":"-"},"content":"        BufferedReader fileRead \u003d new BufferedReader(new FileReader(file_path));","lastModifiedDate":"2021-09-22"},{"lineNumber":152,"author":{"gitId":"-"},"content":"        String line \u003d fileRead.readLine();","lastModifiedDate":"2021-09-22"},{"lineNumber":153,"author":{"gitId":"-"},"content":"        while(line !\u003d null){","lastModifiedDate":"2021-09-22"},{"lineNumber":154,"author":{"gitId":"-"},"content":"            String[] splitLine \u003d line.split(\" \\\\| \");","lastModifiedDate":"2021-09-22"},{"lineNumber":155,"author":{"gitId":"-"},"content":"            switch(splitLine[0]){","lastModifiedDate":"2021-09-22"},{"lineNumber":156,"author":{"gitId":"-"},"content":"                case \"E\":","lastModifiedDate":"2021-09-22"},{"lineNumber":157,"author":{"gitId":"-"},"content":"                    Event newEvent \u003d new Event(splitLine[2], DeadlineCommand.convertDateTime(splitLine[3]));","lastModifiedDate":"2021-09-24"},{"lineNumber":158,"author":{"gitId":"-"},"content":"                    if(splitLine[1].equals(\"1\")){","lastModifiedDate":"2021-09-22"},{"lineNumber":159,"author":{"gitId":"-"},"content":"                        newEvent.markAsDone();","lastModifiedDate":"2021-09-22"},{"lineNumber":160,"author":{"gitId":"-"},"content":"                    }","lastModifiedDate":"2021-09-22"},{"lineNumber":161,"author":{"gitId":"-"},"content":"                    taskList.addList(newEvent);","lastModifiedDate":"2021-09-22"},{"lineNumber":162,"author":{"gitId":"-"},"content":"                    break;","lastModifiedDate":"2021-09-22"},{"lineNumber":163,"author":{"gitId":"-"},"content":"                case \"D\":","lastModifiedDate":"2021-09-22"},{"lineNumber":164,"author":{"gitId":"-"},"content":"                    try{","lastModifiedDate":"2021-09-24"},{"lineNumber":165,"author":{"gitId":"-"},"content":"                        Deadline newDeadline \u003d new Deadline(splitLine[2], DeadlineCommand.convertDateTime(splitLine[3]));","lastModifiedDate":"2021-09-24"},{"lineNumber":166,"author":{"gitId":"-"},"content":"                        if(splitLine[1].equals(\"1\")){","lastModifiedDate":"2021-09-22"},{"lineNumber":167,"author":{"gitId":"-"},"content":"                            newDeadline.markAsDone();","lastModifiedDate":"2021-09-22"},{"lineNumber":168,"author":{"gitId":"-"},"content":"                        }","lastModifiedDate":"2021-09-22"},{"lineNumber":169,"author":{"gitId":"-"},"content":"                        taskList.addList(newDeadline);","lastModifiedDate":"2021-09-22"},{"lineNumber":170,"author":{"gitId":"-"},"content":"                    }catch(ParseException e){","lastModifiedDate":"2021-09-24"},{"lineNumber":171,"author":{"gitId":"-"},"content":"                        System.out.println(\"please key in the correct date time\");","lastModifiedDate":"2021-09-24"},{"lineNumber":172,"author":{"gitId":"-"},"content":"                    }catch(DukeException e){","lastModifiedDate":"2021-09-24"},{"lineNumber":173,"author":{"gitId":"badfr0g"},"content":"                        throw new DukeException(\"OOPS!!! Please check deadline command that you have key in is in correct format.\");","lastModifiedDate":"2022-01-29"},{"lineNumber":174,"author":{"gitId":"-"},"content":"                    }","lastModifiedDate":"2021-09-24"},{"lineNumber":175,"author":{"gitId":"-"},"content":"","lastModifiedDate":"2021-09-24"},{"lineNumber":176,"author":{"gitId":"-"},"content":"","lastModifiedDate":"2021-09-24"},{"lineNumber":177,"author":{"gitId":"-"},"content":"                    break;","lastModifiedDate":"2021-09-22"},{"lineNumber":178,"author":{"gitId":"-"},"content":"                case \"T\":","lastModifiedDate":"2021-09-22"},{"lineNumber":179,"author":{"gitId":"-"},"content":"                    Todo newTodo \u003d new Todo(splitLine[2]);","lastModifiedDate":"2021-09-22"},{"lineNumber":180,"author":{"gitId":"-"},"content":"                    if(splitLine[1].equals(\"1\")){","lastModifiedDate":"2021-09-22"},{"lineNumber":181,"author":{"gitId":"-"},"content":"                        newTodo.markAsDone();","lastModifiedDate":"2021-09-22"},{"lineNumber":182,"author":{"gitId":"-"},"content":"                    }","lastModifiedDate":"2021-09-22"},{"lineNumber":183,"author":{"gitId":"-"},"content":"                    taskList.addList(newTodo);","lastModifiedDate":"2021-09-22"},{"lineNumber":184,"author":{"gitId":"-"},"content":"            }","lastModifiedDate":"2021-09-22"},{"lineNumber":185,"author":{"gitId":"-"},"content":"            line \u003d fileRead.readLine();","lastModifiedDate":"2021-09-22"},{"lineNumber":186,"author":{"gitId":"-"},"content":"        }","lastModifiedDate":"2021-09-22"},{"lineNumber":187,"author":{"gitId":"-"},"content":"        fileRead.close();","lastModifiedDate":"2021-09-22"},{"lineNumber":188,"author":{"gitId":"-"},"content":"    }","lastModifiedDate":"2021-09-22"},{"lineNumber":189,"author":{"gitId":"-"},"content":"}","lastModifiedDate":"2021-09-22"}],"authorContributionMap":{"badfr0g":1,"-":188}}]
