{"authorDailyContributionsMap":{"badfr0g":[{"date":"2022-01-23","commitResults":[{"hash":"ce7fb13d52d5335941c4b20e073da60173cf9e65","messageTitle":"A-gradle","messageBody":"","fileTypesAndContributionMap":{"gradle":{"insertions":46,"deletions":0},"bat":{"insertions":89,"deletions":0}}}]},{"date":"2022-01-29","commitResults":[{"hash":"c2af78b1a5da795b78c8adc4a38796815015dde5","messageTitle":"update list.txt file","messageBody":"","fileTypesAndContributionMap":{"gradle":{"insertions":1,"deletions":1},"txt":{"insertions":0,"deletions":0},"java":{"insertions":4,"deletions":5}}}]}]},"authorFileTypeContributionMap":{"badfr0g":{"java":4,"md":0,"fxml":0,"sh":0,"bat":89,"gradle":46,"txt":0}},"authorContributionVariance":{"badfr0g":864.00964},"authorDisplayNameMap":{"badfr0g":"TIC4002-F18-2 JOSE..YANG"}}
