{"authorDailyContributionsMap":{"badfr0g":[{"date":"2022-01-23","commitResults":[{"hash":"ce7fb13d52d5335941c4b20e073da60173cf9e65","messageTitle":"A-gradle","messageBody":"","fileTypesAndContributionMap":{"gradle":{"insertions":46,"deletions":0},"bat":{"insertions":89,"deletions":0}}}]}]},"authorFileTypeContributionMap":{"badfr0g":{"java":0,"md":0,"fxml":0,"sh":0,"bat":89,"gradle":46,"txt":0}},"authorContributionVariance":{"badfr0g":1208.8009},"authorDisplayNameMap":{"badfr0g":"TIC4002-F18-2 JOSE..YANG"}}
